dataset,available_mask,available_modalities,available_count,n_test,reference_nll,valid_oracle_nll,reference_regret,reference_oracle_rate,oracle_single_rate,oracle_pair_rate,oracle_full_available_rate
MOSI,001,vision,1,656,0.6911998987197876,0.6911998987197876,0.0,1.0,1.0,0.0,1.0
MOSI,010,audio,1,656,0.7031605243682861,0.7031605243682861,0.0,1.0,1.0,0.0,1.0
MOSI,011,audio+vision,2,656,0.6889973878860474,0.5948826670646667,0.0941147655248642,0.2088414634146341,0.7911585365853658,0.2088414634146341,0.2088414634146341
MOSI,100,text,1,656,0.4510440230369568,0.4510440230369568,0.0,1.0,1.0,0.0,1.0
MOSI,101,text+vision,2,656,0.4491024911403656,0.3356342911720276,0.11346818506717679,0.3201219512195122,0.6798780487804879,0.3201219512195122,0.3201219512195122
MOSI,110,text+audio,2,656,0.4527697265148163,0.3314444422721863,0.1213253065943718,0.3094512195121951,0.6905487804878049,0.3094512195121951,0.3094512195121951
MOSI,111,text+audio+vision,3,656,0.4504459798336029,0.3072232007980346,0.1432228088378906,0.1463414634146341,0.5533536585365854,0.3003048780487805,0.1463414634146341
MOSEI,001,vision,1,3634,0.6400564908981323,0.6400564908981323,0.0,1.0,1.0,0.0,1.0
MOSEI,010,audio,1,3634,0.6402825117111206,0.6402825117111206,0.0,1.0,1.0,0.0,1.0
MOSEI,011,audio+vision,2,3634,0.6263290643692017,0.53244549036026,0.09388355165719979,0.18381948266373138,0.8161805173362686,0.18381948266373138,0.18381948266373138
MOSEI,100,text,1,3634,0.3601430356502533,0.3601430356502533,0.0,1.0,1.0,0.0,1.0
MOSEI,101,text+vision,2,3634,0.3563854396343231,0.2305710613727569,0.1258143782615661,0.3968079251513484,0.6031920748486517,0.3968079251513484,0.3968079251513484
MOSEI,110,text+audio,2,3634,0.3577688336372375,0.2356568276882171,0.1221120059490203,0.3461750137589433,0.6538249862410567,0.3461750137589433,0.3461750137589433
MOSEI,111,text+audio+vision,3,3634,0.3555651009082794,0.2115663588047027,0.1439987272024154,0.1290588882773803,0.4680792515134838,0.4028618602091359,0.1290588882773803
CREMA-D,01,audio,1,7442,1.1400271912586686,1.1400271912586686,0.0,1.0,1.0,0.0,1.0
CREMA-D,10,visual,1,7442,1.4040693559815762,1.4040693559815762,0.0,1.0,1.0,0.0,1.0
CREMA-D,11,visual+audio,2,7442,0.9738392500315454,0.7059425883429629,0.2678966677315419,0.5432679387261489,0.45673206127385113,0.5432679387261489,0.5432679387261489
AV-MNIST,01,audio,1,3600,0.4501252472400665,0.4501252472400665,0.0,1.0,1.0,0.0,1.0
AV-MNIST,10,image,1,3600,0.1626617163419723,0.1626617163419723,0.0,1.0,1.0,0.0,1.0
AV-MNIST,11,image+audio,2,3600,0.0277983341366052,0.0182633139193058,0.0095350220799446,0.9572222222222222,0.0427777777777777,0.9572222222222222,0.9572222222222222
