backbone,variant,ensemble_nll_gain,nll_ci_low,nll_ci_high,ensemble_accuracy_gain,accuracy_ci_low,accuracy_ci_high,groups,repetitions
concat,analytic,0.0020535665098577738,-0.00039019231881780715,0.004399717626465239,0.006097560975609756,-0.003650137279849996,0.01585014409221902,31,10000
concat,anchored_router,0.004999704658985138,0.002133739756654027,0.007804722426054704,0.007621951219512195,-0.002881844380403458,0.017663043478260868,31,10000
concat,complete_rcg,0.0030470446217805147,0.0005185259170132833,0.005471803018835437,0.010670731707317074,0.0014903129657228018,0.02009273570324575,31,10000
i2moe,analytic,0.005174126476049423,0.001303292799374181,0.009023408290067928,0.009146341463414634,0.001488095238095238,0.018151877593205613,31,10000
i2moe,anchored_router,0.007049144711345434,0.003027280657850314,0.011272286603290792,0.01676829268292683,0.004885993485342019,0.02894405642229359,31,10000
i2moe,complete_rcg,0.007617108523845673,0.003421991221347602,0.011955509408495175,0.013719512195121951,0.006015037593984963,0.021572168539162287,31,10000
pdf,analytic,0.0009752896148711443,-0.0026274833806005267,0.004619467693397926,0.007621951219512195,-0.0016420361247947454,0.016871327431337523,31,10000
pdf,anchored_router,0.0004916049656458199,-0.0007303250232466904,0.0016954977618336069,0.0,-0.006369426751592357,0.0061068702290076335,31,10000
pdf,complete_rcg,0.0003874906979035586,-0.0005404890835759979,0.0013116492799105978,0.0,-0.006230529595015576,0.006153846153846154,31,10000
qmf,analytic,0.010887997224926949,0.0024827802741974225,0.022286068232051818,0.0,-0.0121319130135203,0.012195121951219513,31,10000
qmf,anchored_router,0.005454654339700937,0.0010456440041157534,0.011577826956449402,-0.001524390243902439,-0.009873060648801129,0.0061633281972265025,31,10000
qmf,complete_rcg,0.004592053592205048,0.0009087767476831278,0.009963095312925423,0.0,-0.007587253414264037,0.007331378299120235,31,10000
tmc,analytic,0.0012248681159690022,-0.0008505759267591977,0.0033090649914622105,-0.003048780487804878,-0.007861944733323429,0.0,31,10000
tmc,anchored_router,0.00144231750164181,-0.0001291826218432439,0.0029946138620535008,-0.001524390243902439,-0.006981107897338264,0.0031446540880503146,31,10000
tmc,complete_rcg,0.0011021011741831899,-3.2009451626165405e-05,0.00224688767680394,-0.001524390243902439,-0.00684931506849315,0.0031397174254317113,31,10000
