fold,train_seed,mean_in_sample_loss,mean_oof_loss,oof_minus_in_sample_loss,oof_in_sample_loss_spearman
0,11,0.8416267037391663,1.2854934930801392,0.4438667595386505,0.6587046545789899
0,22,1.04361093044281,1.2854934930801392,0.24188266694545746,0.6512123001132749
0,33,0.7243328094482422,1.2854934930801392,0.561160683631897,0.5931146919150598
0,44,0.9770607948303223,1.2854934930801392,0.30843275785446167,0.6454320745828325
0,55,0.7958437204360962,1.2854934930801392,0.48964986205101013,0.6005454364458472
1,11,0.8185112476348877,1.2459704875946045,0.4274592399597168,0.6704518698045564
1,22,1.1766438484191895,1.2459704875946045,0.06932669878005981,0.6566111413987
1,33,1.018998146057129,1.2459704875946045,0.2269723117351532,0.7118878499850855
1,44,0.8841720819473267,1.2459704875946045,0.36179840564727783,0.670016806612568
1,55,0.8929684162139893,1.2459704875946045,0.35300213098526,0.6613234130643464
2,11,0.8002600073814392,1.3198466300964355,0.5195865631103516,0.5872677570424383
2,22,0.8526000380516052,1.3198466300964355,0.46724656224250793,0.6318938405527323
2,33,0.7807875871658325,1.3198466300964355,0.5390591025352478,0.5919087653087537
2,44,0.669560432434082,1.3198466300964355,0.6502862572669983,0.5583585206681504
2,55,0.7699342370033264,1.3198466300964355,0.5499123930931091,0.5866239197466168
3,11,1.0136700868606567,1.3121877908706665,0.2985176742076874,0.6626571991514806
3,22,0.7399815320968628,1.3121877908706665,0.5722061395645142,0.570937660261637
3,33,0.7146159410476685,1.3121877908706665,0.5975717306137085,0.5666572063909557
3,44,0.9428778886795044,1.3121877908706665,0.36930978298187256,0.6596862763142869
3,55,0.8334083557128906,1.3121877908706665,0.4787793457508087,0.6237190919267136
4,11,1.0090084075927734,1.3098671436309814,0.300858736038208,0.6724482708255929
4,22,0.9981772899627686,1.3098671436309814,0.3116898238658905,0.6283242644410383
4,33,0.9920445084571838,1.3098671436309814,0.31782266497612,0.68318674068607
4,44,0.9898863434791565,1.3098671436309814,0.3199807405471802,0.6864174896620183
4,55,0.8720868825912476,1.3098671436309814,0.4377802908420563,0.5412170503614807
