variant,fold,train_seed,n_test,epochs,residual_blend,router_ndcg,router_pairwise_accuracy,router_top1,router_top2,candidate_k,anchored_candidate_coverage,anchored_top3,candidate_oracle_nll,selected_nll,selection_regret
in_sample_hard,0,11,1476,12,0.0,0.8534748163085739,0.7361682670324645,0.5636856368563685,0.8265582655826558,2,0.8265582655826558,0.8265582655826558,0.7954853177070618,0.966198742389679,0.3175643980503082
oof_single_hard,0,11,1476,14,0.0,0.8534748163085739,0.7361682670324645,0.5636856368563685,0.8265582655826558,2,0.8265582655826558,0.8265582655826558,0.7954853177070618,0.966198742389679,0.3175643980503082
oof_multi_hard,0,11,1476,14,0.0,0.8534748163085739,0.7361682670324645,0.5636856368563685,0.8265582655826558,2,0.8265582655826558,0.8265582655826558,0.7954853177070618,0.966198742389679,0.3175643980503082
oof_multi_soft,0,11,1476,12,0.0,0.8534748163085739,0.7361682670324645,0.5636856368563685,0.8265582655826558,2,0.8265582655826558,0.8265582655826558,0.7954853177070618,0.966198742389679,0.3175643980503082
oof_soft_pair,0,11,1476,15,0.25,0.8582947347556606,0.7478280749885688,0.5982384823848238,0.8299457994579946,2,0.8299457994579946,0.8299457994579946,0.7933061718940735,0.9656464457511902,0.3170120418071747
oof_soft_full,0,11,1476,12,0.75,0.8572940117205394,0.7437128486511203,0.5962059620596206,0.8292682926829268,2,0.8292682926829268,0.8292682926829268,0.7931196093559265,0.9715938568115234,0.3229595124721527
in_sample_hard,0,22,1476,13,0.1,0.8574870317959544,0.7399041752224503,0.6023035230352304,0.8245257452574526,2,0.8245257452574526,0.8245257452574526,0.8893202543258667,1.0602647066116333,0.3214674293994903
oof_single_hard,0,22,1476,15,0.25,0.8595155683354829,0.7401323294547114,0.6070460704607046,0.8272357723577236,2,0.825880758807588,0.825880758807588,0.8871979117393494,1.063132882118225,0.3243356645107269
oof_multi_hard,0,22,1476,14,0.1,0.8566475188230775,0.7399041752224503,0.5948509485094851,0.8238482384823849,2,0.823170731707317,0.823170731707317,0.8874674439430237,1.0555928945541382,0.3167958259582519
oof_multi_soft,0,22,1476,14,0.75,0.8590839889713723,0.7387634040611454,0.6063685636856369,0.8245257452574526,2,0.8238482384823849,0.8238482384823849,0.8829702138900757,1.057058811187744,0.3182616829872131
oof_soft_pair,0,22,1476,14,0.75,0.8597321093999939,0.7392197125256673,0.6090785907859079,0.825880758807588,2,0.825880758807588,0.825880758807588,0.8825451731681824,1.057400822639465,0.3186036944389343
oof_soft_full,0,22,1476,13,0.25,0.8563031972329307,0.7396760209901894,0.5928184281842819,0.8265582655826558,2,0.825880758807588,0.825880758807588,0.8874900341033936,1.059244155883789,0.320447027683258
in_sample_hard,0,33,1476,13,0.25,0.8582924829893328,0.7439303710490152,0.6077235772357723,0.8224932249322493,2,0.8218157181571816,0.8218157181571816,0.7791994214057922,0.9673207402229308,0.3463186919689178
oof_single_hard,0,33,1476,13,0.0,0.8470618200206683,0.7315620705451213,0.5426829268292683,0.825880758807588,2,0.825880758807588,0.825880758807588,0.7701339721679688,0.9669137597084044,0.3459116518497467
oof_multi_hard,0,33,1476,12,0.0,0.8470618200206683,0.7315620705451213,0.5426829268292683,0.825880758807588,2,0.825880758807588,0.825880758807588,0.7701339721679688,0.9669137597084044,0.3459116518497467
oof_multi_soft,0,33,1476,12,0.0,0.8470618200206683,0.7315620705451213,0.5426829268292683,0.825880758807588,2,0.825880758807588,0.825880758807588,0.7701339721679688,0.9669137597084044,0.3459116518497467
oof_soft_pair,0,33,1476,11,0.0,0.8470618200206683,0.7315620705451213,0.5426829268292683,0.825880758807588,2,0.825880758807588,0.825880758807588,0.7701339721679688,0.9669137597084044,0.3459116518497467
oof_soft_full,0,33,1476,12,1.0,0.8546215301433817,0.7315620705451213,0.5785907859078591,0.8387533875338753,2,0.8333333333333334,0.8333333333333334,0.7557783126831055,0.9628454446792604,0.3418433964252472
in_sample_hard,0,44,1476,14,0.1,0.8490143516529849,0.734424738517508,0.5962059620596206,0.8102981029810298,2,0.8102981029810298,0.8102981029810298,0.8967457413673401,1.0701695680618286,0.3300850391387939
oof_single_hard,0,44,1476,14,0.1,0.8476117673622223,0.7321509777171441,0.5914634146341463,0.8089430894308943,2,0.8089430894308943,0.8089430894308943,0.8967157602310181,1.072823166847229,0.3327385783195495
oof_multi_hard,0,44,1476,15,0.25,0.849973688920906,0.7348794906775807,0.6002710027100271,0.8109756097560976,2,0.8109756097560976,0.8109756097560976,0.8965142965316772,1.0729981660842896,0.3329136669635772
oof_multi_soft,0,44,1476,16,0.5,0.8503356465795692,0.7371532514779445,0.6002710027100271,0.8109756097560976,2,0.8109756097560976,0.8109756097560976,0.8937350511550903,1.067223072052002,0.3271384835243225
oof_soft_pair,0,44,1476,11,0.0,0.847645535518909,0.7346521145975443,0.5914634146341463,0.8089430894308943,2,0.8089430894308943,0.8089430894308943,0.8970535397529602,1.068183183670044,0.3280985951423645
oof_soft_full,0,44,1476,11,0.1,0.8471244528770974,0.732605729877217,0.5880758807588076,0.8089430894308943,2,0.8089430894308943,0.8089430894308943,0.8966749310493469,1.0702818632125854,0.3301972448825836
in_sample_hard,0,55,1476,12,0.1,0.8576310063215896,0.7396286958514784,0.6002710027100271,0.8224932249322493,2,0.8224932249322493,0.8224932249322493,0.7963486909866333,1.016488552093506,0.3933199048042297
oof_single_hard,0,55,1476,12,0.5,0.860011804087398,0.7377950951180381,0.6077235772357723,0.8218157181571816,2,0.8218157181571816,0.8218157181571816,0.7961280345916748,1.021999478340149,0.3988308012485504
oof_multi_hard,0,55,1476,13,0.75,0.8609077064032038,0.7256474902589961,0.6144986449864499,0.8272357723577236,2,0.8272357723577236,0.8272357723577236,0.7834205627441406,1.0236928462982178,0.4005241394042969
oof_multi_soft,0,55,1476,13,1.0,0.858455798271855,0.7322942929177172,0.6050135501355014,0.8191056910569106,2,0.8204607046070461,0.8204607046070461,0.7882462739944458,1.026985764503479,0.4038170278072357
oof_soft_pair,0,55,1476,17,0.5,0.8578693743543839,0.737336694934678,0.6077235772357723,0.8184281842818428,2,0.8184281842818428,0.8184281842818428,0.7966722249984741,1.0236308574676514,0.4004622399806976
oof_soft_full,0,55,1476,11,0.75,0.8575052192071272,0.7350446940178776,0.5962059620596206,0.8211382113821138,2,0.8211382113821138,0.8211382113821138,0.7941756248474121,1.013238787651062,0.3900701105594635
in_sample_hard,1,11,1475,14,0.25,0.8318591075441485,0.689615736505032,0.5667796610169491,0.7579661016949153,2,0.7566101694915254,0.7566101694915254,1.009828805923462,1.2168391942977903,0.4344792664051056
oof_single_hard,1,11,1475,15,0.0,0.8170002495065403,0.6749771271729186,0.5084745762711864,0.7498305084745762,2,0.7498305084745762,0.7498305084745762,1.0124934911727903,1.210245966911316,0.4278859198093414
oof_multi_hard,1,11,1475,12,0.1,0.8210529092912174,0.6802378774016469,0.5220338983050847,0.7532203389830509,2,0.7532203389830509,0.7532203389830509,1.0094212293624878,1.2074601650238037,0.425100028514862
oof_multi_soft,1,11,1475,12,0.0,0.8170002495065403,0.6749771271729186,0.5084745762711864,0.7498305084745762,2,0.7498305084745762,0.7498305084745762,1.0124934911727903,1.210245966911316,0.4278859198093414
oof_soft_pair,1,11,1475,12,0.1,0.8183690841091377,0.6758920402561757,0.512542372881356,0.7505084745762712,2,0.7505084745762712,0.7505084745762712,1.0121372938156128,1.210127830505371,0.427767813205719
oof_soft_full,1,11,1475,12,0.1,0.818643265296372,0.6768069533394327,0.5138983050847458,0.7498305084745762,2,0.7505084745762712,0.7505084745762712,1.0134704113006592,1.2093439102172852,0.4269838631153106
in_sample_hard,1,22,1475,12,0.5,0.844521425349518,0.7114507299270073,0.5789830508474576,0.7945762711864407,2,0.7945762711864407,0.7945762711864407,1.1428545713424685,1.320429801940918,0.3290166556835174
oof_single_hard,1,22,1475,16,0.25,0.8448692533499651,0.7078010948905109,0.5850847457627119,0.791864406779661,2,0.792542372881356,0.792542372881356,1.1440963745117188,1.3223341703414917,0.3309210240840912
oof_multi_hard,1,22,1475,13,0.5,0.8458956524218546,0.7041514598540146,0.583728813559322,0.7945762711864407,2,0.7952542372881356,0.7952542372881356,1.141491174697876,1.3221821784973145,0.3307691216468811
oof_multi_soft,1,22,1475,13,0.75,0.849755155660288,0.7123631386861314,0.5932203389830508,0.7938983050847458,2,0.792542372881356,0.792542372881356,1.145124912261963,1.3153244256973269,0.3239112496376037
oof_soft_pair,1,22,1475,13,0.75,0.8466701734074403,0.707344890510949,0.5864406779661017,0.7891525423728813,2,0.7884745762711864,0.7884745762711864,1.1457775831222534,1.320090889930725,0.3286778032779693
oof_soft_full,1,22,1475,12,0.75,0.8465382646985635,0.7050638686131386,0.5823728813559322,0.7952542372881356,2,0.7945762711864407,0.7945762711864407,1.1399930715560913,1.3173904418945312,0.3259772956371307
in_sample_hard,1,33,1475,11,0.0,0.8161772661109548,0.6813086250285976,0.5050847457627119,0.7545762711864407,2,0.7545762711864407,0.7545762711864407,1.0996540784835815,1.2935165166854858,0.3904886543750763
oof_single_hard,1,33,1475,15,0.25,0.8231237553752171,0.6797071608327614,0.5301694915254237,0.7545762711864407,2,0.7545762711864407,0.7545762711864407,1.100863695144653,1.3045209646224976,0.4014930725097656
oof_multi_hard,1,33,1475,14,0.75,0.8289281298493015,0.6854266758178906,0.5430508474576271,0.7694915254237288,2,0.7688135593220339,0.7688135593220339,1.0888549089431765,1.2946587800979614,0.3916309475898742
oof_multi_soft,1,33,1475,15,0.5,0.8224872157748115,0.6824525280256234,0.5301694915254237,0.7532203389830509,2,0.752542372881356,0.752542372881356,1.1026993989944458,1.3035802841186523,0.4005525112152099
oof_soft_pair,1,33,1475,15,1.0,0.8226192132470825,0.6749027682452527,0.5308474576271186,0.7552542372881356,2,0.7538983050847458,0.7538983050847458,1.1030426025390625,1.3127206563949585,0.4096927642822265
oof_soft_full,1,33,1475,15,0.5,0.8220349580854768,0.6824525280256234,0.5261016949152543,0.7586440677966102,2,0.7586440677966102,0.7586440677966102,1.0969585180282593,1.3094676733016968,0.4064398109912872
in_sample_hard,1,44,1475,12,0.75,0.837782774472018,0.6935742053510177,0.5661016949152542,0.7857627118644068,2,0.7857627118644068,0.7857627118644068,1.020580530166626,1.277689814567566,0.4675615727901459
oof_single_hard,1,44,1475,13,0.75,0.8277142020740829,0.6748227761262291,0.5328813559322034,0.7783050847457628,2,0.7762711864406779,0.7762711864406779,1.0201293230056765,1.276945948600769,0.466817557811737
oof_multi_hard,1,44,1475,14,0.5,0.8292070431378947,0.6773382117539447,0.5349152542372881,0.7796610169491526,2,0.7769491525423728,0.7769491525423728,1.022157073020935,1.263574242591858,0.4534459114074707
oof_multi_soft,1,44,1475,14,0.75,0.8292047010817902,0.675051452092385,0.5328813559322034,0.775593220338983,2,0.7728813559322034,0.7728813559322034,1.0164942741394043,1.2625802755355835,0.452452003955841
oof_soft_pair,1,44,1475,12,0.75,0.8254809145148418,0.6766521838554768,0.5111864406779661,0.7816949152542373,2,0.7803389830508475,0.7803389830508475,1.016750693321228,1.2571746110916138,0.4470462799072265
oof_soft_full,1,44,1475,12,1.0,0.8271675801809445,0.675508804024697,0.5152542372881356,0.7891525423728813,2,0.783728813559322,0.783728813559322,1.003080129623413,1.2565793991088867,0.4464510083198547
in_sample_hard,1,55,1475,11,0.5,0.8314223949074832,0.6937142857142857,0.5579661016949152,0.7810169491525424,2,0.7810169491525424,0.7810169491525424,0.97766774892807,1.2669758796691897,0.4889357089996338
oof_single_hard,1,55,1475,14,0.75,0.836448646240521,0.6848,0.56,0.8047457627118644,2,0.7938983050847458,0.7938983050847458,0.963703751564026,1.2605950832366943,0.482554942369461
oof_multi_hard,1,55,1475,13,0.5,0.8253847759668209,0.6816,0.5206779661016949,0.775593220338983,2,0.7728813559322034,0.7728813559322034,0.9803290367126464,1.2375340461730957,0.4594940543174743
oof_multi_soft,1,55,1475,15,0.1,0.8198265169836243,0.6870857142857143,0.5132203389830509,0.7715254237288136,2,0.7715254237288136,0.7715254237288136,0.9850358963012696,1.2313817739486694,0.4533416628837585
oof_soft_pair,1,55,1475,13,0.1,0.8194450904037147,0.6861714285714285,0.5091525423728813,0.7749152542372881,2,0.7749152542372881,0.7749152542372881,0.9811877012252808,1.2338016033172607,0.4557615518569946
oof_soft_full,1,55,1475,13,0.5,0.8218490636464165,0.6816,0.5098305084745762,0.7769491525423728,2,0.7762711864406779,0.7762711864406779,0.974872887134552,1.2362391948699951,0.4581991136074066
in_sample_hard,2,11,1475,17,0.25,0.8658810351646155,0.7550787491440311,0.6176271186440678,0.8271186440677966,2,0.8271186440677966,0.8271186440677966,0.8033610582351685,0.9720368981361388,0.3384802341461181
oof_single_hard,2,11,1475,16,0.5,0.8667581300274144,0.7477744807121661,0.6135593220338983,0.8338983050847457,2,0.8325423728813559,0.8325423728813559,0.795562744140625,0.9568294286727904,0.3232727348804474
oof_multi_hard,2,11,1475,14,0.1,0.8470033599742077,0.7327094270714449,0.543728813559322,0.8216949152542373,2,0.8216949152542373,0.8216949152542373,0.8047799468040466,0.9619877934455872,0.328431099653244
oof_multi_soft,2,11,1475,15,0.5,0.8533976774674724,0.7391006619493267,0.5715254237288135,0.8223728813559322,2,0.8230508474576271,0.8230508474576271,0.799829363822937,0.9583056569099426,0.3247489929199219
oof_soft_pair,2,11,1475,17,0.25,0.8513002790947373,0.7393289203378224,0.56,0.8250847457627118,2,0.8250847457627118,0.8250847457627118,0.8032721281051636,0.960150182247162,0.3265935480594635
oof_soft_full,2,11,1475,13,0.25,0.851292709916978,0.7377311116183519,0.5552542372881356,0.8223728813559322,2,0.8223728813559322,0.8223728813559322,0.8032970428466797,0.9570961594581604,0.3235393762588501
in_sample_hard,2,22,1475,13,1.0,0.860187751508536,0.7512539899680802,0.6338983050847458,0.8108474576271186,2,0.8074576271186441,0.8074576271186441,0.8768041729927063,1.0428251028060913,0.3895683288574219
oof_single_hard,2,22,1475,13,1.0,0.8645033521788172,0.7289101687186502,0.6359322033898305,0.8379661016949153,2,0.8223728813559322,0.8223728813559322,0.8499147295951843,1.0347980260849,0.3815413415431976
oof_multi_hard,2,22,1475,13,1.0,0.8554409868606456,0.7213862289101687,0.5932203389830508,0.8271186440677966,2,0.8223728813559322,0.8223728813559322,0.8477998971939087,1.0318537950515747,0.3785970211029053
oof_multi_soft,2,22,1475,13,0.1,0.8443321021939404,0.738030095759234,0.5525423728813559,0.8067796610169492,2,0.8067796610169492,0.8067796610169492,0.8723750114440918,1.0173251628875732,0.3640683889389038
oof_soft_pair,2,22,1475,20,1.0,0.850175240766389,0.7252621979024167,0.5755932203389831,0.8169491525423729,2,0.8142372881355933,0.8142372881355933,0.8485975861549377,1.024635910987854,0.3713791370391845
oof_soft_full,2,22,1475,13,1.0,0.8536075038128942,0.736890104879161,0.583728813559322,0.8189830508474576,2,0.8142372881355933,0.8142372881355933,0.8555374145507812,1.0074118375778198,0.3541550636291504
in_sample_hard,2,33,1475,14,0.1,0.84930899807969,0.7265035444774754,0.5796610169491525,0.8,2,0.7986440677966101,0.7986440677966101,0.852392852306366,1.024897217750549,0.3878197073936462
oof_single_hard,2,33,1475,16,0.1,0.8461339830060675,0.7159844500343014,0.5538983050847458,0.7972881355932203,2,0.7972881355932203,0.7972881355932203,0.8483268618583679,1.0227830410003662,0.3857054710388183
oof_multi_hard,2,33,1475,14,0.25,0.8481143279845822,0.7203292933912646,0.559322033898305,0.8074576271186441,2,0.8054237288135593,0.8054237288135593,0.8437308669090271,1.018409013748169,0.3813313543796539
oof_multi_soft,2,33,1475,16,0.75,0.8471866842399526,0.7130116624742739,0.56,0.8094915254237288,2,0.8101694915254237,0.8101694915254237,0.8336271047592163,1.0304288864135742,0.3933513164520263
oof_soft_pair,2,33,1475,14,0.75,0.8512071628390118,0.7271895723759433,0.5749152542372882,0.8067796610169492,2,0.8061016949152542,0.8061016949152542,0.8470404148101807,1.0167582035064695,0.3796806335449219
oof_soft_full,2,33,1475,16,1.0,0.8398095959275874,0.701577864166476,0.5416949152542373,0.8067796610169492,2,0.8040677966101695,0.8040677966101695,0.8413490056991577,1.042609930038452,0.4055323004722595
in_sample_hard,2,44,1475,12,1.0,0.8625507770152002,0.7366490946596379,0.6311864406779661,0.7993220338983051,2,0.7993220338983051,0.7993220338983051,0.8174646496772766,1.0216264724731443,0.4416154325008392
oof_single_hard,2,44,1475,14,1.0,0.8542473510873632,0.7079990831996332,0.5911864406779661,0.800677966101695,2,0.791864406779661,0.791864406779661,0.8187134265899658,1.0206794738769531,0.440668374300003
oof_multi_hard,2,44,1475,13,1.0,0.8411804343969013,0.6965390786156315,0.5342372881355932,0.7952542372881356,2,0.7864406779661017,0.7864406779661017,0.8128172755241394,1.0298302173614502,0.4498190879821777
oof_multi_soft,2,44,1475,17,1.0,0.8440538940674104,0.7066238826495531,0.5464406779661017,0.7952542372881356,2,0.7877966101694915,0.7877966101694915,0.8127323985099792,1.0131371021270752,0.4331260025501251
oof_soft_pair,2,44,1475,17,1.0,0.8471935008749383,0.7109786843914737,0.5613559322033899,0.7986440677966101,2,0.792542372881356,0.792542372881356,0.8031129837036133,1.0122910737991333,0.432280033826828
oof_soft_full,2,44,1475,17,1.0,0.8462995664111107,0.7132706853082741,0.5491525423728814,0.8013559322033899,2,0.7911864406779661,0.7911864406779661,0.8055583238601685,1.0031373500823977,0.4231262803077698
in_sample_hard,2,55,1475,20,0.75,0.8641931072041007,0.7530892448512586,0.6345762711864407,0.8291525423728814,2,0.8271186440677966,0.8271186440677966,0.8343880772590637,1.0411627292633057,0.4062772393226623
oof_single_hard,2,55,1475,13,0.75,0.851173778875325,0.7292906178489702,0.5789830508474576,0.8257627118644068,2,0.8244067796610169,0.8244067796610169,0.8278412818908691,1.0195320844650269,0.3846466541290283
oof_multi_hard,2,55,1475,13,1.0,0.8444385282052128,0.7130434782608696,0.5627118644067797,0.8223728813559322,2,0.8155932203389831,0.8155932203389831,0.838647186756134,1.0432792901992798,0.4083938002586365
oof_multi_soft,2,55,1475,13,1.0,0.8479091768008792,0.7279176201372998,0.5633898305084746,0.8372881355932204,2,0.8332203389830508,0.8332203389830508,0.8189312219619751,1.0309232473373413,0.3960378170013428
oof_soft_pair,2,55,1475,13,1.0,0.8489836845961225,0.7315789473684211,0.5701694915254237,0.8325423728813559,2,0.8271186440677966,0.8271186440677966,0.8263380527496338,1.024556040763855,0.3896706104278564
oof_soft_full,2,55,1475,13,1.0,0.8432865010103715,0.7254004576659039,0.5545762711864407,0.8223728813559322,2,0.8210169491525424,0.8210169491525424,0.8345110416412354,1.030869483947754,0.395984023809433
in_sample_hard,3,11,1546,13,0.1,0.8511825586263312,0.7395856052344602,0.5730918499353169,0.8014230271668823,2,0.8014230271668823,0.8014230271668823,0.8340969085693359,0.9649701118469238,0.2763938009738922
oof_single_hard,3,11,1546,14,0.25,0.855868502634969,0.7347873500545257,0.5789133247089263,0.7994825355756792,2,0.7988357050452781,0.7988357050452781,0.8326779007911682,0.9667908549308776,0.2782145142555237
oof_multi_hard,3,11,1546,13,0.1,0.8504985638650442,0.7380588876772083,0.5653298835705045,0.8065976714100905,2,0.8065976714100905,0.8065976714100905,0.8308451175689697,0.9664900302886964,0.2779136896133423
oof_multi_soft,3,11,1546,13,0.25,0.854227097078318,0.7391494002181025,0.5769728331177232,0.8072445019404916,2,0.8072445019404916,0.8072445019404916,0.826187014579773,0.9643219709396362,0.2757456302642822
oof_soft_pair,3,11,1546,13,0.25,0.8536060317112518,0.7402399127589967,0.5789133247089263,0.8065976714100905,2,0.8065976714100905,0.8065976714100905,0.8277828693389893,0.9629755020141602,0.2743991911411285
oof_soft_full,3,11,1546,14,0.75,0.8485017120654902,0.7267175572519083,0.5452781371280725,0.8033635187580854,2,0.8033635187580854,0.8033635187580854,0.830712616443634,0.9644355177879332,0.2758592069149017
in_sample_hard,3,22,1546,12,1.0,0.8761562618778068,0.7681600695954763,0.6455368693402329,0.8454075032341527,2,0.8428201811125485,0.8428201811125485,0.7381470203399658,0.8810580372810364,0.2818483114242553
oof_single_hard,3,22,1546,15,1.0,0.8672516472854562,0.7207481513701609,0.6403622250970246,0.833764553686934,2,0.8318240620957309,0.8318240620957309,0.7255877256393433,0.9085829854011536,0.3093733191490173
oof_multi_hard,3,22,1546,14,0.5,0.8608774477232347,0.7359721618094824,0.6047865459249676,0.8266494178525227,2,0.8247089262613195,0.8247089262613195,0.7376821637153625,0.9137108325958252,0.3145011067390442
oof_multi_soft,3,22,1546,18,1.0,0.8580071038793989,0.7311874728142671,0.6028460543337646,0.815006468305304,2,0.815653298835705,0.815653298835705,0.7498422265052795,0.924801230430603,0.3255914747714996
oof_soft_pair,3,22,1546,12,0.75,0.8578688959896187,0.7396694214876033,0.5937904269081501,0.8305304010349288,2,0.8260025873221216,0.8260025873221216,0.7390897870063782,0.9085866808891296,0.3093769550323486
oof_soft_full,3,22,1546,12,0.75,0.8553926231729652,0.7346672466289691,0.5866752910737387,0.8285899094437258,2,0.8247089262613195,0.8247089262613195,0.740290105342865,0.9104015231132508,0.3111917674541473
in_sample_hard,3,33,1546,12,0.25,0.8642627419974749,0.7435841193244133,0.609961190168176,0.815006468305304,2,0.814359637774903,0.814359637774903,0.7360642552375793,0.906008243560791,0.3160818815231323
oof_single_hard,3,33,1546,14,0.75,0.8602332762842481,0.7229655626233823,0.5937904269081501,0.8182406209573092,2,0.8130659767141009,0.8130659767141009,0.7307550311088562,0.9008969068527222,0.3109704852104187
oof_multi_hard,3,33,1546,14,0.5,0.8610179818822069,0.7304233384514148,0.5853816300129366,0.8279430789133247,2,0.8201811125485123,0.8201811125485123,0.7242998480796814,0.9042051434516908,0.3142787516117096
oof_multi_soft,3,33,1546,12,0.5,0.8454829069647269,0.7093660890546173,0.5323415265200517,0.8059508408796895,2,0.8033635187580854,0.8033635187580854,0.7315623164176941,0.9227948784828186,0.3328685164451599
oof_soft_pair,3,33,1546,13,0.75,0.8545164743769429,0.7247203334064488,0.5646830530401035,0.815653298835705,2,0.8124191461836999,0.8124191461836999,0.7323841452598572,0.904599130153656,0.3146728575229645
oof_soft_full,3,33,1546,14,0.5,0.8540445985685935,0.726255757841632,0.5614489003880984,0.8182406209573092,2,0.815653298835705,0.815653298835705,0.7278572916984558,0.9067646265029908,0.316838264465332
in_sample_hard,3,44,1546,13,0.5,0.8615932105074358,0.7531106745252129,0.609961190168176,0.8163001293661061,2,0.815653298835705,0.815653298835705,0.839509904384613,0.9685608744621276,0.2871332466602325
oof_single_hard,3,44,1546,16,0.25,0.8634199333171602,0.755511896965728,0.6228978007761966,0.8169469598965071,2,0.8182406209573092,0.8182406209573092,0.833868145942688,0.9718095660209656,0.290381908416748
oof_multi_hard,3,44,1546,13,0.75,0.8572982253493685,0.740231390526086,0.5815006468305304,0.8311772315653299,2,0.8279430789133247,0.8279430789133247,0.8199645280838013,0.9643987417221068,0.282971054315567
oof_multi_soft,3,44,1546,15,0.5,0.8529503807961157,0.7448155424579787,0.5769728331177232,0.8188874514877102,2,0.8195342820181113,0.8195342820181113,0.832557201385498,0.9694912433624268,0.288063645362854
oof_soft_pair,3,44,1546,15,0.75,0.850096170572236,0.7389216328312596,0.5705045278137129,0.8117723156532989,2,0.8104786545924968,0.8104786545924968,0.8361137509346008,0.9718877673149108,0.2904600203037262
oof_soft_full,3,44,1546,18,0.75,0.8525721076184264,0.7304082078148876,0.5834411384217335,0.8221216041397154,2,0.8182406209573092,0.8182406209573092,0.819840669631958,0.9708478450775146,0.2894202470779419
in_sample_hard,3,55,1546,11,0.75,0.855734819811674,0.74443474465299,0.5873221216041398,0.8292367399741267,2,0.8292367399741267,0.8292367399741267,0.8018732666969299,0.966657280921936,0.336967408657074
oof_single_hard,3,55,1546,15,1.0,0.8769091172999127,0.7431252728066347,0.6532988357050453,0.8428201811125485,2,0.8324708926261319,0.8324708926261319,0.7941780686378479,0.9654547572135924,0.3357648253440857
oof_multi_hard,3,55,1546,15,0.1,0.8533214380774684,0.7394151025752946,0.5840879689521346,0.8214747736093143,2,0.8214747736093143,0.8214747736093143,0.801426112651825,0.9649917483329772,0.3353017270565033
oof_multi_soft,3,55,1546,15,0.1,0.8483186857655736,0.7319947621126146,0.5685640362225097,0.814359637774903,2,0.814359637774903,0.814359637774903,0.8049249053001404,0.9721542596817015,0.3424644470214844
oof_soft_pair,3,55,1546,12,0.5,0.8597328268714018,0.7453077258838935,0.5957309184993532,0.8292367399741267,2,0.8285899094437258,0.8285899094437258,0.8027716279029846,0.9558194875717164,0.3261295557022095
oof_soft_full,3,55,1546,15,0.1,0.8504778510492309,0.7346137058053251,0.57503234152652,0.815653298835705,2,0.815653298835705,0.815653298835705,0.8040637373924255,0.9680608510971068,0.3383708894252777
in_sample_hard,4,11,1470,11,0.75,0.8575647707558356,0.7465533088235294,0.591156462585034,0.8136054421768707,2,0.8136054421768707,0.8136054421768707,0.9208421111106871,1.0404322147369385,0.2682127952575683
oof_single_hard,4,11,1470,14,0.1,0.8453714004439169,0.7323069852941176,0.5469387755102041,0.8061224489795918,2,0.8061224489795918,0.8061224489795918,0.927671194076538,1.048431634902954,0.2762122452259063
oof_multi_hard,4,11,1470,13,0.75,0.8479513130614365,0.7132352941176471,0.5462585034013605,0.8129251700680272,2,0.8115646258503402,0.8115646258503402,0.9235199689865112,1.0545949935913086,0.2823755741119385
oof_multi_soft,4,11,1470,11,0.75,0.8485936414325297,0.7288602941176471,0.5517006802721088,0.8129251700680272,2,0.8115646258503402,0.8115646258503402,0.9223636388778688,1.0406148433685305,0.2683954834938049
oof_soft_pair,4,11,1470,11,1.0,0.8518874342636005,0.7313878676470589,0.5612244897959183,0.8142857142857143,2,0.8136054421768707,0.8136054421768707,0.9218486547470092,1.0401750802993774,0.2679557502269745
oof_soft_full,4,11,1470,11,0.75,0.8467983041779513,0.7284007352941176,0.5448979591836735,0.8142857142857143,2,0.8108843537414966,0.8108843537414966,0.9222456216812134,1.0438252687454224,0.2716058492660522
in_sample_hard,4,22,1470,15,0.75,0.8729042254069245,0.7518298261665142,0.6394557823129252,0.8319727891156462,2,0.8346938775510204,0.8346938775510204,0.8647910952568054,1.0099893808364868,0.256897896528244
oof_single_hard,4,22,1470,14,0.0,0.839588840074708,0.714775846294602,0.5061224489795918,0.8108843537414966,2,0.8108843537414966,0.8108843537414966,0.8739875555038452,1.0197890996932983,0.2666977345943451
oof_multi_hard,4,22,1470,12,1.0,0.8518177300591374,0.7083714547118024,0.5768707482993197,0.808843537414966,2,0.8149659863945579,0.8149659863945579,0.8701943159103394,1.041237473487854,0.288146048784256
oof_multi_soft,4,22,1470,15,1.0,0.8541671638605495,0.7278133577310155,0.5836734693877551,0.8129251700680272,2,0.8122448979591836,0.8122448979591836,0.8790823221206665,1.0198484659194946,0.266757071018219
oof_soft_pair,4,22,1470,15,1.0,0.8525932893484353,0.7220951509606587,0.5816326530612245,0.8040816326530612,2,0.8047619047619048,0.8047619047619048,0.8831813931465149,1.0243147611618042,0.2712233662605285
oof_soft_full,4,22,1470,11,0.5,0.8536691299613672,0.7342177493138152,0.5775510204081633,0.8142857142857143,2,0.8136054421768707,0.8136054421768707,0.8729972839355469,1.016027569770813,0.2629361748695373
in_sample_hard,4,33,1470,11,1.0,0.8576563788263436,0.7548165137614679,0.5850340136054422,0.8292517006802721,2,0.8299319727891157,0.8299319727891157,0.8509990572929382,0.9648959040641784,0.2202752530574798
oof_single_hard,4,33,1470,14,0.0,0.8482480478214034,0.7344036697247707,0.5374149659863946,0.8217687074829932,2,0.8217687074829932,0.8217687074829932,0.8527160882949829,0.9743401408195496,0.2297194153070449
oof_multi_hard,4,33,1470,11,0.1,0.8536056021066404,0.7451834862385321,0.5659863945578232,0.8231292517006803,2,0.8231292517006803,0.8231292517006803,0.8507079482078552,0.9737185835838318,0.2290978878736496
oof_multi_soft,4,33,1470,12,1.0,0.8615291233203087,0.7513761467889908,0.6027210884353742,0.8258503401360544,2,0.8217687074829932,0.8217687074829932,0.85285484790802,0.9682022333145142,0.2235816121101379
oof_soft_pair,4,33,1470,11,0.5,0.8563114509932824,0.7438073394495412,0.5714285714285714,0.8197278911564626,2,0.8183673469387756,0.8183673469387756,0.8517096638679504,0.9703299403190612,0.2257092595100402
oof_soft_full,4,33,1470,11,0.5,0.8531678863770634,0.7426605504587156,0.5639455782312925,0.8238095238095238,2,0.8210884353741497,0.8210884353741497,0.8524470329284668,0.9758719205856324,0.2312512099742889
in_sample_hard,4,44,1470,11,0.1,0.8681628533598788,0.7615666513971598,0.610204081632653,0.8401360544217688,2,0.8401360544217688,0.8401360544217688,0.8556060194969177,0.9629688262939452,0.2015894949436187
oof_single_hard,4,44,1470,15,0.1,0.8686972756166088,0.7615666513971598,0.6054421768707483,0.8428571428571429,2,0.8428571428571429,0.8428571428571429,0.8544556498527527,0.9650524854660034,0.2036730498075485
oof_multi_hard,4,44,1470,12,0.1,0.8672842386398941,0.7595052679798443,0.5972789115646259,0.8421768707482993,2,0.8421768707482993,0.8421768707482993,0.8545798063278198,0.9643054604530334,0.2029261142015457
oof_multi_soft,4,44,1470,13,0.25,0.8674229847580474,0.7601923957856161,0.5986394557823129,0.8421768707482993,2,0.8421768707482993,0.8421768707482993,0.8546026945114136,0.9625800251960754,0.2012006044387817
oof_soft_pair,4,44,1470,13,0.1,0.8660236707829222,0.7576729271644526,0.5870748299319728,0.8428571428571429,2,0.8428571428571429,0.8428571428571429,0.8543102741241455,0.9611377120018004,0.1997583359479904
oof_soft_full,4,44,1470,13,0.25,0.8688780605066768,0.7597343105817682,0.6027210884353742,0.8428571428571429,2,0.8428571428571429,0.8428571428571429,0.8540515899658203,0.9653271436691284,0.2039477229118347
in_sample_hard,4,55,1470,12,1.0,0.8755242049354242,0.7597881160755412,0.6306122448979592,0.8489795918367347,2,0.8517006802721089,0.8517006802721089,0.7913528680801392,0.926293134689331,0.2294241786003112
oof_single_hard,4,55,1470,15,0.1,0.8462566748678891,0.7270842929525564,0.5299319727891156,0.8299319727891157,2,0.827891156462585,0.827891156462585,0.7930113673210144,0.9491174221038818,0.252248466014862
oof_multi_hard,4,55,1470,12,0.75,0.8663941763137075,0.7413634269921695,0.5986394557823129,0.8421768707482993,2,0.8421768707482993,0.8421768707482993,0.7854246497154236,0.9312896728515624,0.2344206571578979
oof_multi_soft,4,55,1470,14,0.5,0.8572922710258013,0.7326116996775679,0.5639455782312925,0.8394557823129252,2,0.8360544217687075,0.8360544217687075,0.7919710278511047,0.9412546157836914,0.2443856745958328
oof_soft_pair,4,55,1470,16,1.0,0.8747092507601517,0.7577153385536619,0.6224489795918368,0.8530612244897959,2,0.8510204081632653,0.8510204081632653,0.7827395796775818,0.9164806604385376,0.2196117639541626
oof_soft_full,4,55,1470,14,0.75,0.8589328575538087,0.7229387379087978,0.5789115646258504,0.8360544217687075,2,0.8292517006802721,0.8292517006802721,0.7916221022605896,0.9425278306007384,0.2456587851047516
