variant,train_seed,epochs,residual_blend,router_ndcg,router_pairwise_accuracy,router_top1,router_top2,anchored_top3,candidate_oracle_nll,selected_nll,selection_regret
in_sample_hard,11,14,1.0,0.8723419557336213,0.6140653208600033,0.7164634146341463,0.8353658536585366,0.8826219512195121,0.3780139684677124,0.4640391767024994,0.1361898630857467
oof_single_hard,11,12,0.5,0.8685864619270611,0.6771705235516166,0.4878048780487805,0.6554878048780488,0.7454268292682927,0.4139896631240845,0.4684852361679077,0.1406359374523162
oof_multi_hard,11,14,0.5,0.8794202037301423,0.71278516330215,0.524390243902439,0.6402439024390244,0.7378048780487805,0.4164987802505493,0.4740331768989563,0.1461838781833648
oof_multi_soft,11,11,0.0,0.8712108220066727,0.7337108156901362,0.4253048780487805,0.4390243902439024,0.4847560975609756,0.4389650225639343,0.4647558331489563,0.136906549334526
oof_soft_pair,11,12,0.25,0.8723333540802771,0.7256688002625964,0.3490853658536585,0.4253048780487805,0.5625,0.4354044795036316,0.4653410613536834,0.1374917179346084
oof_soft_full,11,15,0.25,0.8699658898044976,0.7251764319711144,0.3917682926829268,0.4954268292682927,0.5853658536585366,0.4313702583312988,0.4670358598232269,0.1391865313053131
in_sample_hard,22,15,0.1,0.8493604646762375,0.729367848738132,0.3475609756097561,0.5396341463414634,0.6554878048780488,0.4029628038406372,0.4613462388515472,0.1795900613069534
oof_single_hard,22,12,0.0,0.8287116806601454,0.714192972490465,0.3201219512195122,0.3475609756097561,0.375,0.423291802406311,0.4651393294334411,0.1833831518888473
oof_multi_hard,22,11,0.1,0.828350312474676,0.6984500527468961,0.2515243902439024,0.3734756097560975,0.538109756097561,0.4178220331668854,0.4682668447494507,0.1865106374025344
oof_multi_soft,22,12,0.1,0.8285287106640014,0.7116773512943276,0.2972560975609756,0.3643292682926829,0.4588414634146341,0.4222398698329925,0.4652755558490753,0.1835194081068039
oof_soft_pair,22,12,0.1,0.8291666190071362,0.7142741215613081,0.2881097560975609,0.3582317073170731,0.4420731707317073,0.4223076403141022,0.4645783603191376,0.1828221529722213
oof_soft_full,22,11,0.5,0.8276457247058293,0.7024263572182099,0.2865853658536585,0.4039634146341463,0.5365853658536586,0.4085110425949096,0.4665052890777588,0.1847491413354873
in_sample_hard,33,15,0.1,0.8624980074709693,0.7549019607843137,0.5975609756097561,0.698170731707317,0.75,0.4133842885494232,0.4638966023921966,0.1733108907938003
oof_single_hard,33,15,1.0,0.8283157829977771,0.6340666347839949,0.4314024390243902,0.5777439024390244,0.7225609756097561,0.3528001606464386,0.5114265084266663,0.2208407819271087
oof_multi_hard,33,12,0.1,0.8524669989446105,0.7520325203252033,0.4878048780487805,0.5975609756097561,0.6844512195121951,0.4211816489696502,0.4600150287151336,0.1694293320178985
oof_multi_soft,33,12,0.75,0.8491032546194801,0.7133747808066316,0.3887195121951219,0.5579268292682927,0.6996951219512195,0.4127103388309479,0.4622120857238769,0.1716263890266418
oof_soft_pair,33,12,1.0,0.8515638611344338,0.7149689143950263,0.4710365853658536,0.5945121951219512,0.7134146341463414,0.4085931479930877,0.4635121524333954,0.1729264706373214
oof_soft_full,33,12,1.0,0.8242581572707992,0.6917742706838833,0.2378048780487804,0.4039634146341463,0.6189024390243902,0.4051815271377563,0.4656400978565216,0.1750543713569641
in_sample_hard,44,13,0.5,0.8751715581517975,0.6970417955428662,0.6753048780487805,0.8185975609756098,0.8490853658536586,0.382675439119339,0.4688391387462616,0.166032001376152
oof_single_hard,44,11,0.0,0.8351215489295828,0.710762154016972,0.3094512195121951,0.3384146341463415,0.3689024390243902,0.4333845973014831,0.4693163931369781,0.1665092706680297
oof_multi_hard,44,13,0.25,0.8575907640524765,0.7357443096201126,0.4603658536585366,0.6280487804878049,0.7073170731707317,0.4168102443218231,0.466521292924881,0.1637141108512878
oof_multi_soft,44,13,0.0,0.8351215489295828,0.710762154016972,0.3094512195121951,0.3384146341463415,0.3689024390243902,0.4333845973014831,0.4693163931369781,0.1665092706680297
oof_soft_pair,44,12,0.5,0.8376134075020382,0.7098897612816243,0.2942073170731707,0.4268292682926829,0.5335365853658537,0.4300410151481628,0.4688133597373962,0.1660062223672866
oof_soft_full,44,11,0.75,0.8367945318932208,0.6993417400269649,0.274390243902439,0.4908536585365853,0.573170731707317,0.4209156632423401,0.4676474034786224,0.1648402512073516
in_sample_hard,55,13,0.25,0.867706720619373,0.741710875331565,0.4466463414634146,0.5960365853658537,0.7012195121951219,0.3984127640724182,0.4488069415092468,0.1764148473739624
oof_single_hard,55,11,1.0,0.8408447095653291,0.70407824933687,0.2012195121951219,0.3384146341463415,0.5198170731707317,0.4021089076995849,0.444589763879776,0.1721975952386856
oof_multi_hard,55,12,0.5,0.8466404619996266,0.6949602122015915,0.2073170731707317,0.3826219512195122,0.6234756097560976,0.4049714207649231,0.4476573765277862,0.175265222787857
oof_multi_soft,55,12,1.0,0.8502732722051572,0.7235576923076923,0.2042682926829268,0.3795731707317073,0.5579268292682927,0.409563660621643,0.446223646402359,0.1738315671682357
oof_soft_pair,55,12,1.0,0.8474354144292181,0.723723474801061,0.1996951219512195,0.3643292682926829,0.5396341463414634,0.4111107587814331,0.4485067129135132,0.1761145442724228
oof_soft_full,55,12,0.5,0.8477960876021542,0.725132625994695,0.2256097560975609,0.4222560975609756,0.5670731707317073,0.4088374674320221,0.447226881980896,0.1748347580432891
