dataset,train_seed,method,auroc,auprc,spearman,top10_precision,top20_precision,brier,ece,safe_prevalence
avmnist,11,direct_risk_regression,0.6961259939828562,0.2395630736932579,0.8207079989065534,0.09444444444444444,0.050694444444444445,,,0.019305555555555555
avmnist,11,full_posterior_analytic,0.9877884592451478,0.7331482268664586,0.9409935773657596,0.1875,0.09652777777777777,0.007764341707033282,0.003788695265519563,0.019305555555555555
avmnist,11,learned_posterior_analytic,0.9902564636320457,0.7962037006423397,0.9579320652982561,0.18888888888888888,0.09652777777777777,0.0070937038682119865,0.004473652617896342,0.019305555555555555
avmnist,11,max_confidence,0.39552320896311155,0.015352885819828032,0.8778899737346406,0.004166666666666667,0.00625,,,0.019305555555555555
avmnist,11,negative_entropy,0.39056918370422966,0.015227980310483516,0.8749449947397991,0.004166666666666667,0.005555555555555556,,,0.019305555555555555
avmnist,11,plain_mlp_posterior,0.979748193081055,0.7416797531021253,0.9286177994046656,0.18472222222222223,0.09444444444444444,0.008678338673491427,0.006882384830809956,0.019305555555555555
avmnist,22,direct_risk_regression,0.647967791865556,0.26293244576493635,0.9216611791574996,0.043055555555555555,0.022222222222222223,,,0.008055555555555555
avmnist,22,full_posterior_analytic,0.9917950293213955,0.6855978330534438,0.9688970649974074,0.08055555555555555,0.04027777777777777,0.004116110421752545,0.003385199726920253,0.008055555555555555
avmnist,22,learned_posterior_analytic,0.9939648681044863,0.779178807064854,0.971277399803941,0.08055555555555555,0.04027777777777777,0.003173961125628836,0.0021240614124165605,0.008055555555555555
avmnist,22,max_confidence,0.3293591660047801,0.006952513053942373,0.9507025817828867,0.004166666666666667,0.004861111111111111,,,0.008055555555555555
avmnist,22,negative_entropy,0.32492426778232314,0.007071598278703378,0.9485539754303065,0.004166666666666667,0.004861111111111111,,,0.008055555555555555
avmnist,22,plain_mlp_posterior,0.9863845784862628,0.6962122460140802,0.9394490913115547,0.07777777777777778,0.03888888888888889,0.005308262324640163,0.005613710685492508,0.008055555555555555
avmnist,33,direct_risk_regression,0.735810914992284,0.2559934421616974,0.7982681383194664,0.07083333333333333,0.0375,,,0.0125
avmnist,33,full_posterior_analytic,0.974541917821418,0.7140067449334269,0.9559526500165907,0.11805555555555555,0.06041666666666667,0.0065807694401374016,0.004163276099943184,0.0125
avmnist,33,learned_posterior_analytic,0.9827066235672715,0.7394716528741947,0.9560994322760044,0.11666666666666667,0.06111111111111111,0.006295355475614239,0.004979726345228648,0.0125
avmnist,33,max_confidence,0.36552823223558817,0.010175318338672404,0.8869598530161853,0.004166666666666667,0.004861111111111111,,,0.0125
avmnist,33,negative_entropy,0.35823724754993247,0.010027501580656144,0.8810170916714086,0.004166666666666667,0.004861111111111111,,,0.0125
avmnist,33,plain_mlp_posterior,0.9864987083374743,0.6883370389835439,0.9293400261116309,0.11944444444444444,0.06180555555555556,0.0077554496662358445,0.006981341096281715,0.0125
avmnist,44,direct_risk_regression,0.5824214637131513,0.17568853113956878,0.784409722892544,0.05416666666666667,0.027777777777777776,,,0.014027777777777778
avmnist,44,full_posterior_analytic,0.9837326109250897,0.6541014083863465,0.9520476795561481,0.13611111111111113,0.07013888888888889,0.007811388513574147,0.005180466455573603,0.014027777777777778
avmnist,44,learned_posterior_analytic,0.980731920751018,0.7105835416056616,0.955859099346124,0.13472222222222224,0.06875,0.00691930259486734,0.004533465395419416,0.014027777777777778
avmnist,44,max_confidence,0.34730492760159265,0.011821303066501202,0.8826507678966042,0.004166666666666667,0.009722222222222222,,,0.014027777777777778
avmnist,44,negative_entropy,0.34830969711300114,0.011898395217013392,0.8786335633772999,0.005555555555555556,0.009722222222222222,,,0.014027777777777778
avmnist,44,plain_mlp_posterior,0.9838247493749886,0.6795657791016565,0.9362581073501626,0.13472222222222222,0.07013888888888889,0.007948751205840932,0.0051094491437252065,0.014027777777777778
avmnist,55,direct_risk_regression,0.8336291586848832,0.3811263275112827,0.8113607611358331,0.04957705470000552,0.046990740740740736,,,0.016944444444444446
avmnist,55,full_posterior_analytic,0.9832099513678101,0.8377200751938358,0.9466141554743434,0.16666666666666669,0.08333333333333334,0.005891396498099086,0.005412206247612563,0.016944444444444446
avmnist,55,learned_posterior_analytic,0.9932662434351893,0.8529500294441277,0.9633719481768479,0.16527777777777777,0.08402777777777778,0.005177567614489176,0.0036310760123507728,0.016944444444444446
avmnist,55,max_confidence,0.3978720565742643,0.015202537961577908,0.9055071189294774,0.008333333333333333,0.013194444444444444,,,0.016944444444444446
avmnist,55,negative_entropy,0.3989774480947198,0.01523167784756017,0.9036370938852304,0.008333333333333333,0.013888888888888888,,,0.016944444444444446
avmnist,55,plain_mlp_posterior,0.989443939894056,0.7997250527981454,0.9362625241457709,0.16111111111111112,0.08333333333333334,0.006710230421049068,0.006492982808369801,0.016944444444444446
cremad,11,direct_risk_regression,0.594871072805976,0.3724309437391352,0.25823549943138435,0.4476510067114094,0.42612491605104097,,,0.2833915614082236
cremad,11,full_posterior_analytic,0.75312394697863,0.5383706024214134,0.4278308611982358,0.6315436241610739,0.5631296171927468,0.1653171056013889,0.0692491549124147,0.2833915614082236
cremad,11,learned_posterior_analytic,0.7671864443837475,0.5469425079748528,0.4426303074605743,0.6503355704697986,0.5832773673606447,0.15957406338702473,0.049964260556160565,0.2833915614082236
cremad,11,max_confidence,0.5223929511323968,0.3158713575919542,0.2062541881277646,0.3429530201342282,0.32840832773673606,,,0.2833915614082236
cremad,11,negative_entropy,0.5232937882718445,0.31499238116126604,0.2098372719462856,0.3422818791946309,0.32505036937541976,,,0.2833915614082236
cremad,11,plain_mlp_posterior,0.7820531987400872,0.572030760777451,0.4667121116871147,0.6731543624161074,0.6061114842175956,0.1531348970158143,0.03638245594225607,0.2833915614082236
cremad,22,direct_risk_regression,0.5861994647511418,0.3583589641799493,0.2228662029231764,0.4080536912751678,0.41739422431161854,,,0.27929320075248587
cremad,22,full_posterior_analytic,0.7434528481661579,0.5110229516288782,0.4063097648867844,0.5973154362416108,0.5433176628609806,0.17192691499256232,0.06706410306592205,0.27929320075248587
cremad,22,learned_posterior_analytic,0.7672364128720875,0.5499341762876633,0.4465180677885385,0.640268456375839,0.5708529214237743,0.1603070530613896,0.03914992876268371,0.27929320075248587
cremad,22,max_confidence,0.4749073915469032,0.2664936440073329,0.14556308462687884,0.2442953020134228,0.2531900604432505,,,0.27929320075248587
cremad,22,negative_entropy,0.4770215055844178,0.2668379002394399,0.15295973013683026,0.2436241610738255,0.25251846877098727,,,0.27929320075248587
cremad,22,plain_mlp_posterior,0.7880921675269488,0.587272735596067,0.4840969104936758,0.6932885906040269,0.6178643384822029,0.15217472533087667,0.027275108062687813,0.27929320075248587
cremad,33,direct_risk_regression,0.5941165152450399,0.3713975238952912,0.2576562483508388,0.4563758389261745,0.44190732034922764,,,0.2752620263370062
cremad,33,full_posterior_analytic,0.7491298648673684,0.51626895826243,0.4086379580827654,0.6120805369127517,0.5436534586971122,0.16646902508982697,0.06614171280318579,0.2752620263370062
cremad,33,learned_posterior_analytic,0.7523213828677913,0.529213292338596,0.4099674755714647,0.623489932885906,0.5537273337810611,0.16211157310256324,0.05061450422273322,0.2752620263370062
cremad,33,max_confidence,0.49479026760802547,0.2811271148960956,0.19166190418154344,0.27986577181208055,0.2780389523169913,,,0.2752620263370062
cremad,33,negative_entropy,0.49742601850230495,0.2813205436952509,0.18821928116045344,0.27986577181208055,0.2790463398253862,,,0.2752620263370062
cremad,33,plain_mlp_posterior,0.7714904739245736,0.5514014556463995,0.43969214637707477,0.6483221476510067,0.5829415715245131,0.15582800849291864,0.03593116185711758,0.2752620263370062
cremad,44,direct_risk_regression,0.595983481844981,0.3872237281793787,0.24563351150098456,0.46241610738255035,0.4479516453995971,,,0.28507121741467345
cremad,44,full_posterior_analytic,0.7424512455152267,0.5217157234784984,0.39049779932814355,0.6053691275167785,0.5594358629952989,0.17212283651399585,0.07491817592882594,0.28507121741467345
cremad,44,learned_posterior_analytic,0.770927105030148,0.5554133788967769,0.43008926054742536,0.648993288590604,0.5883143049026192,0.16137019256916668,0.05548385064074765,0.28507121741467345
cremad,44,max_confidence,0.5093166714128465,0.2981656948642955,0.19258501545766193,0.29261744966442954,0.30288784419073206,,,0.28507121741467345
cremad,44,negative_entropy,0.5151227013484883,0.30121288209057057,0.20130550074863152,0.3006711409395973,0.30188045668233715,,,0.28507121741467345
cremad,44,plain_mlp_posterior,0.7831985121436593,0.5854212294626402,0.46200690027486035,0.6906040268456376,0.6141705842847549,0.15446338760311878,0.036042496469753806,0.28507121741467345
cremad,55,direct_risk_regression,0.6116950307705149,0.3869321925792668,0.2525785270660978,0.4476510067114094,0.4425789120214909,,,0.2822493953238377
cremad,55,full_posterior_analytic,0.7487504311578312,0.5345149399789422,0.4109305928238475,0.6093959731543624,0.5621222296843519,0.16924808442913059,0.08248172079221106,0.2822493953238377
cremad,55,learned_posterior_analytic,0.7617534886105358,0.5498324350418311,0.4224493986570777,0.6422818791946309,0.5721961047683009,0.1602754573491833,0.04972733884867919,0.2822493953238377
cremad,55,max_confidence,0.5066508981201212,0.3008490964837726,0.18823819101548378,0.31140939597315437,0.3055742108797851,,,0.2822493953238377
cremad,55,negative_entropy,0.5063877986372216,0.30010479518604155,0.18447984139766807,0.31342281879194633,0.3049026192075218,,,0.2822493953238377
cremad,55,plain_mlp_posterior,0.7737790428694674,0.5647732246545434,0.4387382043299269,0.6583892617449665,0.5910006715916722,0.15568125005543176,0.04270034028686224,0.2822493953238377
mosei,11,direct_risk_regression,0.6579736730348064,0.3567936011975838,0.4550639876418036,0.44963369963369965,0.3895002292526364,,,0.19721152082186755
mosei,11,full_posterior_analytic,0.8686673569045541,0.6262719236982449,0.37490290073469296,0.701923076923077,0.5955983493810179,0.10129761580804696,0.01829229469860185,0.19721152082186755
mosei,11,learned_posterior_analytic,0.8781361250048779,0.6400931936925248,0.4531004479439284,0.7097069597069597,0.6031636863823934,0.09976108952652975,0.017628675511461713,0.19721152082186755
mosei,11,max_confidence,0.39009153120273893,0.16254119662245445,0.16131779958470616,0.09523809523809523,0.09841632841354364,,,0.19721152082186755
mosei,11,negative_entropy,0.3900915639902309,0.16254124949718837,0.16131789498071272,0.09523809523809523,0.09841632841354364,,,0.19721152082186755
mosei,11,plain_mlp_posterior,0.8788494894052302,0.6430788834745432,0.46437067842601376,0.717948717948718,0.6059147180192572,0.09868253596460429,0.01418023318580961,0.19721152082186755
mosei,22,direct_risk_regression,0.6751242396272855,0.4101687450712741,0.4394545671769086,0.5627289377289377,0.4591930307198533,,,0.22202348192992113
mosei,22,full_posterior_analytic,0.8649958592747268,0.636370414623455,0.36803615384710403,0.7257326007326007,0.6393856029344337,0.10562502319637025,0.013816225264564672,0.22202348192992113
mosei,22,learned_posterior_analytic,0.874842733717811,0.6606071014137896,0.4865390710018637,0.7440476190476191,0.6494727189362678,0.10240243512015425,0.01677777937231271,0.22202348192992113
mosei,22,max_confidence,0.4214752549594534,0.18703983366136256,0.18821442698535518,0.11355311355311355,0.13182026593305823,,,0.22202348192992113
mosei,22,negative_entropy,0.42147539267241935,0.187040032436081,0.18821446874843173,0.11355311355311355,0.13182026593305823,,,0.22202348192992113
mosei,22,plain_mlp_posterior,0.8741559209826927,0.6587402605993541,0.4655790212674505,0.74496336996337,0.6462631820265933,0.10294111164895153,0.013467197281458844,0.22202348192992113
mosei,33,direct_risk_regression,0.5953593481920226,0.3069566216205195,0.31519207148037626,0.38369963369963367,0.29848693259972486,,,0.18473674555127498
mosei,33,full_posterior_analytic,0.8673815457482429,0.5963810344017582,0.40295866490629395,0.6639194139194139,0.5522696011004126,0.10175168289981007,0.019591718505087462,0.18473674555127498
mosei,33,learned_posterior_analytic,0.878011606985703,0.6214176256399111,0.4360512077439897,0.689102564102564,0.5765703805593764,0.09785879141217106,0.01591089427572082,0.18473674555127498
mosei,33,max_confidence,0.3850514793963249,0.16004468716209244,0.18694808258451165,0.1185897435897436,0.11714809720311785,,,0.18473674555127498
mosei,33,negative_entropy,0.3850514543939075,0.16004501944847813,0.1869480659403083,0.1185897435897436,0.11714809720311785,,,0.18473674555127498
mosei,33,plain_mlp_posterior,0.8790241533596675,0.6227783860458737,0.43530148213922937,0.6836080586080585,0.5765703805593764,0.09725734496773762,0.013666903764079379,0.18473674555127498
mosei,44,direct_risk_regression,0.679948943184208,0.39831462940793877,0.4261156890699642,0.5613553113553114,0.4321412196240257,,,0.18799302880205468
mosei,44,full_posterior_analytic,0.871099521074409,0.6111883667085888,0.38321387261535717,0.690934065934066,0.5701513067400276,0.10034227910970107,0.019851356284946005,0.18799302880205468
mosei,44,learned_posterior_analytic,0.8766098279978483,0.6275752343147019,0.3903435629382952,0.6973443223443224,0.5767996331957818,0.09866862502099498,0.01851330031015504,0.18799302880205468
mosei,44,max_confidence,0.3769261026786724,0.1543413258851768,0.18045507556774779,0.08791208791208792,0.09536909674461257,,,0.18799302880205468
mosei,44,negative_entropy,0.3769260199759851,0.15434123707374406,0.18045488275351484,0.08791208791208792,0.09536909674461257,,,0.18799302880205468
mosei,44,plain_mlp_posterior,0.8766355381365067,0.6288580708181585,0.38813826961404296,0.7065018315018315,0.5850527281063732,0.0981982434245539,0.013507857797977911,0.18799302880205468
mosei,55,direct_risk_regression,0.6276513716482603,0.3446216071459673,0.43758222195972946,0.4583333333333333,0.36061439706556625,,,0.18308567235369658
mosei,55,full_posterior_analytic,0.8649009186736142,0.6057566901798026,0.3867396423068645,0.6771978021978021,0.552498853736818,0.10072259966174775,0.012341087160860445,0.18308567235369658
mosei,55,learned_posterior_analytic,0.877190196438332,0.6294748340048884,0.48187517304016464,0.695970695970696,0.567629527739569,0.0972222113308971,0.013618526204851466,0.18308567235369658
mosei,55,max_confidence,0.37913990179760343,0.14954396151476115,0.18138333981871432,0.08653846153846155,0.08459422283356259,,,0.18308567235369658
mosei,55,negative_entropy,0.3791396306177082,0.14954399346587632,0.18138296425799405,0.08653846153846155,0.08459422283356259,,,0.18308567235369658
mosei,55,plain_mlp_posterior,0.8780752496876696,0.6276362731487971,0.4703622751251379,0.7046703296703297,0.5774873911049977,0.09695867412515491,0.013266341583948548,0.18308567235369658
mosi,11,direct_risk_regression,0.7035205918974589,0.5368542952816782,0.486048719688222,0.5075757575757576,0.5643939393939393,,,0.36788617886178865
mosi,11,full_posterior_analytic,0.7879312119710725,0.6144811187391506,0.21893524568923292,0.6641414141414141,0.6565656565656566,0.15239358964279917,0.064620878165531,0.36788617886178865
mosi,11,learned_posterior_analytic,0.8027358962432533,0.6489239109017232,0.42749230309283237,0.7146464646464646,0.672979797979798,0.14568819217380152,0.055955022535139204,0.36788617886178865
mosi,11,max_confidence,0.46842566954552933,0.34316953547096857,-0.04439417256610783,0.20707070707070707,0.2676767676767677,,,0.36788617886178865
mosi,11,negative_entropy,0.4684256630954398,0.3431659946832189,-0.044394292421001125,0.20707070707070707,0.2676767676767677,,,0.36788617886178865
mosi,11,plain_mlp_posterior,0.8174178096067627,0.6639031437282249,0.4058753448293831,0.7247474747474748,0.6843434343434343,0.14405855139351753,0.06012450099938807,0.36788617886178865
mosi,22,direct_risk_regression,0.7026893550848764,0.4456842058110222,0.39663751177055584,0.5252525252525252,0.5214646464646465,,,0.22738821138211382
mosi,22,full_posterior_analytic,0.8289485939525895,0.5766188803474274,0.49015285362239464,0.6186868686868686,0.5757575757575758,0.13232644130885482,0.05228021615790582,0.22738821138211382
mosi,22,learned_posterior_analytic,0.8057998720021436,0.5588829790342239,0.3172404748181255,0.6515151515151515,0.5555555555555555,0.13582790362002214,0.04452238405573871,0.22738821138211382
mosi,22,max_confidence,0.4044218382469915,0.20850710654311713,0.06088030116445964,0.15404040404040406,0.16287878787878787,,,0.22738821138211382
mosi,22,negative_entropy,0.40442975021169053,0.208507883500428,0.06088954740358587,0.15404040404040406,0.16287878787878787,,,0.22738821138211382
mosi,22,plain_mlp_posterior,0.8291726808160168,0.5936276598916309,0.32787601366453906,0.6919191919191919,0.5921717171717172,0.13146897968583507,0.0537106353584658,0.22738821138211382
mosi,33,direct_risk_regression,0.7177664845468591,0.5055294616833521,0.32431071881617957,0.5505050505050505,0.5505050505050505,,,0.30691056910569103
mosi,33,full_posterior_analytic,0.8195130734217432,0.6373453757941422,0.3034600978897671,0.7348484848484849,0.6527777777777778,0.13947634518822766,0.0402510145128273,0.30691056910569103
mosi,33,learned_posterior_analytic,0.8174954067976051,0.6403187389073718,0.3123739350285015,0.7348484848484849,0.6401515151515151,0.1398435829045675,0.03415816492870511,0.30691056910569103
mosi,33,max_confidence,0.4306965908439058,0.2729088026716018,-0.051621763197182174,0.1818181818181818,0.18813131313131315,,,0.30691056910569103
mosi,33,negative_entropy,0.43069887432429527,0.27291107732766956,-0.05161729301198576,0.1818181818181818,0.18813131313131315,,,0.30691056910569103
mosi,33,plain_mlp_posterior,0.8329453716568028,0.6555174456236428,0.2696093598388307,0.7474747474747474,0.6767676767676768,0.13833866338887382,0.050189306516563746,0.30691056910569103
mosi,44,direct_risk_regression,0.7097710728506227,0.5323901379792089,0.3883404730136606,0.5530303030303031,0.5858585858585859,,,0.3541666666666667
mosi,44,full_posterior_analytic,0.8144788426680846,0.6476793524938819,0.2503259850520451,0.702020202020202,0.6868686868686869,0.1504925300761666,0.04416689749975591,0.3541666666666667
mosi,44,learned_posterior_analytic,0.8201356471665003,0.6745408006860275,0.35514350465923544,0.7525252525252526,0.6919191919191919,0.14705683556058008,0.042689607792904954,0.3541666666666667
mosi,44,max_confidence,0.4444642114446357,0.32457067618063423,-0.0525435844974635,0.1994949494949495,0.24873737373737373,,,0.3541666666666667
mosi,44,negative_entropy,0.44446962558289976,0.3245715232181823,-0.052538581675209896,0.1994949494949495,0.24873737373737373,,,0.3541666666666667
mosi,44,plain_mlp_posterior,0.8402568310029813,0.7013126685985815,0.3993248183985311,0.7905171114126338,0.7297979797979798,0.14135560331241329,0.04947863334891144,0.3541666666666667
mosi,55,direct_risk_regression,0.7027515569791171,0.4617576701917032,0.37978517761602876,0.5833333333333334,0.5618686868686869,,,0.23145325203252032
mosi,55,full_posterior_analytic,0.8247394658693877,0.6178434290787185,0.4047084753693062,0.7045454545454546,0.6212121212121212,0.1253508166231906,0.04324866202470612,0.23145325203252032
mosi,55,learned_posterior_analytic,0.8196128012002472,0.6042414923555447,0.3283442428910108,0.702020202020202,0.6035353535353535,0.12856742753285053,0.05495543443414239,0.23145325203252032
mosi,55,max_confidence,0.46801159478679905,0.23125365283899643,0.06880819337721478,0.21212121212121213,0.2159090909090909,,,0.23145325203252032
mosi,55,negative_entropy,0.4680104099807518,0.23125318689398536,0.06880746757609003,0.21212121212121213,0.2159090909090909,,,0.23145325203252032
mosi,55,plain_mlp_posterior,0.8258172703651708,0.5957696869270221,0.25940717588139,0.6843434343434343,0.6085858585858586,0.1309463644252498,0.05810873414405406,0.23145325203252032
