dataset,method,auroc_mean,auroc_std,auprc_mean,auprc_std,spearman_mean,spearman_std,top10_precision_mean,top20_precision_mean,brier_mean,ece_mean,safe_prevalence
avmnist,direct_risk_regression,0.6991910646477462,0.09444968581567442,0.26306076405414863,0.0744571845350422,0.8272815600823794,0.05450680945720882,0.0624154109400011,0.037037037037037035,,,0.014166666666666666
avmnist,full_posterior_analytic,0.9842135937361721,0.006423351664207686,0.7249148576867024,0.06977135052538823,0.9529010254820498,0.010573858648595206,0.13777777777777778,0.07013888888888889,0.006432801316119292,0.004385968759113833,0.014166666666666666
avmnist,learned_posterior_analytic,0.9881852238980022,0.006104872441571338,0.7756775463262355,0.05466423569436389,0.9609079889802347,0.006539598642683703,0.13722222222222222,0.07013888888888889,0.005731978135762315,0.003948396356662348,0.014166666666666666
avmnist,max_confidence,0.36711751827586736,0.02988930676236343,0.011900911648104385,0.0035456847166165876,0.9007420590719588,0.0298254147054748,0.005,0.0077777777777777776,,,0.014166666666666666
avmnist,negative_entropy,0.36420356884884125,0.030559139244180876,0.011891430646883321,0.0034998171075721514,0.8973573438208089,0.030742590712080374,0.005277777777777778,0.0077777777777777776,,,0.014166666666666666
avmnist,plain_mlp_posterior,0.9851800338347674,0.0036301658049110634,0.7211039739999102,0.05005828728830548,0.933985509664757,0.004759019081605444,0.13555555555555557,0.06972222222222221,0.007280206458251487,0.006215973712935837,0.014166666666666666
cremad,direct_risk_regression,0.5965731130835307,0.009294681991601004,0.3752686705146043,0.012123714245701049,0.2473939978544964,0.01461543123919954,0.44442953020134224,0.43519140362659503,,,0.28105348024724536
cremad,full_posterior_analytic,0.7473816673370429,0.004405909778436147,0.5243786351540324,0.011723396093036676,0.4088413952639553,0.013303219665019949,0.6111409395973155,0.554331766286098,0.16901679332538094,0.0719709735005119,0.28105348024724536
cremad,learned_posterior_analytic,0.763884966752862,0.007245400756549078,0.546267158107944,0.010013765672630981,0.4303309020050161,0.014917651728704674,0.6410738255033557,0.57367360644728,0.16072766789386553,0.04898797660620087,0.28105348024724536
cremad,max_confidence,0.5016116359640586,0.01786247834575505,0.2925013815686902,0.01906371503761747,0.1848604766818665,0.023017997204391023,0.2942281879194631,0.293619879113499,,,0.28105348024724536
cremad,negative_entropy,0.5038503624688554,0.01783683527288645,0.2928937004745138,0.01885737946747953,0.1873603250779738,0.021749235556078644,0.2959731543624161,0.29267965077233044,,,0.28105348024724536
cremad,plain_mlp_posterior,0.7797226790409473,0.006903931621914285,0.5721798812274203,0.014914349836673186,0.4582492546325305,0.01922815978279825,0.672751677852349,0.6024177300201478,0.15425645369963203,0.0356663125237355,0.28105348024724536
mosei,direct_risk_regression,0.6472115151373166,0.035489187988822404,0.3633710408886567,0.04179853518752493,0.4146817074657564,0.05656363738834934,0.4831501831501831,0.38798716185236126,,,0.195010089891763
mosei,full_posterior_analytic,0.8674090403351095,0.0026133255503016845,0.6151936859223699,0.01604833728602188,0.38317024688206247,0.013244940157623744,0.6919413919413919,0.581980742778542,0.10194784013513522,0.016778536382812088,0.195010089891763
mosei,learned_posterior_analytic,0.8769580980289143,0.001336745724980518,0.6358335978131631,0.015397445699269785,0.4495818925336483,0.039093888149249335,0.7072344322344323,0.5947271893626777,0.09918263048214943,0.01648983513490035,0.195010089891763
mosei,max_confidence,0.3905368540069586,0.018045881607024968,0.16270220096916949,0.01451251326273511,0.17966374490820702,0.01079736842995492,0.10036630036630037,0.10546960222557897,,,0.195010089891763
mosei,negative_entropy,0.3905368123300502,0.018046000740209484,0.16270230638427358,0.014512586790668917,0.17966365533619233,0.010797314884677209,0.10036630036630037,0.10546960222557897,,,0.195010089891763
mosei,plain_mlp_posterior,0.8773480703143534,0.002018032641107687,0.6362183748173453,0.014686403239053809,0.44475034531437496,0.034528865795172316,0.7115384615384615,0.5982576799633195,0.09880758202620045,0.01361770672265486,0.195010089891763
mosi,direct_risk_regression,0.7072998122717868,0.006555223216635013,0.4964431541893929,0.04119271960089776,0.3950245201809294,0.05823521784455169,0.543939393939394,0.5568181818181819,,,0.2975609756097561
mosi,full_posterior_analytic,0.8151222375765755,0.0161454674799091,0.6187936312906641,0.02727985694348009,0.3335165315245492,0.11242348237539766,0.6848484848484848,0.6386363636363637,0.14000794456784776,0.048913533672145224,0.2975609756097561
mosi,learned_posterior_analytic,0.81315592468195,0.008245110506495667,0.6253815843769782,0.04489698284681426,0.3481188920979411,0.04735952627365443,0.711111111111111,0.6328282828282827,0.13939678835836436,0.046456122749326076,0.2975609756097561
mosi,max_confidence,0.4432039809735723,0.02698902027069408,0.2760819547410637,0.05796098957378599,-0.0037742051438158174,0.06278182995228568,0.19090909090909092,0.21666666666666665,,,0.2975609756097561
mosi,negative_entropy,0.4432068646390154,0.026985702915292505,0.2760819331246968,0.05795997468155941,-0.0037706304257041747,0.06278219693930205,0.19090909090909092,0.21666666666666665,,,0.2975609756097561
mosi,plain_mlp_posterior,0.8291219926895469,0.0084633697714963,0.6420261209538205,0.046523067989215613,0.33241854252253483,0.06922542743344137,0.7278003919794964,0.6583333333333333,0.1372336324411779,0.05432236207347663,0.2975609756097561
