dataset,train_seed,coalition,method,n,auroc,auprc,spearman,top10_precision,top20_precision,brier,ece,safe_prevalence
mosi,11,text,max_confidence,656,0.4551407496612976,0.49284672726244316,-0.10115658124165425,0.24242424242424243,0.3560606060606061,,,0.5548780487804879
mosi,11,text,negative_entropy,656,0.4551407496612976,0.49284672726244316,-0.10115658124165425,0.24242424242424243,0.3560606060606061,,,0.5548780487804879
mosi,11,text,direct_risk_regression,656,0.7243903356917055,0.7124089231994455,0.2721717355800459,0.6666666666666666,0.7348484848484849,,,0.5548780487804879
mosi,11,text,full_posterior_analytic,656,0.869467860906217,0.8875339516627652,-0.2757424081921092,0.9696969696969697,0.9318181818181818,0.1554617141466911,0.09159397160373176,0.5548780487804879
mosi,11,text,plain_mlp_posterior,656,0.8726196748457022,0.8848051920999833,0.11533066373129043,0.9393939393939394,0.9318181818181818,0.14722281201859028,0.06065616062018882,0.5548780487804879
mosi,11,text,learned_posterior_analytic,656,0.8743884540117417,0.8860569728334641,0.2196730288330326,0.9393939393939394,0.9318181818181818,0.14912133849143502,0.08282945635331022,0.5548780487804879
mosi,11,audio,max_confidence,656,0.5705836354588754,0.26785320251549555,0.05866595973016683,0.2878787878787879,0.26515151515151514,,,0.20579268292682926
mosi,11,audio,negative_entropy,656,0.5705765266225918,0.267841113723317,0.05865973293047644,0.2878787878787879,0.26515151515151514,,,0.20579268292682926
mosi,11,audio,direct_risk_regression,656,0.6885903177649818,0.3735472456479151,0.6678113577102162,0.3787878787878788,0.38636363636363635,,,0.20579268292682926
mosi,11,audio,full_posterior_analytic,656,0.6950451411104003,0.3397393282550445,0.7611251903535134,0.3787878787878788,0.3939393939393939,0.1546779979860722,0.04653693279024305,0.20579268292682926
mosi,11,audio,plain_mlp_posterior,656,0.7492713442809413,0.4324306083288657,0.6928407525286048,0.5,0.4393939393939394,0.14671492208673861,0.06298585614138398,0.20579268292682926
mosi,11,audio,learned_posterior_analytic,656,0.7183763417928486,0.39645002375773974,0.63094122993816,0.4696969696969697,0.4166666666666667,0.14867682799814175,0.03538133076778273,0.20579268292682926
mosi,11,vision,max_confidence,656,0.4931490384615385,0.2167063137599171,0.011108426376189045,0.21212121212121213,0.23484848484848486,,,0.2073170731707317
mosi,11,vision,negative_entropy,656,0.49315610859728504,0.2167063137599171,0.011119563828719346,0.21212121212121213,0.23484848484848486,,,0.2073170731707317
mosi,11,vision,direct_risk_regression,656,0.6806136877828055,0.35489326363886825,0.6901887629700167,0.30303030303030304,0.36363636363636365,,,0.2073170731707317
mosi,11,vision,full_posterior_analytic,656,0.6970871040723983,0.3503725989066947,0.7611557961187598,0.3787878787878788,0.4015151515151515,0.1546120259258389,0.04378327207140079,0.2073170731707317
mosi,11,vision,plain_mlp_posterior,656,0.7524179864253394,0.44931554215347946,0.6938503177016586,0.5151515151515151,0.44696969696969696,0.1463890161088068,0.06364488289208811,0.2073170731707317
mosi,11,vision,learned_posterior_analytic,656,0.721337669683258,0.41992565302235974,0.634389862061304,0.5,0.4166666666666667,0.14833725983992427,0.03827442517276945,0.2073170731707317
mosi,11,text+audio,max_confidence,656,0.3869973938942665,0.39123141366776043,-0.12025037046259703,0.10606060606060606,0.25,,,0.4817073170731707
mosi,11,text+audio,negative_entropy,656,0.3869973938942665,0.39123141366776043,-0.12025037046259703,0.10606060606060606,0.25,,,0.4817073170731707
mosi,11,text+audio,direct_risk_regression,656,0.7412043931496649,0.7123048461152006,0.3645096693920606,0.7575757575757576,0.7575757575757576,,,0.4817073170731707
mosi,11,text+audio,full_posterior_analytic,656,0.8858711839166047,0.8546887202028046,-0.3588904083848405,0.8939393939393939,0.8712121212121212,0.14085409403529292,0.06588717610802411,0.4817073170731707
mosi,11,text+audio,plain_mlp_posterior,656,0.895355547282204,0.8713901473410087,0.08335163480163714,0.9242424242424242,0.9090909090909091,0.13303137725255615,0.045289040781648436,0.4817073170731707
mosi,11,text+audio,learned_posterior_analytic,656,0.894313104988831,0.8653461328869284,0.18859606232600548,0.9090909090909091,0.9015151515151515,0.13377932705502027,0.05998737353365869,0.4817073170731707
mosi,11,text+vision,max_confidence,656,0.3813156906906906,0.450257531324734,-0.16232942944753684,0.10606060606060606,0.25,,,0.5487804878048781
mosi,11,text+vision,negative_entropy,656,0.3813156906906906,0.450257531324734,-0.16232942944753684,0.10606060606060606,0.25,,,0.5487804878048781
mosi,11,text+vision,direct_risk_regression,656,0.6960867117117118,0.7001411957448549,0.22406266071347694,0.6363636363636364,0.7575757575757576,,,0.5487804878048781
mosi,11,text+vision,full_posterior_analytic,656,0.8728040540540541,0.8848420835793744,-0.3390390839660456,0.9696969696969697,0.9242424242424242,0.15560370559474743,0.10051571627192928,0.5487804878048781
mosi,11,text+vision,plain_mlp_posterior,656,0.8760698198198198,0.8810881645376826,0.15197872967328202,0.9242424242424242,0.9242424242424242,0.1461368795241429,0.06971384612303909,0.5487804878048781
mosi,11,text+vision,learned_posterior_analytic,656,0.8774117867867868,0.8843318079238566,0.2564120619106173,0.9393939393939394,0.9318181818181818,0.14800471460597456,0.08662273874790295,0.5487804878048781
mosi,11,audio+vision,max_confidence,656,0.5233675091065074,0.24012202429546128,0.04759695964878525,0.2878787878787879,0.25,,,0.20884146341463414
mosi,11,audio+vision,negative_entropy,656,0.5233675091065074,0.24011286836114198,0.0475913298665856,0.2878787878787879,0.25,,,0.20884146341463414
mosi,11,audio+vision,direct_risk_regression,656,0.6902381052838839,0.3678302973437846,0.6975481317635155,0.30303030303030304,0.38636363636363635,,,0.20884146341463414
mosi,11,audio+vision,full_posterior_analytic,656,0.707311927766761,0.3697100298282199,0.7650023882061195,0.3939393939393939,0.4166666666666667,0.15315200016815242,0.03940820014785702,0.20884146341463414
mosi,11,audio+vision,plain_mlp_posterior,656,0.7587724849865688,0.46438920790832944,0.6978999705398258,0.5454545454545454,0.45454545454545453,0.1448563013702704,0.05845721943797999,0.20884146341463414
mosi,11,audio+vision,learned_posterior_analytic,656,0.7305880201960536,0.4414328749859908,0.6349415734878749,0.5303030303030303,0.4393939393939394,0.1462096850523133,0.03263481063541117,0.20884146341463414
mosi,22,text,max_confidence,656,0.3123236762152778,0.15657798754733077,0.06891553295508719,0.06060606060606061,0.06060606060606061,,,0.21951219512195122
mosi,22,text,negative_entropy,656,0.3123236762152778,0.15657798754733077,0.06891553295508719,0.06060606060606061,0.06060606060606061,,,0.21951219512195122
mosi,22,text,direct_risk_regression,656,0.6887613932291667,0.4493375826672914,0.32172438237406337,0.5606060606060606,0.5227272727272727,,,0.21951219512195122
mosi,22,text,full_posterior_analytic,656,0.8425835503472223,0.5952922992692095,0.4054133819755295,0.6818181818181818,0.5681818181818182,0.12804589340328099,0.05825554122921171,0.21951219512195122
mosi,22,text,plain_mlp_posterior,656,0.8454318576388888,0.618530182619975,0.0959903280680861,0.7121212121212122,0.5909090909090909,0.12707788666758066,0.06470494928326821,0.21951219512195122
mosi,22,text,learned_posterior_analytic,656,0.8244222005208334,0.5720385311195373,0.11802358850089543,0.6515151515151515,0.5984848484848485,0.13018146109561002,0.04861449095329677,0.21951219512195122
mosi,22,audio,max_confidence,656,0.5347253461288549,0.2654635165674665,0.11797797740907705,0.24242424242424243,0.2878787878787879,,,0.24695121951219512
mosi,22,audio,negative_entropy,656,0.5347253461288549,0.2654635165674665,0.11797797740907705,0.24242424242424243,0.2878787878787879,,,0.24695121951219512
mosi,22,audio,direct_risk_regression,656,0.7581971310041485,0.4870110638615583,0.44021570773313545,0.6060606060606061,0.5606060606060606,,,0.24695121951219512
mosi,22,audio,full_posterior_analytic,656,0.8097165991902834,0.5834062976269491,0.6598879926760405,0.6212121212121212,0.6136363636363636,0.14671911700310536,0.06360749229107324,0.24695121951219512
mosi,22,audio,plain_mlp_posterior,656,0.8014070075473584,0.5869638684002076,0.6087201266211519,0.7272727272727273,0.6060606060606061,0.1460599808219376,0.051442012720366526,0.24695121951219512
mosi,22,audio,learned_posterior_analytic,656,0.7718298595491578,0.5505983372216198,0.5579892853891754,0.7121212121212122,0.5303030303030303,0.15151605359611758,0.04268898972219265,0.24695121951219512
mosi,22,vision,max_confidence,656,0.5141262478298612,0.24966577708709664,0.08434572795638068,0.25757575757575757,0.25757575757575757,,,0.21951219512195122
mosi,22,vision,negative_entropy,656,0.5141737196180556,0.2496704388309618,0.08440120539113807,0.25757575757575757,0.25757575757575757,,,0.21951219512195122
mosi,22,vision,direct_risk_regression,656,0.7383355034722223,0.4100811698457466,0.6079646318076495,0.42424242424242425,0.4393939393939394,,,0.21951219512195122
mosi,22,vision,full_posterior_analytic,656,0.7722710503472222,0.4616903766071051,0.7472385470091484,0.45454545454545453,0.5,0.14564882800086337,0.04525414612371383,0.21951219512195122
mosi,22,vision,plain_mlp_posterior,656,0.7738037109375,0.4889951204130215,0.6265907479324266,0.5606060606060606,0.5075757575757576,0.1453053877072997,0.053061175553366625,0.21951219512195122
mosi,22,vision,learned_posterior_analytic,656,0.7404920789930556,0.457907927634167,0.5833354923858702,0.5606060606060606,0.42424242424242425,0.14988589796121768,0.04069805915876315,0.21951219512195122
mosi,22,text+audio,max_confidence,656,0.2698555505573049,0.16482085754383216,-0.06390184101967018,0.06060606060606061,0.05303030303030303,,,0.24695121951219512
mosi,22,text+audio,negative_entropy,656,0.2698555505573049,0.16482085754383216,-0.06390184101967018,0.06060606060606061,0.05303030303030303,,,0.24695121951219512
mosi,22,text+audio,direct_risk_regression,656,0.6923701704403458,0.4981033045469843,0.3183079713204427,0.5757575757575758,0.6439393939393939,,,0.24695121951219512
mosi,22,text+audio,full_posterior_analytic,656,0.9079822062278203,0.7210557685233033,0.08267852050625593,0.7575757575757576,0.6893939393939394,0.10724115047684656,0.03816003508570537,0.24695121951219512
mosi,22,text+audio,plain_mlp_posterior,656,0.9092317688808916,0.7534863812132405,0.0011110530404500462,0.8181818181818182,0.7196969696969697,0.10614731536759514,0.04524669419582252,0.24695121951219512
mosi,22,text+audio,learned_posterior_analytic,656,0.8958864397460888,0.7304807698220104,-0.02406167877850861,0.7878787878787878,0.7196969696969697,0.10987948824726948,0.03515950471117365,0.24695121951219512
mosi,22,text+vision,max_confidence,656,0.2920727893958114,0.12607475009649557,0.07532199974924528,0.0,0.022727272727272728,,,0.1875
mosi,22,text+vision,negative_entropy,656,0.2920727893958114,0.12607475009649557,0.07532199974924528,0.0,0.022727272727272728,,,0.1875
mosi,22,text+vision,direct_risk_regression,656,0.6165591299440198,0.3753582308470815,0.32282657249499414,0.48484848484848486,0.4696969696969697,,,0.1875
mosi,22,text+vision,full_posterior_analytic,656,0.8376729358287955,0.5347407099259995,0.3991369471756607,0.5909090909090909,0.5075757575757576,0.12026220015827045,0.05526927584305224,0.1875
mosi,22,text+vision,plain_mlp_posterior,656,0.8424777681172684,0.5478696828115107,0.05067657976067525,0.6818181818181818,0.5227272727272727,0.11846321393507102,0.05590807135847238,0.1875
mosi,22,text+vision,learned_posterior_analytic,656,0.8245854878811453,0.4988495405885655,0.1135707472136161,0.5454545454545454,0.5075757575757576,0.1228189030088732,0.053322510765411155,0.1875
mosi,22,audio+vision,max_confidence,656,0.5034274193548387,0.2884397504164811,0.08262240993663779,0.30303030303030304,0.29545454545454547,,,0.24390243902439024
mosi,22,audio+vision,negative_entropy,656,0.5034274193548387,0.2884397504164811,0.08262240993663779,0.30303030303030304,0.29545454545454547,,,0.24390243902439024
mosi,22,audio+vision,direct_risk_regression,656,0.7219128024193548,0.4542138830974709,0.36878580489304996,0.5,0.49242424242424243,,,0.24390243902439024
mosi,22,audio+vision,full_posterior_analytic,656,0.8034652217741935,0.5635278301319979,0.6465617323917329,0.6060606060606061,0.5757575757575758,0.14604145881076228,0.05313480637467852,0.24390243902439024
mosi,22,audio+vision,plain_mlp_posterior,656,0.8026839717741936,0.5659207238918303,0.5841672465644445,0.6515151515151515,0.6060606060606061,0.14576009361552636,0.051900909039498566,0.24390243902439024
mosi,22,audio+vision,learned_posterior_analytic,656,0.7775831653225806,0.5434227678194438,0.5545854141977044,0.6515151515151515,0.553030303030303,0.15068561781104498,0.046650749023594874,0.24390243902439024
mosi,33,text,max_confidence,656,0.4087049722727061,0.3916808679598416,-0.09050577493595692,0.10606060606060606,0.1893939393939394,,,0.4740853658536585
mosi,33,text,negative_entropy,656,0.4087049722727061,0.3916808679598416,-0.09050577493595692,0.10606060606060606,0.1893939393939394,,,0.4740853658536585
mosi,33,text,direct_risk_regression,656,0.7231557854513259,0.6329912247833569,0.25678983057137206,0.5909090909090909,0.6287878787878788,,,0.4740853658536585
mosi,33,text,full_posterior_analytic,656,0.8807866163381333,0.8584284842491215,-0.05948899976724742,0.9545454545454546,0.9090909090909091,0.14123909397002535,0.04894964361745048,0.4740853658536585
mosi,33,text,plain_mlp_posterior,656,0.8858753902791371,0.8636693252434933,-0.12192046756087506,0.9393939393939394,0.9318181818181818,0.14029474768929326,0.0604146151383203,0.4740853658536585
mosi,33,text,learned_posterior_analytic,656,0.8791462789505567,0.8529342891877589,0.0054708017917720194,0.9545454545454546,0.8863636363636364,0.1419578890126256,0.045195292746761775,0.4740853658536585
mosi,33,audio,max_confidence,656,0.5399523533578006,0.27679933539895896,0.013718375397521604,0.3333333333333333,0.29545454545454547,,,0.23628048780487804
mosi,33,audio,negative_entropy,656,0.5399523533578006,0.27679933539895896,0.013718375397521604,0.3333333333333333,0.29545454545454547,,,0.23628048780487804
mosi,33,audio,direct_risk_regression,656,0.7160517674328761,0.43474094705600924,0.21497483132769574,0.48484848484848486,0.48484848484848486,,,0.23628048780487804
mosi,33,audio,full_posterior_analytic,656,0.7662996587470221,0.5293733087311489,0.6399155629444865,0.6060606060606061,0.5227272727272727,0.14922548336041186,0.037406787287625594,0.23628048780487804
mosi,33,audio,plain_mlp_posterior,656,0.7882815015131028,0.5386906430268157,0.6146482933173226,0.6666666666666666,0.5757575757575758,0.1474901995890401,0.052254424260066046,0.23628048780487804
mosi,33,audio,learned_posterior_analytic,656,0.7623720301332819,0.5381160052647325,0.5984486192644717,0.7121212121212122,0.5,0.14945659440429407,0.034301808833644344,0.23628048780487804
mosi,33,vision,max_confidence,656,0.4854496629582945,0.2295069369833616,-4.184913317352732e-05,0.25757575757575757,0.23484848484848486,,,0.21646341463414634
mosi,33,vision,negative_entropy,656,0.48546336384063127,0.22951569582944295,-1.7258251875323224e-05,0.25757575757575757,0.23484848484848486,,,0.21646341463414634
mosi,33,vision,direct_risk_regression,656,0.7264892859100125,0.4175169517212587,0.5679425778033091,0.48484848484848486,0.44696969696969696,,,0.21646341463414634
mosi,33,vision,full_posterior_analytic,656,0.739203704718584,0.42951487279681944,0.7216103418921154,0.5454545454545454,0.4318181818181818,0.1491609004288946,0.03649800271931582,0.21646341463414634
mosi,33,vision,plain_mlp_posterior,656,0.7605633802816901,0.46907896156108986,0.6735532543184577,0.5454545454545454,0.4621212121212121,0.14744494907818975,0.055588404704793926,0.21646341463414634
mosi,33,vision,learned_posterior_analytic,656,0.7355318682523154,0.4410331076737264,0.637610183677312,0.5151515151515151,0.4318181818181818,0.14950037777681524,0.030058743412288404,0.21646341463414634
mosi,33,text+audio,max_confidence,656,0.341575743200506,0.282836437996279,-0.09734939407704905,0.07575757575757576,0.12121212121212122,,,0.3780487804878049
mosi,33,text+audio,negative_entropy,656,0.341575743200506,0.282836437996279,-0.09734939407704905,0.07575757575757576,0.12121212121212122,,,0.3780487804878049
mosi,33,text+audio,direct_risk_regression,656,0.7263895477545858,0.5896176100272407,0.2840343176494586,0.6212121212121212,0.6666666666666666,,,0.3780487804878049
mosi,33,text+audio,full_posterior_analytic,656,0.894370651486401,0.7992816022893393,-0.12089547198117645,0.8636363636363636,0.8257575757575758,0.1282800798759039,0.04339945046571876,0.3780487804878049
mosi,33,text+audio,plain_mlp_posterior,656,0.898719165085389,0.8149788837919321,-0.09378769065452323,0.9090909090909091,0.8333333333333334,0.1277021579598589,0.04108177814859806,0.3780487804878049
mosi,33,text+audio,learned_posterior_analytic,656,0.8929672675521821,0.7950940247062834,0.007741196968949539,0.8939393939393939,0.8181818181818182,0.12857204223177077,0.026799091969889294,0.3780487804878049
mosi,33,text+vision,max_confidence,656,0.3210521842597314,0.2328482195049067,-0.10322155757055557,0.045454545454545456,0.06818181818181818,,,0.3231707317073171
mosi,33,text+vision,negative_entropy,656,0.3210521842597314,0.23285310859523198,-0.10322300393976969,0.045454545454545456,0.06818181818181818,,,0.3231707317073171
mosi,33,text+vision,direct_risk_regression,656,0.7138895971443143,0.5664402764986971,0.28274131208851117,0.6363636363636364,0.6742424242424242,,,0.3231707317073171
mosi,33,text+vision,full_posterior_analytic,656,0.8996791602923678,0.7853834488117754,-0.03380572588602814,0.8939393939393939,0.7954545454545454,0.12058879361160843,0.036695964202829987,0.3231707317073171
mosi,33,text+vision,plain_mlp_posterior,656,0.9021757606663267,0.7915765448195741,-0.08280124200322089,0.9090909090909091,0.7803030303030303,0.12040870084849087,0.02993639508012409,0.3231707317073171
mosi,33,text+vision,learned_posterior_analytic,656,0.9000297467278598,0.774455082416754,0.02911590240828799,0.8181818181818182,0.7878787878787878,0.1203839813205658,0.02826162751639126,0.3231707317073171
mosi,33,audio+vision,max_confidence,656,0.48744462901439645,0.22378101818626278,-0.032330378863879565,0.2727272727272727,0.2196969696969697,,,0.21341463414634146
mosi,33,audio+vision,negative_entropy,656,0.48744462901439645,0.22378101818626278,-0.032326702264785206,0.2727272727272727,0.2196969696969697,,,0.21341463414634146
mosi,33,audio+vision,direct_risk_regression,656,0.7006229235880399,0.39186976001355023,0.33938144345673077,0.48484848484848486,0.4015151515151515,,,0.21341463414634146
mosi,33,audio+vision,full_posterior_analytic,656,0.7367386489479513,0.4220905378866483,0.6734248801364525,0.5454545454545454,0.4318181818181818,0.14836371988252184,0.03855623878402318,0.21341463414634146
mosi,33,audio+vision,plain_mlp_posterior,656,0.7620570321151716,0.45511031529895185,0.6279640116158232,0.5151515151515151,0.4772727272727273,0.1466912251683701,0.061860221767480045,0.21341463414634146
mosi,33,audio+vision,learned_posterior_analytic,656,0.7349252491694352,0.4402799241949759,0.5958569060602159,0.5151515151515151,0.4166666666666667,0.1491906126813335,0.040332425093255575,0.21341463414634146
mosi,44,text,max_confidence,656,0.43576693741490213,0.4778744908621114,-0.12342992689961751,0.21212121212121213,0.3484848484848485,,,0.5503048780487805
mosi,44,text,negative_entropy,656,0.43576693741490213,0.4778744908621114,-0.12342992689961751,0.21212121212121213,0.3484848484848485,,,0.5503048780487805
mosi,44,text,direct_risk_regression,656,0.6910089675571623,0.6782653835653032,0.18192919147921047,0.5757575757575758,0.6666666666666666,,,0.5503048780487805
mosi,44,text,full_posterior_analytic,656,0.8619559603737265,0.8722864413852045,-0.21559910392270484,0.9242424242424242,0.9015151515151515,0.1557919589168116,0.07732182696302671,0.5503048780487805
mosi,44,text,plain_mlp_posterior,656,0.8739846941170947,0.8846214458292848,0.07960884726807095,0.9552238805970149,0.9242424242424242,0.14693598809680405,0.061363070357091196,0.5503048780487805
mosi,44,text,learned_posterior_analytic,656,0.8661533405324194,0.870447527536009,0.050730054833841624,0.9393939393939394,0.9166666666666666,0.15240902821111335,0.07891454817954362,0.5503048780487805
mosi,44,audio,max_confidence,656,0.5407951108870968,0.283797167634808,0.022087841183620192,0.2878787878787879,0.3333333333333333,,,0.24390243902439024
mosi,44,audio,negative_entropy,656,0.5407951108870968,0.283797167634808,0.022087841183620192,0.2878787878787879,0.3333333333333333,,,0.24390243902439024
mosi,44,audio,direct_risk_regression,656,0.733366935483871,0.43613136822911,0.36027646697843035,0.48484848484848486,0.5227272727272727,,,0.24390243902439024
mosi,44,audio,full_posterior_analytic,656,0.7588583669354838,0.4783246168678885,0.687676922311452,0.5606060606060606,0.5075757575757576,0.15643682914315393,0.022398476928994968,0.24390243902439024
mosi,44,audio,plain_mlp_posterior,656,0.7930065524193548,0.5592847187555706,0.6661918451406089,0.6515151515151515,0.5909090909090909,0.14752335210251066,0.04140240741643782,0.24390243902439024
mosi,44,audio,learned_posterior_analytic,656,0.7631678427419356,0.5236380690106865,0.62140379335931,0.6060606060606061,0.5227272727272727,0.15363083635196265,0.024835191383140127,0.24390243902439024
mosi,44,vision,max_confidence,656,0.5183409347834561,0.26116217029443,0.026354858247591675,0.2727272727272727,0.2878787878787879,,,0.23323170731707318
mosi,44,vision,negative_entropy,656,0.5183734196130407,0.2611620494120493,0.0263742902927945,0.2727272727272727,0.2878787878787879,,,0.23323170731707318
mosi,44,vision,direct_risk_regression,656,0.7364570745461869,0.42366019124409465,0.7490448397627723,0.4393939393939394,0.45454545454545453,,,0.23323170731707318
mosi,44,vision,full_posterior_analytic,656,0.7442534336464872,0.4386620916097204,0.774885159836165,0.4696969696969697,0.4621212121212121,0.15583462758254404,0.023108092894800362,0.23323170731707318
mosi,44,vision,plain_mlp_posterior,656,0.787055445107135,0.529309052239876,0.7428102328420733,0.6363636363636364,0.5454545454545454,0.14643755502935688,0.049627858321977456,0.23323170731707318
mosi,44,vision,learned_posterior_analytic,656,0.7518938655647811,0.48781655189272904,0.6927690840283198,0.5757575757575758,0.48484848484848486,0.15252731369456496,0.013939316770652448,0.23323170731707318
mosi,44,text+audio,max_confidence,656,0.3833231949838567,0.36725826751607793,-0.07898521229317118,0.09090909090909091,0.18181818181818182,,,0.45884146341463417
mosi,44,text+audio,negative_entropy,656,0.3833231949838567,0.36725826751607793,-0.07898521229317118,0.09090909090909091,0.18181818181818182,,,0.45884146341463417
mosi,44,text+audio,direct_risk_regression,656,0.7058069346310419,0.6470989557276422,0.24441124380150903,0.696969696969697,0.7272727272727273,,,0.45884146341463417
mosi,44,text+audio,full_posterior_analytic,656,0.8835618361330775,0.8388465953370854,-0.31737589824467227,0.8787878787878788,0.8939393939393939,0.13953208832570566,0.04619074912696351,0.45884146341463417
mosi,44,text+audio,plain_mlp_posterior,656,0.8993402274109775,0.8639553933231594,0.09631321889143411,0.9242424242424242,0.9090909090909091,0.13026010784103792,0.044060114737054915,0.45884146341463417
mosi,44,text+audio,learned_posterior_analytic,656,0.8905339010809041,0.84348253328036,0.04318233306005645,0.9090909090909091,0.8939393939393939,0.135801028980536,0.05322178086924661,0.45884146341463417
mosi,44,text+vision,max_confidence,656,0.28349180581323435,0.2857955914681035,-0.1705591921982334,0.030303030303030304,0.07575757575757576,,,0.4024390243902439
mosi,44,text+vision,negative_entropy,656,0.28349180581323435,0.2857955914681035,-0.1705591921982334,0.030303030303030304,0.07575757575757576,,,0.4024390243902439
mosi,44,text+vision,direct_risk_regression,656,0.6593228200371057,0.5842280841170964,0.2100509163036678,0.6363636363636364,0.6893939393939394,,,0.4024390243902439
mosi,44,text+vision,full_posterior_analytic,656,0.892200061842919,0.8204599706995376,-0.1578945265393324,0.9090909090909091,0.8863636363636364,0.13864391994422812,0.07443702086329279,0.4024390243902439
mosi,44,text+vision,plain_mlp_posterior,656,0.9001043599257885,0.8354304375320323,0.1186257994401228,0.9393939393939394,0.8560606060606061,0.1299581099384889,0.05099831863800518,0.4024390243902439
mosi,44,text+vision,learned_posterior_analytic,656,0.8945481601731601,0.8221644821839671,0.09604444076136179,0.8939393939393939,0.8409090909090909,0.13506538008419244,0.06736204023018662,0.4024390243902439
mosi,44,audio+vision,max_confidence,656,0.5050672847852682,0.2715363693082746,0.009270124975029204,0.30303030303030304,0.26515151515151514,,,0.23628048780487804
mosi,44,audio+vision,negative_entropy,656,0.5050672847852682,0.27154157241594346,0.009280709863348025,0.30303030303030304,0.26515151515151514,,,0.23628048780487804
mosi,44,audio+vision,direct_risk_regression,656,0.7326637048483677,0.42495684499200675,0.5843301797563735,0.48484848484848486,0.45454545454545453,,,0.23628048780487804
mosi,44,audio+vision,full_posterior_analytic,656,0.7460433970768141,0.4374963990638552,0.7302633568713632,0.4696969696969697,0.4696969696969697,0.1567157565445561,0.021545218221457076,0.23628048780487804
mosi,44,audio+vision,plain_mlp_posterior,656,0.7880497070375378,0.5352749639115659,0.6923989668088767,0.6363636363636364,0.553030303030303,0.1470185068662814,0.049420030622902074,0.23628048780487804
mosi,44,audio+vision,learned_posterior_analytic,656,0.7545167729058012,0.4996956402124131,0.6267313219125229,0.5909090909090909,0.49242424242424243,0.15290742604111104,0.017864769324660305,0.23628048780487804
mosi,55,text,max_confidence,656,0.41126795781051106,0.2413376217694284,0.1452518375201985,0.21212121212121213,0.22727272727272727,,,0.2865853658536585
mosi,55,text,negative_entropy,656,0.41126795781051106,0.2413376217694284,0.1452518375201985,0.21212121212121213,0.22727272727272727,,,0.2865853658536585
mosi,55,text,direct_risk_regression,656,0.7220176395708311,0.5639947110737752,0.4030416052009737,0.6515151515151515,0.6818181818181818,,,0.2865853658536585
mosi,55,text,full_posterior_analytic,656,0.8806260229132571,0.7531644942183554,0.13162887134503135,0.8181818181818182,0.7878787878787878,0.12212033324055595,0.04905232344470099,0.2865853658536585
mosi,55,text,plain_mlp_posterior,656,0.8773299690852883,0.7672509316794366,-0.07054503490640662,0.9242424242424242,0.7727272727272727,0.1260333200697138,0.045813979646304584,0.2865853658536585
mosi,55,text,learned_posterior_analytic,656,0.8801600290961994,0.7617181632486132,0.07129640644320223,0.8787878787878788,0.7651515151515151,0.12263807773259329,0.054943608563029926,0.2865853658536585
mosi,55,audio,max_confidence,656,0.5648254780692401,0.24314581694795595,-0.08689276434863634,0.25757575757575757,0.2727272727272727,,,0.20579268292682926
mosi,55,audio,negative_entropy,656,0.5648112603966731,0.24314302127788973,-0.08690674948303356,0.25757575757575757,0.2727272727272727,,,0.20579268292682926
mosi,55,audio,direct_risk_regression,656,0.728726807421625,0.430006782105732,0.24621320073838962,0.5,0.4696969696969697,,,0.20579268292682926
mosi,55,audio,full_posterior_analytic,656,0.7554844671927206,0.48390805331287023,0.6824466095709032,0.5454545454545454,0.49242424242424243,0.1393592916327722,0.041300172380898593,0.20579268292682926
mosi,55,audio,plain_mlp_posterior,656,0.7603611288832018,0.44326573644297235,0.570892335952939,0.5151515151515151,0.4696969696969697,0.14643985355041103,0.07802079085235075,0.20579268292682926
mosi,55,audio,learned_posterior_analytic,656,0.743470533873605,0.44041510628268243,0.591895754893219,0.5454545454545454,0.4166666666666667,0.14418875911920553,0.056128151325804246,0.20579268292682926
mosi,55,vision,max_confidence,656,0.5300206156252221,0.23745489650628612,0.10651139993554513,0.22727272727272727,0.22727272727272727,,,0.20579268292682926
mosi,55,vision,negative_entropy,656,0.5300277244615057,0.23745489650628615,0.10652103026319389,0.22727272727272727,0.22727272727272727,,,0.20579268292682926
mosi,55,vision,direct_risk_regression,656,0.7138977749342432,0.3830967444605189,0.5174183254867449,0.5,0.4166666666666667,,,0.20579268292682926
mosi,55,vision,full_posterior_analytic,656,0.7550295016705766,0.4745455898373059,0.7263278805407676,0.5757575757575758,0.4772727272727273,0.13945944242108355,0.04089320095244614,0.20579268292682926
mosi,55,vision,plain_mlp_posterior,656,0.763560105210777,0.41687666354802155,0.6196104655479084,0.4696969696969697,0.49242424242424243,0.14588793801161787,0.07087638675414096,0.20579268292682926
mosi,55,vision,learned_posterior_analytic,656,0.7507641999004763,0.4474525243914504,0.6336605096722827,0.5909090909090909,0.4621212121212121,0.1438876906924638,0.06381908497239305,0.20579268292682926
mosi,55,text+audio,max_confidence,656,0.42156422001628124,0.2268963183882905,0.12714432043547924,0.21212121212121213,0.24242424242424243,,,0.2576219512195122
mosi,55,text+audio,negative_entropy,656,0.42156422001628124,0.2268963183882905,0.12714432043547924,0.21212121212121213,0.24242424242424243,,,0.2576219512195122
mosi,55,text+audio,direct_risk_regression,656,0.6983706547756461,0.5433836551285057,0.42770241763337585,0.6666666666666666,0.7272727272727273,,,0.2576219512195122
mosi,55,text+audio,full_posterior_analytic,656,0.9015588739171112,0.7763091137652095,0.07694038667430493,0.8636363636363636,0.7727272727272727,0.1064921031180565,0.05162073796751296,0.2576219512195122
mosi,55,text+audio,plain_mlp_posterior,656,0.8950099024336902,0.769104884046107,-0.1256977729321483,0.8636363636363636,0.75,0.11212978282324342,0.04415420879519023,0.2576219512195122
mosi,55,text+audio,learned_posterior_analytic,656,0.891887294509313,0.7709448841140125,-0.00910283480908915,0.8484848484848485,0.7878787878787878,0.11040727252350535,0.05100751508924565,0.2576219512195122
mosi,55,text+vision,max_confidence,656,0.33932975283608263,0.15649921327060895,0.07884145021252836,0.045454545454545456,0.06818181818181818,,,0.21646341463414634
mosi,55,text+vision,negative_entropy,656,0.33932975283608263,0.15649921327060895,0.07884145021252836,0.045454545454545456,0.06818181818181818,,,0.21646341463414634
mosi,55,text+vision,direct_risk_regression,656,0.641626020715734,0.43745550842278225,0.32181101369291315,0.6060606060606061,0.6287878787878788,,,0.21646341463414634
mosi,55,text+vision,full_posterior_analytic,656,0.8880911930728339,0.6888741434111442,0.11779765844216784,0.803030303030303,0.6666666666666666,0.10534219875791763,0.03574351543310756,0.21646341463414634
mosi,55,text+vision,plain_mlp_posterior,656,0.8842001424891763,0.690075832392687,-0.03165505415211946,0.7727272727272727,0.6439393939393939,0.10886677833606441,0.037338477769503144,0.21646341463414634
mosi,55,text+vision,learned_posterior_analytic,656,0.887556858661698,0.6933362918783688,0.06780322592842218,0.7272727272727273,0.6742424242424242,0.10636867216464937,0.041135206281934386,0.21646341463414634
mosi,55,audio+vision,max_confidence,656,0.541061544363457,0.28218805015140846,0.0419929165081738,0.3181818181818182,0.25757575757575757,,,0.21646341463414634
mosi,55,audio+vision,negative_entropy,656,0.541061544363457,0.28218805015140846,0.0419929165081738,0.3181818181818182,0.25757575757575757,,,0.21646341463414634
mosi,55,audio+vision,direct_risk_regression,656,0.711870444456623,0.41260861995890524,0.3625245029437752,0.5757575757575758,0.44696969696969696,,,0.21646341463414634
mosi,55,audio+vision,full_posterior_analytic,656,0.7676467364498275,0.5302591799274254,0.6931094456426625,0.6212121212121212,0.5303030303030303,0.13933153056875777,0.040882021969570456,0.21646341463414634
mosi,55,audio+vision,plain_mlp_posterior,656,0.7744423740888913,0.48804407345290857,0.5938381157781669,0.5606060606060606,0.5227272727272727,0.14632051376044827,0.07244856104683473,0.21646341463414634
mosi,55,audio+vision,learned_posterior_analytic,656,0.7638378911601907,0.511581984218141,0.6145123952180278,0.6212121212121212,0.5151515151515151,0.14391409296468585,0.0626990403724471,0.21646341463414634
mosei,11,text,max_confidence,3634,0.3304337840329229,0.1878572167704924,0.13782112261884177,0.013736263736263736,0.05089408528198074,,,0.26307099614749585
mosei,11,text,negative_entropy,3634,0.33043378403292284,0.1878572167704924,0.1378209561934693,0.013736263736263736,0.05089408528198074,,,0.26307099614749585
mosei,11,text,direct_risk_regression,3634,0.634599370041341,0.43152476751467517,0.3435278785852449,0.5521978021978022,0.46629986244841815,,,0.26307099614749585
mosei,11,text,full_posterior_analytic,3634,0.9235157614656538,0.8022067233745709,0.015114438895362431,0.9010989010989011,0.8033012379642366,0.09743724165857996,0.013978267607948522,0.26307099614749585
mosei,11,text,plain_mlp_posterior,3634,0.9279687895481858,0.8074558024167611,0.18889176548053208,0.9010989010989011,0.8033012379642366,0.09514887058860479,0.015306978535047441,0.26307099614749585
mosei,11,text,learned_posterior_analytic,3634,0.9272793816655782,0.8020097582785736,0.15956617558585826,0.9065934065934066,0.8060522696011004,0.09635060668434427,0.018612858878672086,0.26307099614749585
mosei,11,audio,max_confidence,3634,0.49205881177035027,0.16033923072663697,0.21362392069917474,0.16758241758241757,0.15818431911966988,,,0.16290588882773804
mosei,11,audio,negative_entropy,3634,0.49205825648133344,0.1603389737788899,0.21362346870261667,0.16758241758241757,0.15818431911966988,,,0.16290588882773804
mosei,11,audio,direct_risk_regression,3634,0.751754158004158,0.3636253014540252,0.6379183629074017,0.46153846153846156,0.39614855570839064,,,0.16290588882773804
mosei,11,audio,full_posterior_analytic,3634,0.7974616628462783,0.4241150458624099,0.7722127488528968,0.48626373626373626,0.4195323246217332,0.11342106148419165,0.021309043420004586,0.16290588882773804
mosei,11,audio,plain_mlp_posterior,3634,0.8148763593475132,0.45022316218036507,0.7519688748962218,0.5247252747252747,0.44566712517193946,0.11034333069241235,0.014719700326807797,0.16290588882773804
mosei,11,audio,learned_posterior_analytic,3634,0.8128948104909643,0.4505904349594415,0.7517443671839673,0.5082417582417582,0.43191196698762035,0.11146727788573205,0.017214628445839503,0.16290588882773804
mosei,11,vision,max_confidence,3634,0.5274973158163121,0.20241445086305274,0.23032124118780398,0.21978021978021978,0.20122699386503068,,,0.1802421574023115
mosei,11,vision,negative_entropy,3634,0.5274973158163121,0.2024143577252292,0.2303216110449737,0.21978021978021978,0.20122699386503068,,,0.1802421574023115
mosei,11,vision,direct_risk_regression,3634,0.7493625864512145,0.39318985004524454,0.5192151482062712,0.489010989010989,0.46629986244841815,,,0.1802421574023115
mosei,11,vision,full_posterior_analytic,3634,0.8262924440549496,0.5351621870569471,0.7290309824528078,0.6126373626373627,0.515818431911967,0.11233448728766011,0.019312269311722717,0.1802421574023115
mosei,11,vision,plain_mlp_posterior,3634,0.8407170806331341,0.5607110244102226,0.7067568917881255,0.6373626373626373,0.517193947730399,0.1092356981906181,0.015149258902799634,0.1802421574023115
mosei,11,vision,learned_posterior_analytic,3634,0.8409635899131068,0.5523297443509624,0.7097752104072181,0.6236263736263736,0.517193947730399,0.11042232078095261,0.0153500933116061,0.1802421574023115
mosei,11,text+audio,max_confidence,3634,0.26317261759946864,0.12612666694324107,0.11591109265221267,0.019230769230769232,0.01925722145804677,,,0.19482663731425426
mosei,11,text+audio,negative_entropy,3634,0.26317310031627605,0.12612674259840373,0.11591191116849257,0.019230769230769232,0.01925722145804677,,,0.19482663731425426
mosei,11,text+audio,direct_risk_regression,3634,0.5655215658560886,0.2998208267374989,0.3263896173382183,0.32967032967032966,0.29160935350756534,,,0.19482663731425426
mosei,11,text+audio,full_posterior_analytic,3634,0.9183474865901271,0.7393530220797294,0.11473452955253119,0.8131868131868132,0.6492434662998624,0.08752578100396982,0.01490457336325814,0.19482663731425426
mosei,11,text+audio,plain_mlp_posterior,3634,0.9240063757235925,0.7512357067502281,0.22862691001022775,0.8131868131868132,0.6629986244841816,0.08540677250431365,0.011397218476997524,0.19482663731425426
mosei,11,text+audio,learned_posterior_analytic,3634,0.9231152804970825,0.751873293333908,0.19785693320588044,0.8159340659340659,0.6588720770288858,0.08645274323833185,0.015472236044559348,0.19482663731425426
mosei,11,text+vision,max_confidence,3634,0.24173804231943768,0.13597053622908736,0.042331013147876864,0.005494505494505495,0.0068775790921595595,,,0.21298844248761695
mosei,11,text+vision,negative_entropy,3634,0.24173804231943766,0.13597053622908734,0.04233097638261775,0.005494505494505495,0.0068775790921595595,,,0.21298844248761695
mosei,11,text+vision,direct_risk_regression,3634,0.5142493811098462,0.2837264820257865,0.2922746726719853,0.36538461538461536,0.29436038514442914,,,0.21298844248761695
mosei,11,text+vision,full_posterior_analytic,3634,0.9351328580979744,0.791453792170162,-0.13664603288043,0.8516483516483516,0.7235213204951857,0.0842145744536811,0.01769110770615066,0.21298844248761695
mosei,11,text+vision,plain_mlp_posterior,3634,0.9383648651090511,0.794740199334498,0.17695227152248008,0.8489010989010989,0.7317744154057771,0.08229005261628153,0.012939096407098564,0.21298844248761695
mosei,11,text+vision,learned_posterior_analytic,3634,0.9382781301385952,0.7952885519955086,0.16359765460787387,0.8571428571428571,0.7359009628610729,0.08294373602270125,0.020949169420357846,0.21298844248761695
mosei,11,audio+vision,max_confidence,3634,0.48564861567794215,0.16253907820221605,0.22789840720232685,0.14560439560439561,0.15405777166437415,,,0.16923500275178865
mosei,11,audio+vision,negative_entropy,3634,0.48564888497510345,0.16253966988102772,0.22789844639210638,0.14560439560439561,0.15405777166437415,,,0.16923500275178865
mosei,11,audio+vision,direct_risk_regression,3634,0.7323549767461901,0.3688743794082725,0.6110582461417002,0.5,0.422283356258597,,,0.16923500275178865
mosei,11,audio+vision,full_posterior_analytic,3634,0.8112539283723409,0.4653407716456502,0.7549707375349897,0.5467032967032966,0.4621733149931224,0.11285254896019906,0.022558506782526477,0.16923500275178865
mosei,11,audio+vision,plain_mlp_posterior,3634,0.8271634660699042,0.4941074057551843,0.7330273568584956,0.5824175824175825,0.47455295735900965,0.10967049119539525,0.015569146466106687,0.16923500275178865
mosei,11,audio+vision,learned_posterior_analytic,3634,0.8262855573239403,0.48846737923675465,0.7360623466727725,0.5467032967032966,0.469050894085282,0.11092985254711644,0.018173066967735393,0.16923500275178865
mosei,22,text,max_confidence,3634,0.4032849427821653,0.26313721668912016,0.15934547833714283,0.1401098901098901,0.171939477303989,,,0.325536598789213
mosei,22,text,negative_entropy,3634,0.40328494278216526,0.26313721668912016,0.1593455992262597,0.1401098901098901,0.171939477303989,,,0.325536598789213
mosei,22,text,direct_risk_regression,3634,0.6729759585422894,0.5161932563875057,0.3468217056987655,0.6456043956043956,0.5900962861072903,,,0.325536598789213
mosei,22,text,full_posterior_analytic,3634,0.9234797465660851,0.8548914845998864,-0.013944603038564277,0.9478021978021978,0.8940852819807428,0.10305169513743483,0.015375009194082067,0.325536598789213
mosei,22,text,plain_mlp_posterior,3634,0.9282070595506242,0.8653281973119071,0.2018884243426908,0.9532967032967034,0.90646492434663,0.10019288605732163,0.011001754931452808,0.325536598789213
mosei,22,text,learned_posterior_analytic,3634,0.9287716332250745,0.8657321395564888,0.21880856660534836,0.9587912087912088,0.9050894085281981,0.09970829841719503,0.01567456491591884,0.325536598789213
mosei,22,audio,max_confidence,3634,0.4925600718616663,0.15385458353378856,0.24887486515596516,0.12362637362637363,0.1499312242090784,,,0.16070445789763346
mosei,22,audio,negative_entropy,3634,0.4925606332809342,0.15385458352912437,0.24887503809539172,0.12362637362637363,0.1499312242090784,,,0.16070445789763346
mosei,22,audio,direct_risk_regression,3634,0.744325735459241,0.36402462586042594,0.5879435930454137,0.45054945054945056,0.38376891334250346,,,0.16070445789763346
mosei,22,audio,full_posterior_analytic,3634,0.7952588142825062,0.39984828160397157,0.7534537586210241,0.5,0.4167812929848693,0.11376695401273626,0.013874248998474385,0.16070445789763346
mosei,22,audio,plain_mlp_posterior,3634,0.8106725802829553,0.434582162300183,0.7338630815029902,0.5027472527472527,0.42916093535075656,0.11088617513147739,0.012995798676454114,0.16070445789763346
mosei,22,audio,learned_posterior_analytic,3634,0.8109690096564114,0.43987976182842836,0.7563737951663774,0.521978021978022,0.4264099037138927,0.11051551983279881,0.01605552920335355,0.16070445789763346
mosei,22,vision,max_confidence,3634,0.5070828164298824,0.18141551127696612,0.2325763328162682,0.1813186813186813,0.19119669876203577,,,0.17226197028068244
mosei,22,vision,negative_entropy,3634,0.5070833474950718,0.18141631509664113,0.23257672616998895,0.1813186813186813,0.19119669876203577,,,0.17226197028068244
mosei,22,vision,direct_risk_regression,3634,0.7298598837604513,0.3770512201224051,0.5176386144138261,0.5027472527472527,0.42916093535075656,,,0.17226197028068244
mosei,22,vision,full_posterior_analytic,3634,0.8164638705730405,0.4856025699157634,0.7241925638029053,0.5604395604395604,0.4731774415405777,0.11312681656316634,0.012535946980584155,0.17226197028068244
mosei,22,vision,plain_mlp_posterior,3634,0.8298026349330432,0.5188598838982198,0.7126480141264685,0.5851648351648352,0.4828060522696011,0.11015559122203918,0.015239675621626135,0.17226197028068244
mosei,22,vision,learned_posterior_analytic,3634,0.8304930196791518,0.5187799183883258,0.7261829341988535,0.5741758241758241,0.48418156808803303,0.10976133331387547,0.01941755123047674,0.17226197028068244
mosei,22,text+audio,max_confidence,3634,0.3079357476509488,0.15647469307201642,0.13350995833446075,0.03296703296703297,0.04951856946354883,,,0.22702256466703358
mosei,22,text+audio,negative_entropy,3634,0.3079357476509488,0.1564746930720164,0.13351002520608998,0.03296703296703297,0.04951856946354883,,,0.22702256466703358
mosei,22,text+audio,direct_risk_regression,3634,0.5681780424393453,0.3746424961201135,0.31293167488901763,0.5961538461538461,0.40440165061898214,,,0.22702256466703358
mosei,22,text+audio,full_posterior_analytic,3634,0.9164154179746917,0.7747675671378029,0.08582001102557206,0.8708791208791209,0.7331499312242091,0.09422207258545807,0.011288196498135495,0.22702256466703358
mosei,22,text+audio,plain_mlp_posterior,3634,0.9208121082667184,0.7820308849915633,0.22132652821354654,0.9010989010989011,0.7303988995873453,0.09212071214745612,0.012646709011380907,0.22702256466703358
mosei,22,text+audio,learned_posterior_analytic,3634,0.9219534612770641,0.7852881287528769,0.24105771706669177,0.8873626373626373,0.7441540577716643,0.09149670940704241,0.01772174739058964,0.22702256466703358
mosei,22,text+vision,max_confidence,3634,0.3281495917169541,0.19619472188604883,0.10038887483488855,0.046703296703296704,0.06602475928473177,,,0.2749036873968079
mosei,22,text+vision,negative_entropy,3634,0.3281495917169541,0.1961948170283539,0.1003889040405106,0.046703296703296704,0.06602475928473177,,,0.2749036873968079
mosei,22,text+vision,direct_risk_regression,3634,0.6131594592695162,0.45399887653422827,0.31350567386908484,0.6758241758241759,0.5240715268225584,,,0.2749036873968079
mosei,22,text+vision,full_posterior_analytic,3634,0.9243133076150153,0.8221717726623703,-0.07140735389491669,0.9175824175824175,0.844566712517194,0.09627002169296997,0.016289310334158067,0.2749036873968079
mosei,22,text+vision,plain_mlp_posterior,3634,0.9278610678990185,0.8371172886930286,0.21156264216790355,0.9423076923076923,0.8486932599724897,0.09397983225447902,0.016383841763210224,0.2749036873968079
mosei,22,text+vision,learned_posterior_analytic,3634,0.9290155430572888,0.838787338603336,0.24702193650737014,0.9423076923076923,0.8583218707015131,0.09290362730003857,0.015233065362765474,0.2749036873968079
mosei,22,audio+vision,max_confidence,3634,0.48983835931510356,0.17116227551023538,0.25459105243340563,0.1565934065934066,0.1623108665749656,,,0.1717116125481563
mosei,22,audio+vision,negative_entropy,3634,0.48983809310844195,0.17116256920123007,0.2545905197523495,0.1565934065934066,0.1623108665749656,,,0.1717116125481563
mosei,22,audio+vision,direct_risk_regression,3634,0.72224635829287,0.3751019954029663,0.5578861411453442,0.5054945054945055,0.4236588720770289,,,0.1717116125481563
mosei,22,audio+vision,full_posterior_analytic,3634,0.8140439986370219,0.4809408118209355,0.7301025465666038,0.5576923076923077,0.47455295735900965,0.11331257918645604,0.013534639581953863,0.1717116125481563
mosei,22,audio+vision,plain_mlp_posterior,3634,0.8275800749637959,0.514523146401223,0.7121854372511035,0.5851648351648352,0.48005502063273725,0.11031147308093583,0.012535403684628884,0.1717116125481563
mosei,22,audio+vision,learned_posterior_analytic,3634,0.827853735411875,0.5151753213532824,0.729789476466541,0.5796703296703297,0.4786795048143054,0.11002912244997523,0.01656421813077202,0.1717116125481563
mosei,33,text,max_confidence,3634,0.3366947161796885,0.1812314032992485,0.1977409070847027,0.07692307692307693,0.10041265474552957,,,0.2515134837644469
mosei,33,text,negative_entropy,3634,0.3366947161796885,0.18123132759405888,0.1977407833100521,0.07692307692307693,0.10041265474552957,,,0.2515134837644469
mosei,33,text,direct_risk_regression,3634,0.4829828485004505,0.27156366568824186,0.1693437055882059,0.3076923076923077,0.22696011004126548,,,0.2515134837644469
mosei,33,text,full_posterior_analytic,3634,0.9158965117775776,0.7732477303786864,0.1338253741183051,0.8461538461538461,0.7661623108665749,0.10181778402070875,0.025635306204448267,0.2515134837644469
mosei,33,text,plain_mlp_posterior,3634,0.9213014062298881,0.7870562854198488,0.19142194012040084,0.8736263736263736,0.7771664374140302,0.09695393118535511,0.012171253338945651,0.2515134837644469
mosei,33,text,learned_posterior_analytic,3634,0.9202370800617841,0.7883239410950311,0.1870814634346281,0.8846153846153846,0.7854195323246217,0.09755935625195494,0.015542304338787392,0.2515134837644469
mosei,33,audio,max_confidence,3634,0.5053299655371706,0.1802484364500062,0.22000978198815146,0.19230769230769232,0.17744154057771663,,,0.170610897083104
mosei,33,audio,negative_entropy,3634,0.5053305006742728,0.18024843645000624,0.22001037835567808,0.19230769230769232,0.17744154057771663,,,0.170610897083104
mosei,33,audio,direct_risk_regression,3634,0.7483373290236959,0.3996456497001196,0.5684037671785347,0.510989010989011,0.4126547455295736,,,0.170610897083104
mosei,33,audio,full_posterior_analytic,3634,0.8065222510007064,0.46274298599756974,0.741557161081835,0.5439560439560439,0.4360385144429161,0.11560372984491958,0.019339860642603596,0.170610897083104
mosei,33,audio,plain_mlp_posterior,3634,0.8257502622171801,0.49152568841232736,0.6984509819399038,0.5576923076923077,0.4786795048143054,0.11054622064160141,0.012758864841464644,0.170610897083104
mosei,33,audio,learned_posterior_analytic,3634,0.8243214461545049,0.486036709243865,0.7095620305316194,0.5659340659340659,0.47730398899587345,0.1112387213380426,0.01635300804242036,0.170610897083104
mosei,33,vision,max_confidence,3634,0.5333163105653812,0.22217639087127022,0.21924799968564032,0.2554945054945055,0.23658872077028886,,,0.18574573472757291
mosei,33,vision,negative_entropy,3634,0.5333165609002041,0.22217880576863258,0.219248090968688,0.2554945054945055,0.23658872077028886,,,0.18574573472757291
mosei,33,vision,direct_risk_regression,3634,0.7370082485324122,0.4167254836131065,0.4627678909359321,0.5521978021978022,0.4718019257221458,,,0.18574573472757291
mosei,33,vision,full_posterior_analytic,3634,0.8260533463507442,0.5469399574626068,0.6922466965638168,0.6318681318681318,0.5006877579092159,0.11554593414795207,0.019250742600970358,0.18574573472757291
mosei,33,vision,plain_mlp_posterior,3634,0.843046074124141,0.5764041516338964,0.6642264146320307,0.6456043956043956,0.5378266850068776,0.1103998558167153,0.0167457897605075,0.18574573472757291
mosei,33,vision,learned_posterior_analytic,3634,0.8425959721127007,0.573549364336328,0.663642589109164,0.6401098901098901,0.5378266850068776,0.11097237683226159,0.018560413081941757,0.18574573472757291
mosei,33,text+audio,max_confidence,3634,0.2048372232653522,0.0769204880509449,0.15832858038987574,0.005494505494505495,0.005502063273727648,,,0.12850853054485414
mosei,33,text+audio,negative_entropy,3634,0.2048365471278015,0.07692041230669322,0.1583280248844519,0.005494505494505495,0.005502063273727648,,,0.12850853054485414
mosei,33,text+audio,direct_risk_regression,3634,0.44853443805193954,0.1619020769244435,0.08938537023335272,0.17857142857142858,0.10729023383768914,,,0.12850853054485414
mosei,33,text+audio,full_posterior_analytic,3634,0.9142420937545851,0.5748892718690901,0.11235338683143911,0.6016483516483516,0.4676753782668501,0.07526637093912654,0.017673866972727027,0.12850853054485414
mosei,33,text+audio,plain_mlp_posterior,3634,0.9194314494563515,0.5901504821689363,0.21090779400034798,0.6043956043956044,0.48005502063273725,0.07260108464074867,0.014616208809919524,0.12850853054485414
mosei,33,text+audio,learned_posterior_analytic,3634,0.9193462561249609,0.5933261408496114,0.21907139183749222,0.6126373626373627,0.47455295735900965,0.07270746280259158,0.012544771291707151,0.12850853054485414
mosei,33,text+vision,max_confidence,3634,0.2294778797026562,0.12180103495345501,0.10142746036372367,0.0,0.005502063273727648,,,0.19455145844799118
mosei,33,text+vision,negative_entropy,3634,0.2294778797026562,0.12180103495345501,0.10142749123853338,0.0,0.005502063273727648,,,0.19455145844799118
mosei,33,text+vision,direct_risk_regression,3634,0.4302211908925775,0.18741273987040102,0.06976590848967672,0.1813186813186813,0.14305364511691884,,,0.19455145844799118
mosei,33,text+vision,full_posterior_analytic,3634,0.9243568995486108,0.7222889867419602,0.033103917497759115,0.7802197802197802,0.6740027510316369,0.08655216341375989,0.015525733138166518,0.19455145844799118
mosei,33,text+vision,plain_mlp_posterior,3634,0.9304480694543171,0.7624422511404082,0.17686828916075586,0.8186813186813187,0.6781292984869326,0.08235404801549258,0.010369077649229997,0.19455145844799118
mosei,33,text+vision,learned_posterior_analytic,3634,0.9289215319111099,0.7600302405855863,0.16521092801713977,0.8241758241758241,0.6753782668500687,0.08334106159679415,0.015200715020555759,0.19455145844799118
mosei,33,audio+vision,max_confidence,3634,0.5006527811277007,0.17789036934762972,0.2249337659949759,0.1813186813186813,0.17744154057771663,,,0.1774903687396808
mosei,33,audio+vision,negative_entropy,3634,0.500652521778822,0.1778900996180227,0.22493362688444618,0.1813186813186813,0.17744154057771663,,,0.1774903687396808
mosei,33,audio+vision,direct_risk_regression,3634,0.7250720341510604,0.4044901139268047,0.5314857864565554,0.5714285714285714,0.42916093535075656,,,0.1774903687396808
mosei,33,audio+vision,full_posterior_analytic,3634,0.8172181720572331,0.4981772739606356,0.7046654533446087,0.5796703296703297,0.469050894085282,0.11572411503239353,0.020124801471609013,0.1774903687396808
mosei,33,audio+vision,plain_mlp_posterior,3634,0.8341676586761277,0.5290914574998248,0.6699334729819372,0.6016483516483516,0.5075653370013755,0.11068892950651266,0.015340228184408963,0.1774903687396808
mosei,33,audio+vision,learned_posterior_analytic,3634,0.8326473555491584,0.5272393577290445,0.6717388435338945,0.6071428571428571,0.5089408528198074,0.11133376965138148,0.0172641538789125,0.1774903687396808
mosei,44,text,max_confidence,3634,0.2916984224769068,0.15832748742809316,0.1619847692519304,0.0,0.026134800550206328,,,0.23417721518987342
mosei,44,text,negative_entropy,3634,0.29169842247690675,0.15832748742809316,0.16198494714211042,0.0,0.026134800550206328,,,0.23417721518987342
mosei,44,text,direct_risk_regression,3634,0.6180471665091015,0.4294791243303351,0.3581780569844532,0.6483516483516484,0.5089408528198074,,,0.23417721518987342
mosei,44,text,full_posterior_analytic,3634,0.921783380968808,0.7715609417553126,0.05091859029050408,0.8708791208791209,0.7469050894085282,0.09426735747482008,0.017936667631676017,0.23417721518987342
mosei,44,text,plain_mlp_posterior,3634,0.9252026636456951,0.7870829226147646,0.083074605759067,0.8956043956043956,0.7537826685006878,0.09178626607791619,0.010999278930628945,0.23417721518987342
mosei,44,text,learned_posterior_analytic,3634,0.9254543174460687,0.7839057869806435,0.07590206254732686,0.8763736263736264,0.7510316368638239,0.0922711724423223,0.01627422772626248,0.23417721518987342
mosei,44,audio,max_confidence,3634,0.5035991057625674,0.16768822249277965,0.22583973887133435,0.1813186813186813,0.16781292984869325,,,0.16290588882773804
mosei,44,audio,negative_entropy,3634,0.5035996610515842,0.16768807746544573,0.22583987933280317,0.1813186813186813,0.16781292984869325,,,0.16290588882773804
mosei,44,audio,direct_risk_regression,3634,0.7674810535387457,0.3994518945651148,0.6085703558452878,0.45879120879120877,0.3920220082530949,,,0.16290588882773804
mosei,44,audio,full_posterior_analytic,3634,0.8059264886187963,0.4373367810684963,0.750650956673747,0.49725274725274726,0.4154057771664374,0.11254551164737384,0.021213192394504046,0.16290588882773804
mosei,44,audio,plain_mlp_posterior,3634,0.816001652540114,0.45202549485216587,0.7227876600066555,0.521978021978022,0.44291609353507566,0.11017841009577685,0.013758574229844249,0.16290588882773804
mosei,44,audio,learned_posterior_analytic,3634,0.8151248511825435,0.45537333037534805,0.7312525678512491,0.5247252747252747,0.4250343878954608,0.1107207938470727,0.0193131073187354,0.16290588882773804
mosei,44,vision,max_confidence,3634,0.5168845894347543,0.18691854831231142,0.24080700528789983,0.18406593406593408,0.19669876203576342,,,0.17666483214089157
mosei,44,vision,negative_entropy,3634,0.5168840688356906,0.186918387870676,0.24080622381795042,0.18406593406593408,0.19669876203576342,,,0.17666483214089157
mosei,44,vision,direct_risk_regression,3634,0.7506710521931796,0.4045815325120129,0.47289234288622073,0.5192307692307693,0.45254470426409904,,,0.17666483214089157
mosei,44,vision,full_posterior_analytic,3634,0.8270221108834358,0.5111918668295037,0.7119577146485816,0.6071428571428571,0.4828060522696011,0.11264679455446847,0.021892577323826296,0.17666483214089157
mosei,44,vision,plain_mlp_posterior,3634,0.8337321122161694,0.5314349508174179,0.6834179355053543,0.6126373626373627,0.5006877579092159,0.11053766411854352,0.01652806628694456,0.17666483214089157
mosei,44,vision,learned_posterior_analytic,3634,0.8345484115481367,0.5291645521961573,0.6908253464921783,0.6016483516483516,0.48830811554332876,0.11096331624430472,0.022620771012341227,0.17666483214089157
mosei,44,text+audio,max_confidence,3634,0.21435489785792866,0.10356880674259349,0.1207041116786816,0.0,0.0041265474552957355,,,0.16895982388552558
mosei,44,text+audio,negative_entropy,3634,0.2143546282114891,0.10356873095663241,0.12070372785978539,0.0,0.0041265474552957355,,,0.16895982388552558
mosei,44,text+audio,direct_risk_regression,3634,0.5986479927519037,0.3585440664722862,0.307840433346424,0.5659340659340659,0.3700137551581843,,,0.16895982388552558
mosei,44,text+audio,full_posterior_analytic,3634,0.9123050456241776,0.6670853293540591,0.16162827325681348,0.7307692307692307,0.5777166437414031,0.0858655289844404,0.019468862268136763,0.16895982388552558
mosei,44,text+audio,plain_mlp_posterior,3634,0.9157694630800095,0.6846066601258087,0.1094733642481194,0.7252747252747253,0.5873452544704264,0.08403142596366642,0.012210877646654815,0.16895982388552558
mosei,44,text+audio,learned_posterior_analytic,3634,0.9150079815346118,0.6831824870945158,0.11210465253727231,0.7362637362637363,0.5832187070151307,0.08454347813931583,0.015522682784052423,0.16895982388552558
mosei,44,text+vision,max_confidence,3634,0.23931862787024785,0.1332457730698472,0.07390290477618759,0.0,0.009628610729023384,,,0.20941111722619704
mosei,44,text+vision,negative_entropy,3634,0.23931862787024785,0.1332457730698472,0.07390308643736665,0.0,0.009628610729023384,,,0.20941111722619704
mosei,44,text+vision,direct_risk_regression,3634,0.5858646796743252,0.3776319484497307,0.2879395900599376,0.6318681318681318,0.422283356258597,,,0.20941111722619704
mosei,44,text+vision,full_posterior_analytic,3634,0.933212065938117,0.776161997149925,-0.09458126588434708,0.8379120879120879,0.7166437414030261,0.08425087031006208,0.016106459806633763,0.20941111722619704
mosei,44,text+vision,plain_mlp_posterior,3634,0.9361269657735966,0.7868944636990332,0.04460838169089637,0.8626373626373627,0.7221458046767538,0.08255687556997444,0.013881920335877979,0.20941111722619704
mosei,44,text+vision,learned_posterior_analytic,3634,0.9363277567712076,0.7851980243362447,0.03882645743092927,0.8461538461538461,0.7262723521320495,0.08286223375166782,0.017013538189680332,0.20941111722619704
mosei,44,audio+vision,max_confidence,3634,0.4957009726696293,0.1762991172654358,0.2594919235404531,0.1620879120879121,0.16781292984869325,,,0.17583929554210237
mosei,44,audio+vision,negative_entropy,3634,0.4957007114099921,0.17629896565176986,0.25949143193107305,0.1620879120879121,0.16781292984869325,,,0.17583929554210237
mosei,44,audio+vision,direct_risk_regression,3634,0.7589817144379913,0.42019921011815314,0.5212733552974619,0.5439560439560439,0.4470426409903714,,,0.17583929554210237
mosei,44,audio+vision,full_posterior_analytic,3634,0.8263480344131195,0.5037932840942364,0.7187089667068439,0.6016483516483516,0.4814305364511692,0.11247761168704157,0.022490378284899144,0.17583929554210237
mosei,44,audio+vision,plain_mlp_posterior,3634,0.8329803715634561,0.5311039327997602,0.6854676704741652,0.6208791208791209,0.5034387895460798,0.11009881872144596,0.013668429357916925,0.17583929554210237
mosei,44,audio+vision,learned_posterior_analytic,3634,0.833195649504521,0.5286272249053018,0.6931502907708152,0.5989010989010989,0.48693259972489683,0.11065075570128648,0.020335474829858376,0.17583929554210237
mosei,55,text,max_confidence,3634,0.30094128977801504,0.14513510119658868,0.20178610236590522,0.0027472527472527475,0.013755158184319119,,,0.2135388002201431
mosei,55,text,negative_entropy,3634,0.3009415152258446,0.14513517908985069,0.20178579275379713,0.0027472527472527475,0.013755158184319119,,,0.2135388002201431
mosei,55,text,direct_risk_regression,3634,0.5644142775208675,0.3620954504629887,0.3473332874805348,0.5521978021978022,0.39752407152682256,,,0.2135388002201431
mosei,55,text,full_posterior_analytic,3634,0.9204299921363797,0.7651960786244612,0.05052696616768519,0.8626373626373627,0.7097661623108665,0.09042353953475925,0.014667589957946292,0.2135388002201431
mosei,55,text,plain_mlp_posterior,3634,0.9268358667657435,0.7734994813801996,0.20639350806108578,0.8763736263736264,0.7111416781292985,0.08736581195791591,0.011824863793539959,0.2135388002201431
mosei,55,text,learned_posterior_analytic,3634,0.9271433776052751,0.776408585864335,0.21725477390685016,0.8653846153846154,0.7125171939477304,0.08705135667153459,0.007788893490174786,0.2135388002201431
mosei,55,audio,max_confidence,3634,0.4905724036802014,0.16589286913412388,0.1880773936912502,0.17582417582417584,0.1499312242090784,,,0.16840946615299945
mosei,55,audio,negative_entropy,3634,0.4905710519372099,0.1658934577787695,0.18807587757738128,0.17582417582417584,0.1499312242090784,,,0.16840946615299945
mosei,55,audio,direct_risk_regression,3634,0.7521227771938247,0.3976383820427455,0.6495319511692033,0.4697802197802198,0.40715268225584594,,,0.16840946615299945
mosei,55,audio,full_posterior_analytic,3634,0.8013770476202836,0.4513429315784617,0.7531961874960384,0.5192307692307693,0.4264099037138927,0.11506455522582262,0.010062111391000097,0.16840946615299945
mosei,55,audio,plain_mlp_posterior,3634,0.8227270171249618,0.4767707345852794,0.7456734850476571,0.5659340659340659,0.4731774415405777,0.11059736636667652,0.013805064222694254,0.16840946615299945
mosei,55,audio,learned_posterior_analytic,3634,0.8203330802870452,0.48305563831860326,0.7580682786817983,0.5521978021978022,0.45392022008253097,0.11107582547589276,0.015591894165150421,0.16840946615299945
mosei,55,vision,max_confidence,3634,0.5238735907047217,0.18803876397256936,0.23463888740720412,0.19505494505494506,0.18982118294360384,,,0.17694001100715465
mosei,55,vision,negative_entropy,3634,0.523873330723118,0.18803852653433206,0.23463883052713627,0.19505494505494506,0.18982118294360384,,,0.17694001100715465
mosei,55,vision,direct_risk_regression,3634,0.7399320824058488,0.3908487696981329,0.48341051815313757,0.5082417582417582,0.4346629986244842,,,0.17694001100715465
mosei,55,vision,full_posterior_analytic,3634,0.8143658554720667,0.5053584805235712,0.7076009429675485,0.5769230769230769,0.4607977991746905,0.11499163291088034,0.011762457086379711,0.17694001100715465
mosei,55,vision,plain_mlp_posterior,3634,0.8335280595545058,0.5372496159554222,0.6973137504524347,0.6071428571428571,0.4965612104539202,0.11057069143525203,0.017732374249289987,0.17694001100715465
mosei,55,vision,learned_posterior_analytic,3634,0.8326022650637239,0.5328009897326583,0.7057493072015558,0.6016483516483516,0.48693259972489683,0.1110548659885834,0.016301493777998048,0.17694001100715465
mosei,55,text+audio,max_confidence,3634,0.22145418394398753,0.10625596681030938,0.12901689289959345,0.0,0.005502063273727648,,,0.17226197028068244
mosei,55,text+audio,negative_entropy,3634,0.22145444947658216,0.10625596681030937,0.12901746874008546,0.0,0.005502063273727648,,,0.17226197028068244
mosei,55,text+audio,direct_risk_regression,3634,0.49923871805111825,0.26886207526823036,0.3313701857127867,0.3956043956043956,0.24621733149931224,,,0.17226197028068244
mosei,55,text+audio,full_posterior_analytic,3634,0.9095272032832574,0.6724804075054434,0.19506787138206086,0.7115384615384616,0.5914718019257221,0.08745942353002305,0.011891737253349799,0.17226197028068244
mosei,55,text+audio,plain_mlp_posterior,3634,0.9167842090952347,0.6975350580253588,0.25078826323814174,0.7362637362637363,0.6038514442916093,0.08412861472118276,0.01165733652161631,0.17226197028068244
mosei,55,text+audio,learned_posterior_analytic,3634,0.9164044974848752,0.6969002930383615,0.27085784411065955,0.7417582417582418,0.5928473177441541,0.08443742538626559,0.011276660166192855,0.17226197028068244
mosei,55,text+vision,max_confidence,3634,0.24803905188758052,0.1244208565007586,0.09543930753713614,0.0,0.002751031636863824,,,0.19400110071546506
mosei,55,text+vision,negative_entropy,3634,0.24803880975038076,0.12442078086085559,0.09543884969595381,0.0,0.002751031636863824,,,0.19400110071546506
mosei,55,text+vision,direct_risk_regression,3634,0.45452275968609335,0.24222455489752076,0.25978308940320916,0.3131868131868132,0.24484181568088034,,,0.19400110071546506
mosei,55,text+vision,full_posterior_analytic,3634,0.9334703829884088,0.7615819165688117,-0.10999096421358544,0.8379120879120879,0.672627235213205,0.08144547196049436,0.0157374754308707,0.19400110071546506
mosei,55,text+vision,plain_mlp_posterior,3634,0.9390453498761467,0.7693885176743328,0.2061292370675836,0.8434065934065934,0.686382393397524,0.07862573791309256,0.01143515932110183,0.19400110071546506
mosei,55,text+vision,learned_posterior_analytic,3634,0.938813866713157,0.7745997529636827,0.2101470059841366,0.8351648351648352,0.6836313617606602,0.07875197515136029,0.0120616866326668,0.19400110071546506
mosei,55,audio+vision,max_confidence,3634,0.48995889079111454,0.16752021147421706,0.23934145501119683,0.14560439560439561,0.14580467675378267,,,0.17336268574573474
mosei,55,audio+vision,negative_entropy,3634,0.48995862659311396,0.1675200497211407,0.23934096625361026,0.14560439560439561,0.14580467675378267,,,0.17336268574573474
mosei,55,audio+vision,direct_risk_regression,3634,0.7556776150318094,0.40606041050618535,0.5540642998395052,0.510989010989011,0.4332874828060523,,,0.17336268574573474
mosei,55,audio+vision,full_posterior_analytic,3634,0.8102350305412889,0.4785803262780663,0.7240368500414391,0.554945054945055,0.45392022008253097,0.11495097480850686,0.009925151845616076,0.17336268574573474
mosei,55,audio+vision,plain_mlp_posterior,3634,0.8295309957094246,0.5113742312721901,0.7158754068839244,0.5989010989010989,0.4938101788170564,0.11046382235680961,0.013143251395448948,0.17336268574573474
mosei,55,audio+vision,learned_posterior_analytic,3634,0.8278440914759158,0.5130837441116892,0.7291738283559873,0.5796703296703297,0.4759284731774415,0.11096181931174598,0.018690528996925887,0.17336268574573474
cremad,11,visual,max_confidence,7442,0.47994722133787737,0.18037450794761561,0.24127299492636767,0.14228187919463087,0.16453995970449967,,,0.1972588013974738
cremad,11,visual,negative_entropy,7442,0.4868251182006679,0.1826565559789786,0.25206935146227893,0.14228187919463087,0.1638683680322364,,,0.1972588013974738
cremad,11,visual,direct_risk_regression,7442,0.5258496399931036,0.21885556864363104,0.23325950005977947,0.28456375838926173,0.24714573539288112,,,0.1972588013974738
cremad,11,visual,full_posterior_analytic,7442,0.6978354317391713,0.3535158238265036,0.5175598346492808,0.4,0.36601746138347885,0.15106566794817422,0.044214324137289866,0.1972588013974738
cremad,11,visual,plain_mlp_posterior,7442,0.7378982288372229,0.40562454636681394,0.528178882907798,0.4912751677852349,0.42914707857622564,0.14448302087160977,0.050055473072699606,0.1972588013974738
cremad,11,visual,learned_posterior_analytic,7442,0.7199336885814916,0.3690353663044532,0.5092654596855472,0.4469798657718121,0.3888515782404298,0.14986541757971608,0.05383481994065718,0.1972588013974738
cremad,11,audio,max_confidence,7442,0.5648386809269162,0.45136820723629284,0.17123538132916155,0.5436241610738255,0.4922766957689725,,,0.3695243214189734
cremad,11,audio,negative_entropy,7442,0.559762458343021,0.4473282063435535,0.1676051924302923,0.5422818791946309,0.4862323707186031,,,0.3695243214189734
cremad,11,audio,direct_risk_regression,7442,0.6638925056188483,0.5260063188346394,0.2832114988029892,0.610738255033557,0.6051040967092008,,,0.3695243214189734
cremad,11,audio,full_posterior_analytic,7442,0.8084124622180888,0.7232253810163234,0.33810188774719085,0.8630872483221477,0.7602417730020148,0.17956854325460356,0.09428398568753955,0.3695243214189734
cremad,11,audio,plain_mlp_posterior,7442,0.8262081686429513,0.7384369751880879,0.40524534046643135,0.8550335570469799,0.7830758898589657,0.1617867731600188,0.022709438811812543,0.3695243214189734
cremad,11,audio,learned_posterior_analytic,7442,0.8144392001860032,0.7248496496452523,0.3759951552356014,0.8536912751677852,0.7777031564808596,0.1692827091943334,0.04609370117166395,0.3695243214189734
cremad,22,visual,max_confidence,7442,0.44965373062810465,0.18373059136490238,0.17138820232565757,0.14228187919463087,0.15513767629281397,,,0.21217414673474871
cremad,22,visual,negative_entropy,7442,0.45643491342374554,0.18574458252240983,0.18052885570328617,0.1395973154362416,0.16118200134318333,,,0.21217414673474871
cremad,22,visual,direct_risk_regression,7442,0.5263721125720848,0.22970243394048723,0.19316662751773778,0.2550335570469799,0.2719946272666219,,,0.21217414673474871
cremad,22,visual,full_posterior_analytic,7442,0.7068907243145337,0.36611666752066596,0.4996894891744308,0.4174496644295302,0.39691067830758897,0.15753858942411564,0.04127574264696204,0.21217414673474871
cremad,22,visual,plain_mlp_posterior,7442,0.7514268428246093,0.4565736397567885,0.5130164524179696,0.5463087248322148,0.4734721289456011,0.14619135574749847,0.03510683793491289,0.21217414673474871
cremad,22,visual,learned_posterior_analytic,7442,0.7202065917832302,0.4060402276441062,0.47481925030219924,0.4697986577181208,0.40899932840832776,0.15493061834686198,0.04105669909502011,0.21217414673474871
cremad,22,audio,max_confidence,7442,0.5001610524657017,0.34925669664976333,0.11973796692810007,0.34630872483221475,0.35124244459368703,,,0.3464122547702231
cremad,22,audio,negative_entropy,7442,0.49760809774509007,0.34793121795646986,0.12539060457037435,0.3476510067114094,0.34385493619879115,,,0.3464122547702231
cremad,22,audio,direct_risk_regression,7442,0.6460268169301988,0.48701549441941133,0.25256577832861504,0.5610738255033557,0.5627938213566152,,,0.3464122547702231
cremad,22,audio,full_posterior_analytic,7442,0.780014972017782,0.6559292357370906,0.31293004059913804,0.7771812080536913,0.6897246474143721,0.186315240561009,0.09285246348488205,0.3464122547702231
cremad,22,audio,plain_mlp_posterior,7442,0.8247574922292884,0.7179718314353454,0.45517736856938207,0.8402684563758389,0.7622565480188046,0.15815809491425487,0.01944337819046273,0.3464122547702231
cremad,22,audio,learned_posterior_analytic,7442,0.8142662339609449,0.6938281249312204,0.4182168852748777,0.810738255033557,0.732706514439221,0.16568348777591724,0.0372431584303473,0.3464122547702231
cremad,33,visual,max_confidence,7442,0.4592721849497252,0.17659051657227354,0.2236717962811964,0.12885906040268458,0.15312290127602418,,,0.20034936844934156
cremad,33,visual,negative_entropy,7442,0.46655652280343124,0.17875241173976372,0.22476166655026072,0.13154362416107382,0.15648085963734049,,,0.20034936844934156
cremad,33,visual,direct_risk_regression,7442,0.5205514158157932,0.22424143233499727,0.22721553214099055,0.28993288590604027,0.25721961047683006,,,0.20034936844934156
cremad,33,visual,full_posterior_analytic,7442,0.6981170053987735,0.34260355195370107,0.49574269345632915,0.3959731543624161,0.3519140362659503,0.15350787631975518,0.03877933320885377,0.20034936844934156
cremad,33,visual,plain_mlp_posterior,7442,0.7239606349236403,0.38753915722052357,0.4837688360204222,0.45369127516778524,0.40362659503022164,0.15030741685649213,0.050129452920207755,0.20034936844934156
cremad,33,visual,learned_posterior_analytic,7442,0.6979826643725006,0.3638416862157502,0.46076553645968427,0.4228187919463087,0.3646742780389523,0.1559060709751878,0.060784747418963704,0.20034936844934156
cremad,33,audio,max_confidence,7442,0.5303083502663257,0.38566371321991766,0.1596520120818905,0.43087248322147653,0.40295500335795836,,,0.3501746842246708
cremad,33,audio,negative_entropy,7442,0.5282955142011786,0.38388867565073803,0.1516768957706462,0.42818791946308726,0.4016118200134318,,,0.3501746842246708
cremad,33,audio,direct_risk_regression,7442,0.6676816146742867,0.5185536154555851,0.28809696456068706,0.6228187919463087,0.6265950302216252,,,0.3501746842246708
cremad,33,audio,full_posterior_analytic,7442,0.8001427243359633,0.6899343645711589,0.32153322270920165,0.8281879194630872,0.7353928811282741,0.17943017385989873,0.09350409239751782,0.3501746842246708
cremad,33,audio,plain_mlp_posterior,7442,0.819020312925507,0.7152637540722755,0.3956154567337274,0.8429530201342282,0.7622565480188046,0.16134860012934515,0.021732870794027404,0.3501746842246708
cremad,33,audio,learned_posterior_analytic,7442,0.8066601013630821,0.6945848984614419,0.3591694146832451,0.8241610738255034,0.7427803895231699,0.16831707522993866,0.04044426102650273,0.3501746842246708
cremad,44,visual,max_confidence,7442,0.4960747278162505,0.19562042136752456,0.25088945092881093,0.16644295302013423,0.1974479516453996,,,0.2055898951894652
cremad,44,visual,negative_entropy,7442,0.5011936506673035,0.19746121410396966,0.26004346884132395,0.16778523489932887,0.19543317662860982,,,0.2055898951894652
cremad,44,visual,direct_risk_regression,7442,0.5316938739862205,0.2341045483496648,0.21614700202772122,0.28456375838926173,0.26326393552719946,,,0.2055898951894652
cremad,44,visual,full_posterior_analytic,7442,0.6956747437360149,0.3585249539901987,0.5032472797480265,0.4080536912751678,0.3774345198119543,0.15525386498737243,0.04456856561907403,0.2055898951894652
cremad,44,visual,plain_mlp_posterior,7442,0.7470606476690812,0.4508613742134374,0.5304773274136573,0.5422818791946309,0.4486232370718603,0.1444791244662602,0.04145636647693739,0.2055898951894652
cremad,44,visual,learned_posterior_analytic,7442,0.7296120331307985,0.4060949009951762,0.4977196046111811,0.47248322147651006,0.4143720617864338,0.1514969303255952,0.054127030104118706,0.2055898951894652
cremad,44,audio,max_confidence,7442,0.5225586150094425,0.40071096836106646,0.13428057998651297,0.41879194630872485,0.4083277367360645,,,0.36455253963988177
cremad,44,audio,negative_entropy,7442,0.5290517520296729,0.40496455007717147,0.1425675326559391,0.43355704697986575,0.4083277367360645,,,0.36455253963988177
cremad,44,audio,direct_risk_regression,7442,0.6602730897037415,0.5403429080090927,0.27512002097424787,0.640268456375839,0.6326393552719947,,,0.36455253963988177
cremad,44,audio,full_posterior_analytic,7442,0.7892277472944385,0.684906492966798,0.2777483189082605,0.8026845637583893,0.7414372061786434,0.18899180804061927,0.10526778623857785,0.36455253963988177
cremad,44,audio,plain_mlp_posterior,7442,0.8193363766182373,0.7199810847118431,0.3935364731360635,0.8389261744966443,0.7797179314976495,0.16444765073997733,0.030628626462570224,0.36455253963988177
cremad,44,audio,learned_posterior_analytic,7442,0.8122421769294977,0.7047318567983776,0.3624589164836697,0.825503355704698,0.7622565480188046,0.1712434548127382,0.056840671177376595,0.36455253963988177
cremad,55,visual,max_confidence,7442,0.47763816011270366,0.1775819072811694,0.24182951103484102,0.15033557046979865,0.1712558764271323,,,0.19255576457941415
cremad,55,visual,negative_entropy,7442,0.4813603042749205,0.1786062164512069,0.2445361318188218,0.15704697986577182,0.16924110141034251,,,0.19255576457941415
cremad,55,visual,direct_risk_regression,7442,0.5412425093460066,0.2155173184432164,0.2078885499807209,0.2483221476510067,0.2525184687709872,,,0.19255576457941415
cremad,55,visual,full_posterior_analytic,7442,0.6994140099457699,0.3622695540111998,0.5276795999788257,0.4,0.36601746138347885,0.1482069021019171,0.04615760041658742,0.19255576457941415
cremad,55,visual,plain_mlp_posterior,7442,0.7325070779501834,0.40882426941131705,0.5203609059575264,0.4778523489932886,0.4177300201477502,0.14335441810679195,0.05629944215891717,0.19255576457941415
cremad,55,visual,learned_posterior_analytic,7442,0.7177140778713298,0.3907859104078018,0.5019437075693528,0.4563758389261745,0.38817998656816655,0.14705022986964256,0.05708993950290355,0.19255576457941415
cremad,55,audio,max_confidence,7442,0.5356636361275386,0.4241162856863758,0.13464687099612657,0.47248322147651006,0.4398925453324379,,,0.37194302606826124
cremad,55,audio,negative_entropy,7442,0.5314152929995226,0.4216033739208762,0.12442355097651434,0.4697986577181208,0.44056413700470115,,,0.37194302606826124
cremad,55,audio,direct_risk_regression,7442,0.6821475521950231,0.5583470667153172,0.29726850415147466,0.6469798657718121,0.6326393552719947,,,0.37194302606826124
cremad,55,audio,full_posterior_analytic,7442,0.7980868523698927,0.7067603259466845,0.29418158566886926,0.8187919463087249,0.758226997985225,0.1902892667563441,0.1188058411678347,0.37194302606826124
cremad,55,audio,plain_mlp_posterior,7442,0.8150510077887514,0.7207221798977697,0.3571155027023274,0.8389261744966443,0.7642713230355943,0.1680080820040716,0.029101238414807305,0.37194302606826124
cremad,55,audio,learned_posterior_analytic,7442,0.8057928993497419,0.7088789596758605,0.3429550897448026,0.8281879194630872,0.7562122229684352,0.17350068482872402,0.04236473819445484,0.37194302606826124
avmnist,11,image,max_confidence,3600,0.3445234708392603,0.016397824799414942,0.9037907152103399,0.0,0.001388888888888889,,,0.02361111111111111
avmnist,11,image,negative_entropy,3600,0.34992218224416366,0.016532252143823648,0.9037444872049966,0.0,0.001388888888888889,,,0.02361111111111111
avmnist,11,image,direct_risk_regression,3600,0.704998744874906,0.22635069320906606,0.7702427227740166,0.12222222222222222,0.06527777777777778,,,0.02361111111111111
avmnist,11,image,full_posterior_analytic,3600,0.9930248514768638,0.8351210245222002,0.9248246130265906,0.23055555555555557,0.11805555555555555,0.006973022887148228,0.0035682046634636457,0.02361111111111111
avmnist,11,image,plain_mlp_posterior,3600,0.99330599949795,0.834254675624621,0.9049151505850168,0.23055555555555557,0.11805555555555555,0.009028294206936202,0.00979183991412392,0.02361111111111111
avmnist,11,image,learned_posterior_analytic,3600,0.9946916576018743,0.9079829389264324,0.9541915399324749,0.23333333333333334,0.11805555555555555,0.006523888168431421,0.004873308952686285,0.02361111111111111
avmnist,11,audio,max_confidence,3600,0.44652294708696283,0.01430794684024112,0.8519892322589414,0.008333333333333333,0.011111111111111112,,,0.015
avmnist,11,audio,negative_entropy,3600,0.4312161851642957,0.013923708477143382,0.8461455022746016,0.008333333333333333,0.009722222222222222,,,0.015
avmnist,11,audio,direct_risk_regression,3600,0.6872532430908065,0.25277545417744973,0.8711732750390903,0.06666666666666667,0.03611111111111111,,,0.015
avmnist,11,audio,full_posterior_analytic,3600,0.9825520670134319,0.6311754292107172,0.9571625417049285,0.14444444444444443,0.075,0.008555660526918337,0.00400918586757548,0.015
avmnist,11,audio,plain_mlp_posterior,3600,0.9661903866641599,0.6491048305796296,0.9523204482243145,0.1388888888888889,0.07083333333333333,0.00832838314004665,0.003972929747495991,0.015
avmnist,11,audio,learned_posterior_analytic,3600,0.9858212696622172,0.6844244623582469,0.9616725906640374,0.14444444444444443,0.075,0.007663519567992552,0.004073996283106398,0.015
avmnist,22,image,max_confidence,3600,0.2443296089385475,0.0049478680155562085,0.9642101667773145,0.002777777777777778,0.001388888888888889,,,0.005555555555555556
avmnist,22,image,negative_entropy,3600,0.23713687150837987,0.005188327176311819,0.9627981359347776,0.002777777777777778,0.001388888888888889,,,0.005555555555555556
avmnist,22,image,direct_risk_regression,3600,0.6274022346368715,0.17851597475607445,0.903028823197837,0.030555555555555555,0.015277777777777777,,,0.005555555555555556
avmnist,22,image,full_posterior_analytic,3600,0.9923743016759776,0.6201306173122441,0.9717515888188787,0.05555555555555555,0.027777777777777776,0.0032220684911609065,0.0022122715927451117,0.005555555555555556
avmnist,22,image,plain_mlp_posterior,3600,0.9913128491620111,0.6834014311057102,0.930757924724779,0.05555555555555555,0.027777777777777776,0.005332804920445424,0.008195956444573778,0.005555555555555556
avmnist,22,image,learned_posterior_analytic,3600,0.9939804469273743,0.7496988001793259,0.9703193671115626,0.05555555555555555,0.027777777777777776,0.0023190995129911633,0.0016164007509729599,0.005555555555555556
avmnist,22,audio,max_confidence,3600,0.4143887230710127,0.008957158092328537,0.9371949967884589,0.005555555555555556,0.008333333333333333,,,0.010555555555555556
avmnist,22,audio,negative_entropy,3600,0.4127116640562664,0.008954869381094938,0.9343098149258355,0.005555555555555556,0.008333333333333333,,,0.010555555555555556
avmnist,22,audio,direct_risk_regression,3600,0.6685333490942404,0.3473489167737983,0.9402935351171623,0.05555555555555555,0.029166666666666667,,,0.010555555555555556
avmnist,22,audio,full_posterior_analytic,3600,0.9912157569668134,0.7510650487946436,0.9660425411759359,0.10555555555555556,0.05277777777777778,0.0050101523523441846,0.004558127861095394,0.010555555555555556
avmnist,22,audio,plain_mlp_posterior,3600,0.9814563078105145,0.7090230609224502,0.9481402578983306,0.1,0.05,0.005283719728834901,0.0030314649264112387,0.010555555555555556
avmnist,22,audio,learned_posterior_analytic,3600,0.9939492892815982,0.8086588139503821,0.9722354324963194,0.10555555555555556,0.05277777777777778,0.004028822738266509,0.002631722073860161,0.010555555555555556
avmnist,33,image,max_confidence,3600,0.250081267176926,0.00661017097960876,0.9390931670148289,0.0,0.001388888888888889,,,0.010555555555555556
avmnist,33,image,negative_entropy,3600,0.24834510476077898,0.006597057852207304,0.9382408493536464,0.0,0.001388888888888889,,,0.010555555555555556
avmnist,33,image,direct_risk_regression,3600,0.7321803244776736,0.16815173408109838,0.7479211263022938,0.06388888888888888,0.03194444444444444,,,0.010555555555555556
avmnist,33,image,full_posterior_analytic,3600,0.9842932710777506,0.6822996744803747,0.9530173752941016,0.1,0.05138888888888889,0.006151513674004753,0.004525178684382966,0.010555555555555556
avmnist,33,image,plain_mlp_posterior,3600,0.9915777653003931,0.6830940056114002,0.9079658835176841,0.10555555555555556,0.05277777777777778,0.008095292249713802,0.010113604118577098,0.010555555555555556
avmnist,33,image,learned_posterior_analytic,3600,0.9822320399538993,0.7175978474695568,0.9501948826635837,0.1,0.05138888888888889,0.006268099409229916,0.005792150417183595,0.010555555555555556
avmnist,33,audio,max_confidence,3600,0.48097519729425026,0.013740465697736048,0.8348265390175416,0.008333333333333333,0.008333333333333333,,,0.014444444444444444
avmnist,33,audio,negative_entropy,3600,0.468129390339086,0.013457945309104984,0.823793333989171,0.008333333333333333,0.008333333333333333,,,0.014444444444444444
avmnist,33,audio,direct_risk_regression,3600,0.7394415055068945,0.34383515024229644,0.848615150336639,0.07777777777777778,0.043055555555555555,,,0.014444444444444444
avmnist,33,audio,full_posterior_analytic,3600,0.9647905645650854,0.7457138153864792,0.9588879247390799,0.1361111111111111,0.06944444444444445,0.00701002520627005,0.0038013735155034024,0.014444444444444444
avmnist,33,audio,plain_mlp_posterior,3600,0.9814196513745554,0.6935800723556875,0.9507141687055776,0.13333333333333333,0.07083333333333333,0.007415607082757887,0.003849078073986332,0.014444444444444444
avmnist,33,audio,learned_posterior_analytic,3600,0.9831812071806435,0.7613454582788327,0.962003981888425,0.13333333333333333,0.07083333333333333,0.006322611541998562,0.004167302273273702,0.014444444444444444
avmnist,44,image,max_confidence,3600,0.2373028872182512,0.006981099730456872,0.9387014214190614,0.0,0.002777777777777778,,,0.01138888888888889
avmnist,44,image,negative_entropy,3600,0.22968907407534314,0.006912544102563084,0.9365727324867265,0.0,0.002777777777777778,,,0.01138888888888889
avmnist,44,image,direct_risk_regression,3600,0.5342073342059636,0.09827133294244952,0.7171326474082313,0.041666666666666664,0.020833333333333332,,,0.01138888888888889
avmnist,44,image,full_posterior_analytic,3600,0.9839294403059231,0.6543470309048449,0.9549501559889524,0.1111111111111111,0.05694444444444444,0.006218289402537609,0.0036065947030034327,0.01138888888888889
avmnist,44,image,plain_mlp_posterior,3600,0.9866090091077927,0.6897383206361725,0.9244558359919627,0.1111111111111111,0.05694444444444444,0.006969345306145494,0.007229793023193128,0.01138888888888889
avmnist,44,image,learned_posterior_analytic,3600,0.9800231635359342,0.7078380381902962,0.9547302364760986,0.10833333333333334,0.05555555555555555,0.005704237987529864,0.0038843410912592006,0.01138888888888889
avmnist,44,audio,max_confidence,3600,0.4573069679849341,0.01666150640254553,0.8266001143741472,0.008333333333333333,0.016666666666666666,,,0.016666666666666666
avmnist,44,audio,negative_entropy,3600,0.46693032015065916,0.016884246331463702,0.8206943942678734,0.011111111111111112,0.016666666666666666,,,0.016666666666666666
avmnist,44,audio,direct_risk_regression,3600,0.6306355932203389,0.253105729336688,0.8516867983768565,0.06666666666666667,0.034722222222222224,,,0.016666666666666666
avmnist,44,audio,full_posterior_analytic,3600,0.9835357815442562,0.653855785867848,0.9491452031233438,0.16111111111111112,0.08333333333333333,0.009404487624610684,0.006754338208143773,0.016666666666666666
avmnist,44,audio,plain_mlp_posterior,3600,0.9810404896421846,0.6693932375671404,0.9480603787083626,0.15833333333333333,0.08333333333333333,0.00892815710553637,0.002989105264257285,0.016666666666666666
avmnist,44,audio,learned_posterior_analytic,3600,0.9814406779661018,0.713329045021027,0.9569879622161493,0.16111111111111112,0.08194444444444444,0.008134367202204815,0.005182589699579632,0.016666666666666666
avmnist,55,image,max_confidence,3600,0.26761331644144143,0.008472065881398112,0.9192369239914784,0.0,0.001388888888888889,,,0.013333333333333334
avmnist,55,image,negative_entropy,3600,0.2663288288288288,0.008444018028894398,0.9174769372144874,0.0,0.001388888888888889,,,0.013333333333333334
avmnist,55,image,direct_risk_regression,3600,0.855638841966967,0.24132720573294647,0.7227965486175641,0.023148148148148147,0.023148148148148147,,,0.013333333333333334
avmnist,55,image,full_posterior_analytic,3600,0.996263841966967,0.8062408518474593,0.94091745763252,0.13333333333333333,0.06666666666666667,0.005049720673357091,0.006501102232857296,0.013333333333333334
avmnist,55,image,plain_mlp_posterior,3600,0.9949500281531531,0.7661470967428508,0.9228049235703388,0.13055555555555556,0.06666666666666667,0.00630211204991614,0.009175346963072177,0.013333333333333334
avmnist,55,image,learned_posterior_analytic,3600,0.9968151745495496,0.8271134693953409,0.9626014503036099,0.13333333333333333,0.06666666666666667,0.004517310673083848,0.003791037654620872,0.013333333333333334
avmnist,55,audio,max_confidence,3600,0.5281307967070871,0.021933010041757704,0.8917773138674765,0.016666666666666666,0.025,,,0.020555555555555556
avmnist,55,audio,negative_entropy,3600,0.5316260673606108,0.022019337666225942,0.8897972505559734,0.016666666666666666,0.02638888888888889,,,0.020555555555555556
avmnist,55,audio,direct_risk_regression,3600,0.8116194754027993,0.5209254492896189,0.8999249736541022,0.07600596125186289,0.07083333333333333,,,0.020555555555555556
avmnist,55,audio,full_posterior_analytic,3600,0.970156060768653,0.8691992985402124,0.9523108533161667,0.2,0.1,0.006733072322841081,0.00432331026236783,0.020555555555555556
avmnist,55,audio,plain_mlp_posterior,3600,0.9839378516349588,0.83330300885344,0.949720124721203,0.19166666666666668,0.1,0.007118348792181997,0.0038106186536674266,0.020555555555555556
avmnist,55,audio,learned_posterior_analytic,3600,0.9897173123208289,0.8787865894929145,0.9641424460500858,0.19722222222222222,0.10138888888888889,0.005837824555894503,0.003471114370080674,0.020555555555555556
