dataset,baseline,metric,learned_minus_baseline,learned_better_seeds,n_seeds,paired_t_pvalue
mosi,max_confidence,auroc,0.36995194370837764,5,5,6.738825169941001e-06
mosi,max_confidence,auprc,0.3492996296359146,5,5,7.76686350240102e-06
mosi,max_confidence,spearman,0.351893097241757,5,5,0.0011121170004027776
mosi,max_confidence,top20_precision,0.4161616161616162,5,5,6.0837454780305126e-06
mosi,negative_entropy,auroc,0.3699490600429345,5,5,6.735897618169921e-06
mosi,negative_entropy,auprc,0.3492996512522814,5,5,7.764799051960231e-06
mosi,negative_entropy,spearman,0.35188952252364525,5,5,0.0011122199991887988
mosi,negative_entropy,top20_precision,0.4161616161616162,5,5,6.0837454780305126e-06
mosi,direct_risk_regression,auroc,0.10585611241016309,5,5,6.3102824842692616e-06
mosi,direct_risk_regression,auprc,0.1289384301875853,5,5,4.554390056755698e-05
mosi,direct_risk_regression,spearman,-0.046905628082988225,0,5,0.01490154130174499
mosi,direct_risk_regression,top20_precision,0.076010101010101,5,5,0.00886550802561302
mosi,full_posterior_analytic,auroc,-0.001966312894625588,2,5,0.7711370349801361
mosi,full_posterior_analytic,auprc,0.006587953086314125,3,5,0.563931203877416
mosi,full_posterior_analytic,spearman,0.014602360573391931,3,5,0.837646739220177
mosi,full_posterior_analytic,top20_precision,-0.00580808080808084,2,5,0.45886581834699697
mosi,full_posterior_analytic,brier,-0.00061115620948341,2,5,0.7719084412892268
mosi,full_posterior_analytic,ece,-0.0024574109228191546,4,5,0.5481718045441286
mosi,plain_mlp_posterior,auroc,-0.01596606800759699,0,5,0.005373264004663728
mosi,plain_mlp_posterior,auprc,-0.01664453657684224,1,5,0.08478693016407003
mosi,plain_mlp_posterior,spearman,0.015700349575406326,3,5,0.47324394858277924
mosi,plain_mlp_posterior,top20_precision,-0.02550505050505052,0,5,0.023287219913988935
mosi,plain_mlp_posterior,brier,0.0021631559171864543,1,5,0.19485114380222718
mosi,plain_mlp_posterior,ece,-0.007866239324150549,5,5,0.02663925148633378
mosei,max_confidence,auroc,0.4864212440219558,5,5,5.61480794058692e-07
mosei,max_confidence,auprc,0.47313139684399363,5,5,1.2482410363346744e-08
mosei,max_confidence,spearman,0.2699181476254413,5,5,0.00010752356116641326
mosei,max_confidence,top20_precision,0.48925758713709866,5,5,1.0824434436083528e-06
mosei,negative_entropy,auroc,0.4864212856988642,5,5,5.614944015731656e-07
mosei,negative_entropy,auprc,0.4731312914288896,5,5,1.2483247366121802e-08
mosei,negative_entropy,spearman,0.26991823719745606,5,5,0.00010752316895110866
mosei,negative_entropy,top20_precision,0.48925758713709866,5,5,1.0824434436083528e-06
mosei,direct_risk_regression,auroc,0.22974658289159783,5,5,0.00014516058605265652
mosei,direct_risk_regression,auprc,0.27246255692450644,5,5,5.1352049092115605e-05
mosei,direct_risk_regression,spearman,0.0349001850678919,3,5,0.25728044785494314
mosei,direct_risk_regression,top20_precision,0.20674002751031634,5,5,0.0006563763951892548
mosei,full_posterior_analytic,auroc,0.00954905769380503,5,5,0.0010380868059086008
mosei,full_posterior_analytic,auprc,0.020639911890793262,5,5,0.0008614681528328694
mosei,full_posterior_analytic,spearman,0.06641164565158582,5,5,0.031091663293231542
mosei,full_posterior_analytic,top20_precision,0.01274644658413573,5,5,0.017089714895078878
mosei,full_posterior_analytic,brier,-0.0027652096529857924,5,5,0.00470993970829402
mosei,full_posterior_analytic,ece,-0.00028870124791173686,3,5,0.8117591292027526
mosei,plain_mlp_posterior,auroc,-0.00038997228543893316,1,5,0.28804054047437877
mosei,plain_mlp_posterior,auprc,-0.00038477700418215743,2,5,0.7098185407007728
mosei,plain_mlp_posterior,spearman,0.004831547219273436,4,5,0.42309971450018025
mosei,plain_mlp_posterior,top20_precision,-0.0035304906006419,1,5,0.22426424971231518
mosei,plain_mlp_posterior,brier,0.0003750484559489786,1,5,0.2296489100579077
mosei,plain_mlp_posterior,ece,0.002872128412245492,0,5,0.02019091103486444
cremad,max_confidence,auroc,0.26227333078880344,5,5,5.187911502098232e-06
cremad,max_confidence,auprc,0.25376577653925386,5,5,7.682475810599265e-06
cremad,max_confidence,spearman,0.24547042532314958,5,5,6.755424737652138e-05
cremad,max_confidence,top20_precision,0.28005372733378103,5,5,1.252219518535738e-05
cremad,negative_entropy,auroc,0.26003460428400665,5,5,4.993731169306249e-06
cremad,negative_entropy,auprc,0.2533734576334302,5,5,6.945700092259562e-06
cremad,negative_entropy,spearman,0.24297057692704235,5,5,4.7104316728359904e-05
cremad,negative_entropy,top20_precision,0.2809939556749496,5,5,1.1224663539303116e-05
cremad,direct_risk_regression,auroc,0.16731185366933132,5,5,8.081260651500833e-06
cremad,direct_risk_regression,auprc,0.17099848759333977,5,5,8.120594837313819e-06
cremad,direct_risk_regression,spearman,0.18293690415051972,5,5,0.00010004668180472292
cremad,direct_risk_regression,top20_precision,0.138482202820685,5,5,7.43179153089051e-05
cremad,full_posterior_analytic,auroc,0.016503299415819184,5,5,0.020316851675562166
cremad,full_posterior_analytic,auprc,0.021888522953911572,5,5,0.022284614988774588
cremad,full_posterior_analytic,spearman,0.02148950674106078,5,5,0.05181354253827746
cremad,full_posterior_analytic,top20_precision,0.019341840161181945,5,5,0.008918986570572298
cremad,full_posterior_analytic,brier,-0.008289125431515415,5,5,0.004146769735749791
cremad,full_posterior_analytic,ece,-0.02298299689431104,5,5,0.0019334814394525916
cremad,plain_mlp_posterior,auroc,-0.015837712288085216,0,5,0.0009114864220451025
cremad,plain_mlp_posterior,auprc,-0.025912723119476188,0,5,0.0023163005393289785
cremad,plain_mlp_posterior,spearman,-0.0279183526275144,0,5,0.0015264872500691626
cremad,plain_mlp_posterior,top20_precision,-0.02874412357286773,0,5,0.004149113135324116
cremad,plain_mlp_posterior,brier,0.006471214194233482,0,5,0.00034429450449702037
cremad,plain_mlp_posterior,ece,0.013321664082465365,0,5,0.0027062320211575608
avmnist,max_confidence,auroc,0.6210677056221349,5,5,1.1730261531523892e-06
avmnist,max_confidence,auprc,0.7637766346781312,5,5,5.543359354952608e-06
avmnist,max_confidence,spearman,0.06016592990827583,5,5,0.004644031650025575
avmnist,max_confidence,top20_precision,0.06236111111111111,5,5,0.002292127767780274
avmnist,negative_entropy,auroc,0.6239816550491609,5,5,1.259812302071646e-06
avmnist,negative_entropy,auprc,0.7637861156793522,5,5,5.540954210319323e-06
avmnist,negative_entropy,spearman,0.06355064515942577,5,5,0.004321737306393322
avmnist,negative_entropy,top20_precision,0.06236111111111111,5,5,0.002366429991769655
avmnist,direct_risk_regression,auroc,0.28899415925025596,5,5,0.0021492323325517505
avmnist,direct_risk_regression,auprc,0.5126167822720868,5,5,5.312294454414845e-06
avmnist,direct_risk_regression,spearman,0.1336264288978554,5,5,0.003534269326367565
avmnist,direct_risk_regression,top20_precision,0.03310185185185185,5,5,0.003286271194202189
avmnist,full_posterior_analytic,auroc,0.003971630161829931,4,5,0.16370050342934928
avmnist,full_posterior_analytic,auprc,0.05076268863953322,5,5,0.022238432104951043
avmnist,full_posterior_analytic,spearman,0.00800696349818486,5,5,0.09371127050819625
avmnist,full_posterior_analytic,top20_precision,0.0,2,5,1.0
avmnist,full_posterior_analytic,brier,-0.0007008231803569769,5,5,0.003768550743648725
avmnist,full_posterior_analytic,ece,-0.00043757240245148544,3,5,0.44556599248822776
avmnist,plain_mlp_posterior,auroc,0.003005190063234786,3,5,0.349612446879752
avmnist,plain_mlp_posterior,auprc,0.05457357232632527,5,5,0.002757641602614441
avmnist,plain_mlp_posterior,spearman,0.026922479315477733,5,5,0.00019144048723186908
avmnist,plain_mlp_posterior,top20_precision,0.0004166666666666638,3,5,0.5528894339334187
avmnist,plain_mlp_posterior,brier,-0.0015482283224891712,5,5,0.0009281165655244587
avmnist,plain_mlp_posterior,ece,-0.0022675773562734897,5,5,0.009812852583208066
