dataset,variant,train_seed,n_test,router_blend,accuracy,macro_f1,nll,brier,ece,accuracy_gain,macro_f1_gain,nll_gain,relative_nll_reduction,negative_flip_rate,correction_rate,clipped_harm,regret_reduction,action_oracle_nll,action_oracle_gap,full_nll,full_accuracy,mean_full_weight,mean_posterior_weight,mean_candidate_weight,candidate_usage_rate
MOSI,analytic_hard,11,656,0.25,0.7804878048780488,0.77920511597902,0.4647558331489563,0.300158466763838,0.0555315396589476,0.0091463414634146,0.008993542488758,0.0196157693862915,0.0404973563347245,0.0411585365853658,0.0503048780487804,0.0277167297899723,0.1253223404762723,0.3730588257312774,0.0916970148682594,0.4843716025352478,0.7713414634146342,,,,
MOSI,analytic_hard,22,656,0.1,0.7698170731707317,0.7660722593382406,0.465139329433441,0.302859244990931,0.0549956687339922,-0.013719512195122,-0.0102262142888401,-0.009576678276062,-0.0210216492764101,0.0503048780487804,0.0365853658536585,0.0420977473258972,-0.0550996638790186,0.3747974634170532,0.0903418585658073,0.455562651157379,0.7835365853658537,,,,
MOSI,analytic_hard,33,656,1.0,0.7759146341463414,0.7720881754433233,0.4603246748447418,0.2974021042418424,0.0384657163082099,0.0030487804878048,0.0034814735032879,0.0062102377414702,0.0133114105159766,0.0320121951219512,0.0350609756097561,0.0241089928895235,0.035295626127649,0.3793668448925018,0.0809578299522399,0.466534912586212,0.7728658536585366,,,,
MOSI,analytic_hard,44,656,0.5,0.7591463414634146,0.7568318318318319,0.469316393136978,0.3076011170864289,0.0391216656965453,-0.0076219512195121,-0.0079021789272835,0.009911835193634,0.0206829118313039,0.0564024390243902,0.048780487804878,0.0296952202916145,0.0561825806118663,0.3795419931411743,0.0897744074463844,0.4792282283306122,0.7667682926829268,,,,
MOSI,analytic_hard,55,656,1.0,0.8033536585365854,0.7959446457894774,0.4453712105751036,0.2846400451095011,0.0354846751362812,0.0045731707317072,0.0059257311961411,-0.0021907985210418,-0.0049433559368924,0.0228658536585365,0.0274390243902438,0.0319846384227275,-0.012827479341547,0.3645968437194824,0.0807743668556213,0.4431804120540619,0.7987804878048781,,,,
MOSI,anchored_harm,11,656,0.25,0.7896341463414634,0.7867721876766535,0.4646379947662352,0.299417596423248,0.022877886527922,0.0182926829268292,0.0165606141863915,0.0197336077690124,0.0407406372828729,0.0365853658536585,0.0548780487804877,0.0613185726106166,0.1260754797704844,0.3730588257312774,0.0915791466832161,0.4843716025352478,0.7713414634146342,0.0061568245291708,0.8172715306282043,0.1765715628862381,0.5884146341463414
MOSI,anchored_harm,22,656,0.1,0.7896341463414634,0.7850303951367782,0.4676089286804199,0.3029107955525208,0.0390242249137017,0.0060975609756097,0.0087319215096972,-0.0120462775230407,-0.0264426363584384,0.0304878048780487,0.0365853658536585,0.0692892521619796,-0.0693086521681538,0.3747974634170532,0.0928114578127861,0.455562651157379,0.7835365853658537,0.0177883934229612,0.8964321613311768,0.0857793986797332,0.1570121951219512
MOSI,anchored_harm,33,656,1.0,0.7911585365853658,0.7868750993035118,0.4617329239845276,0.2978316195627564,0.0326457500639484,0.0182926829268292,0.0182683973634765,0.0048019886016845,0.0102928815660654,0.0045731707317073,0.0228658536585365,0.015606983564794,0.0272919011171643,0.3793668448925018,0.0823660790920257,0.466534912586212,0.7728658536585366,0.3282221257686615,0.1953500360250473,0.4764277637004851,1.0
MOSI,anchored_harm,44,656,0.5,0.7774390243902439,0.773547075235258,0.4656728506088257,0.3032504361669591,0.0221377841037947,0.0106707317073171,0.0088130644761426,0.0135553777217863,0.028285849873674,0.0350609756097561,0.0457317073170731,0.0357194207608699,0.0768351178102773,0.3795419931411743,0.0861308723688125,0.4792282283306122,0.7667682926829268,0.1527249366044998,0.4533463418483734,0.3939287066459656,1.0
MOSI,anchored_harm,55,656,1.0,0.8064024390243902,0.7975736635833292,0.4433791935443878,0.2819956958652813,0.0345955174870607,0.0076219512195121,0.0075547489899927,-0.0001987814903259,-0.0004485340166651,0.0091463414634146,0.0167682926829268,0.0199687406420707,-0.0011636439146667,0.3645968437194824,0.0787823349237442,0.4431804120540619,0.7987804878048781,0.3559412956237793,0.194314107298851,0.4497445821762085,1.0
MOSI,anchored_harm_oracle,11,656,0.25,0.7850609756097561,0.7826564060388884,0.4654690027236937,0.2998690140993207,0.0285421039273098,0.0137195121951219,0.0124448325486266,0.0189025998115539,0.03902499591763,0.0381097560975609,0.0518292682926829,0.0496275536715984,0.1207659953086589,0.3730588257312774,0.0924101918935775,0.4843716025352478,0.7713414634146342,0.1171293705701828,0.4313722848892212,0.4514982700347899,0.9664634146341464
MOSI,anchored_harm_oracle,22,656,0.1,0.788109756097561,0.7827540282135769,0.4604390859603882,0.2976659568152933,0.0405862593069309,0.0045731707317072,0.0064555545864961,-0.004876434803009,-0.0107042023542101,0.0259146341463414,0.0304878048780487,0.0427024066448211,-0.0280566926055527,0.3747974634170532,0.0856415927410125,0.455562651157379,0.7835365853658537,0.1211139857769012,0.4365631639957428,0.4423228800296782,1.0
MOSI,anchored_harm_oracle,33,656,1.0,0.7926829268292683,0.7885235332043843,0.461728036403656,0.2978363542964536,0.035429211833128,0.0198170731707317,0.0199168312643489,0.0048068761825561,0.0103033579114357,0.0045731707317073,0.024390243902439,0.015747033059597,0.0273197641684885,0.3793668448925018,0.0823611766099929,0.466534912586212,0.7728658536585366,0.3199883103370666,0.1953401118516922,0.4846715331077574,1.0
MOSI,anchored_harm_oracle,44,656,0.5,0.7759146341463414,0.7719027265609661,0.464949458837509,0.3028463450225329,0.030432645322346,0.0091463414634146,0.0071687158018506,0.014278769493103,0.0297953431141628,0.0320121951219512,0.0411585365853658,0.0308405011892318,0.0809356575581382,0.3795419931411743,0.0854074582457542,0.4792282283306122,0.7667682926829268,0.1560911387205124,0.363859474658966,0.4800494015216826,1.0
MOSI,anchored_harm_oracle,55,656,1.0,0.8064024390243902,0.7978408729686906,0.4433886706829071,0.2820304976037676,0.0357060739543379,0.0076219512195121,0.0078219583753542,-0.0002082586288452,-0.0004699183970698,0.010670731707317,0.0182926829268292,0.0201775766909122,-0.0012193089680938,0.3645968437194824,0.0787918269634246,0.4431804120540619,0.7987804878048781,0.3442927598953247,0.1953350603580474,0.4603722393512726,1.0
MOSI,anchored_mixer,11,656,0.25,0.7942073170731707,0.7911788632263997,0.4680922329425812,0.3018097802216745,0.0254736668998148,0.0228658536585365,0.0209672897361378,0.0162793695926666,0.0336092568339242,0.0335365853658536,0.0564024390243902,0.069664753973484,0.1040065277784256,0.3730588257312774,0.0950334221124649,0.4843716025352478,0.7713414634146342,0.0033383739646524,0.9858859181404114,0.0107757337391376,0.0
MOSI,anchored_mixer,22,656,0.1,0.7896341463414634,0.7850303951367782,0.4673615097999573,0.3027199660806783,0.0399300613236136,0.0060975609756097,0.0087319215096972,-0.0117988586425781,-0.0258995302020535,0.0304878048780487,0.0365853658536585,0.0685004368424415,-0.0678848640962692,0.3747974634170532,0.0925640165805816,0.455562651157379,0.7835365853658537,0.0232560262084007,0.8882690072059631,0.0884749516844749,0.1509146341463414
MOSI,anchored_mixer,33,656,1.0,0.7911585365853658,0.7868750993035118,0.4617253839969635,0.2978261259278446,0.0326439457513936,0.0182926829268292,0.0182683973634765,0.0048095285892486,0.0103090432452038,0.0045731707317073,0.0228658536585365,0.0156567152589559,0.0273348390108464,0.3793668448925018,0.0823585167527198,0.466534912586212,0.7728658536585366,0.3263407945632934,0.1960112899541854,0.4776479303836821,1.0
MOSI,anchored_mixer,44,656,0.5,0.7759146341463414,0.7720881754433233,0.465615540742874,0.3031157509760088,0.0270813112033575,0.0091463414634146,0.0073541646842079,0.013612687587738,0.0284054377079533,0.0381097560975609,0.0472560975609756,0.0405419878661632,0.0771601338140214,0.3795419931411743,0.086073525249958,0.4792282283306122,0.7667682926829268,0.1208861991763114,0.5433151721954346,0.3357986211776733,1.0
MOSI,anchored_mixer,55,656,1.0,0.8064024390243902,0.7975736635833292,0.443355083465576,0.281981587854698,0.0358157797557551,0.0076219512195121,0.0075547489899927,-0.0001746714115142,-0.0003941316149437,0.0091463414634146,0.0167682926829268,0.0201517958194017,-0.0010224745471978,0.3645968437194824,0.0787582099437713,0.4431804120540619,0.7987804878048781,0.352868378162384,0.1969950199127196,0.450136661529541,1.0
MOSI,candidate_oracle,11,656,0.25,0.8384146341463414,0.8367622893093571,0.3730588257312774,0.2281297690708387,0.0718294710102604,0.0670731707317072,0.0665507158190952,0.1113127768039703,0.2298086349846863,0.0,0.0670731707317073,0.0,0.7111624173305624,0.3730588257312774,0.0,0.4843716025352478,0.7713414634146342,,,,
MOSI,candidate_oracle,22,656,0.1,0.8323170731707317,0.8276455077005389,0.3747974634170532,0.2327418700843604,0.0687860185961898,0.0487804878048779,0.051347034073458,0.0807651877403259,0.1772866751370816,0.0,0.048780487804878,0.0,0.4646844916668489,0.3747974634170532,0.0,0.455562651157379,0.7835365853658537,,,,
MOSI,candidate_oracle,33,656,1.0,0.8521341463414634,0.8488288943213431,0.3793668448925018,0.231696447934983,0.0662630609259373,0.0792682926829269,0.0802221923813077,0.0871680676937103,0.1868414674702449,0.0,0.0792682926829268,0.0,0.4954160622614703,0.3793668448925018,0.0,0.466534912586212,0.7728658536585366,,,,
MOSI,candidate_oracle,44,656,0.5,0.8399390243902439,0.8374609167600731,0.3795419931411743,0.2361719184629415,0.0527557856971169,0.0731707317073171,0.0727269060009577,0.0996862351894378,0.208014113727595,0.0,0.073170731707317,0.0,0.5650470373667893,0.3795419931411743,0.0,0.4792282283306122,0.7667682926829268,,,,
MOSI,candidate_oracle,55,656,1.0,0.8475609756097561,0.8409234201464668,0.3645968437194824,0.2224147504592291,0.0501678296160406,0.0487804878048779,0.0509045055531304,0.0785835683345794,0.1773173321680863,0.0,0.048780487804878,0.0,0.4601227510402298,0.3645968437194824,0.0,0.4431804120540619,0.7987804878048781,,,,
MOSI,equal_action_average,11,656,0.25,0.7911585365853658,0.7895698066201968,0.4728227853775023,0.3057794325131076,0.0474005828543407,0.0198170731707316,0.0193582331299349,0.0115488171577453,0.0238428865302956,0.024390243902439,0.0442073170731707,0.0290719587355851,0.0737838504505841,0.3730588257312774,0.0997639372944831,0.4843716025352478,0.7713414634146342,,,,
MOSI,equal_action_average,22,656,0.1,0.7850609756097561,0.7796281868929089,0.4593849182128906,0.2968968283374943,0.0433812716566935,0.0015243902439023,0.003329713265828,-0.0038222670555114,-0.008390211633462,0.0274390243902438,0.0289634146341463,0.0298015717417001,-0.0219914257213784,0.3747974634170532,0.0845874324440956,0.455562651157379,0.7835365853658537,,,,
MOSI,equal_action_average,33,656,1.0,0.7911585365853658,0.7870609280780941,0.4614889919757843,0.2977493133069679,0.0312098590884265,0.0182926829268292,0.0184542261380588,0.0050459206104278,0.0108157406322627,0.0076219512195121,0.0259146341463414,0.0181959699839353,0.0286781090930771,0.3793668448925018,0.0821221694350242,0.466534912586212,0.7728658536585366,,,,
MOSI,equal_action_average,44,656,0.5,0.774390243902439,0.7711548796470022,0.4677248597145079,0.3055975718748585,0.0227908731960668,0.0076219512195122,0.0064208688878868,0.0115033686161041,0.0240039462119667,0.024390243902439,0.0320121951219512,0.023437462747097,0.0652039707698445,0.3795419931411743,0.0881828591227531,0.4792282283306122,0.7667682926829268,,,,
MOSI,equal_action_average,55,656,1.0,0.8048780487804879,0.7963819777874777,0.4444969594478607,0.2830334423369879,0.0330390203289869,0.0060975609756097,0.0063630631941413,-0.0013165473937988,-0.002970680467796,0.0121951219512195,0.0182926829268292,0.0234343446791172,-0.0077083011601539,0.3645968437194824,0.0799000784754753,0.4431804120540619,0.7987804878048781,,,,
MOSI,full_coalition,11,656,0.25,0.7713414634146342,0.7702115734902619,0.4843716025352478,0.3154360657133892,0.0366393766570382,0.0,0.0,0.0,0.0,0.0,0.0,0.0,0.0,0.3730588257312774,0.1113127619028091,0.4843716025352478,0.7713414634146342,,,,
MOSI,full_coalition,22,656,0.1,0.7835365853658537,0.7762984736270808,0.455562651157379,0.2952313149693906,0.0453338435873753,0.0,0.0,0.0,0.0,0.0,0.0,0.0,0.0,0.3747974634170532,0.0807651653885841,0.455562651157379,0.7835365853658537,,,,
MOSI,full_coalition,33,656,1.0,0.7728658536585366,0.7686067019400353,0.466534912586212,0.3015010910018489,0.038253350228798,0.0,0.0,0.0,0.0,0.0,0.0,0.0,0.0,0.3793668448925018,0.0871680676937103,0.466534912586212,0.7728658536585366,,,,
MOSI,full_coalition,44,656,0.5,0.7667682926829268,0.7647340107591154,0.4792282283306122,0.3154959841045333,0.0196703209927896,0.0,0.0,0.0,0.0,0.0,0.0,0.0,0.0,0.3795419931411743,0.0996861904859542,0.4792282283306122,0.7667682926829268,,,,
MOSI,full_coalition,55,656,1.0,0.7987804878048781,0.7900189145933363,0.4431804120540619,0.2817417798809198,0.0401765288012783,0.0,0.0,0.0,0.0,0.0,0.0,0.0,0.0,0.3645968437194824,0.07858357578516,0.4431804120540619,0.7987804878048781,,,,
MOSI,listwise_hard,11,656,0.25,0.7759146341463414,0.7747584244861921,0.465786039829254,0.3013101985257197,0.0560907431673712,0.0045731707317072,0.0045468509959302,0.0185855627059936,0.0383704631087268,0.0442073170731707,0.048780487804878,0.032931063324213,0.1187406779853033,0.3730588257312774,0.0927272215485572,0.4843716025352478,0.7713414634146342,,,,
MOSI,listwise_hard,22,656,0.1,0.7713414634146342,0.767342885515676,0.4655923545360565,0.3031363356367182,0.054211354110299,-0.0121951219512195,-0.0089555881114048,-0.0100297033786773,-0.0220160791346621,0.048780487804878,0.0365853658536585,0.0422470606863498,-0.057706069682196,0.3747974634170532,0.0907948687672615,0.455562651157379,0.7835365853658537,,,,
MOSI,listwise_hard,33,656,1.0,0.7713414634146342,0.7682306387789712,0.4616188406944275,0.2985794587732195,0.0450496366474686,-0.0015243902439023,-0.000376063161064,0.0049160718917846,0.0105374147982466,0.0304878048780487,0.0289634146341463,0.0269711595028638,0.0279404580990522,0.3793668448925018,0.0822519659996032,0.466534912586212,0.7728658536585366,,,,
MOSI,listwise_hard,44,656,0.5,0.7667682926829268,0.7638438896300531,0.4688133597373961,0.3070464497317328,0.0252190060550119,0.0,-0.0008901211290622,0.0104148685932159,0.0217325858067586,0.0411585365853658,0.0411585365853658,0.0215181801468133,0.059033987906668,0.3795419931411743,0.0892713740468025,0.4792282283306122,0.7667682926829268,,,,
MOSI,listwise_hard,55,656,1.0,0.7972560975609756,0.7893613579683589,0.4485067129135132,0.2867147868972719,0.0239497359569479,-0.0015243902439024,-0.0006575566249774,-0.0053263008594512,-0.0120183580198521,0.0152439024390243,0.0137195121951219,0.0219841487705707,-0.0311861280592875,0.3645968437194824,0.0839098244905471,0.4431804120540619,0.7987804878048781,,,,
MOSI,posterior_only,11,656,0.25,0.7942073170731707,0.7911788632263997,0.4683972299098967,0.3020470204981358,0.0251583091732931,0.0228658536585365,0.0209672897361378,0.0159743726253509,0.0329795812589746,0.0335365853658536,0.0564024390243902,0.0704174861311912,0.1020578476857413,0.3730588257312774,0.0953384265303611,0.4843716025352478,0.7713414634146342,,,,
MOSI,posterior_only,22,656,0.1,0.7896341463414634,0.7850303951367782,0.4696853458881378,0.3043358610219233,0.0275963052380374,0.0060975609756097,0.0087319215096972,-0.0141226947307586,-0.031000554358175,0.0304878048780487,0.0365853658536585,0.0747486352920532,-0.0812554575184831,0.3747974634170532,0.0948878973722457,0.455562651157379,0.7835365853658537,,,,
MOSI,posterior_only,33,656,1.0,0.7911585365853658,0.7868750993035118,0.4664614498615265,0.3020785146446196,0.0260990511898587,0.0182926829268292,0.0182683973634765,7.346272468566895e-05,0.0001574645813288,0.0213414634146341,0.0396341463414634,0.047583982348442,0.00041743762911,0.3793668448925018,0.0870946198701858,0.466534912586212,0.7728658536585366,,,,
MOSI,posterior_only,44,656,0.5,0.7759146341463414,0.7719027265609661,0.473035991191864,0.3083510306039815,0.0131834756310393,0.0091463414634146,0.0071687158018506,0.006192237138748,0.0129212696011643,0.0411585365853658,0.0503048780487804,0.0658853948116302,0.0350990255685731,0.3785859644412994,0.0944500491023063,0.4792282283306122,0.7667682926829268,,,,
MOSI,posterior_only,55,656,1.0,0.8125,0.8042080895681019,0.4522277116775511,0.2899276376505307,0.0603132304258463,0.0137195121951219,0.0141891749747655,-0.0090472996234893,-0.0204144844343565,0.024390243902439,0.0381097560975609,0.06801188737154,-0.0529734997700981,0.3646143078804016,0.087613396346569,0.4431804120540619,0.7987804878048781,,,,
MOSI,softmax_mixer,11,656,0.25,0.7942073170731707,0.7911788632263997,0.4679574370384215,0.3017075342527892,0.0257770702606294,0.0228658536585365,0.0209672897361378,0.0164141654968261,0.0338875471041507,0.0335365853658536,0.0564024390243902,0.0693802237510681,0.1048680064123941,0.3730588257312774,0.0948985815048217,0.4843716025352478,0.7713414634146342,0.0033749938011169,0.981415331363678,0.0152096860110759,0.0
MOSI,softmax_mixer,22,656,0.1,0.7896341463414634,0.7850303951367782,0.4668280780315399,0.3023407205664551,0.0429042218843611,0.0060975609756097,0.0087319215096972,-0.0112654268741607,-0.0247286006557833,0.0304878048780487,0.0365853658536585,0.0669913589954376,-0.0648158364808506,0.3747974634170532,0.0920305848121643,0.455562651157379,0.7835365853658537,0.0207622684538364,0.8648679852485657,0.1143698096275328,0.850609756097561
MOSI,softmax_mixer,33,656,1.0,0.788109756097561,0.7839523284879932,0.4611819088459015,0.2974591315002841,0.0327747535051368,0.0152439024390244,0.0153456265479578,0.0053530037403106,0.0114739617462636,0.0121951219512195,0.0274390243902438,0.0197428166866302,0.0304234878916833,0.3793668448925018,0.0818150788545608,0.466534912586212,0.7728658536585366,0.1631238609552383,0.2547880411148071,0.5820881128311157,1.0
MOSI,softmax_mixer,44,656,0.5,0.7728658536585366,0.7689873342928923,0.4663496315479277,0.3036856877295286,0.0323258881888738,0.0060975609756097,0.0042533235337769,0.0128785967826842,0.0268736189175391,0.0411585365853658,0.0472560975609756,0.0455007292330265,0.0729992025789783,0.3795419931411743,0.0868076011538505,0.4792282283306122,0.7667682926829268,0.0668579339981079,0.6325693130493164,0.3005727529525757,1.0
MOSI,softmax_mixer,55,656,1.0,0.801829268292683,0.7929292929292929,0.4444172978401184,0.2830262397440837,0.0392607333274876,0.0030487804878048,0.0029103783359566,-0.0012368857860565,-0.0027909306287337,0.0152439024390243,0.0182926829268292,0.026539534330368,-0.0072418664021267,0.3645968437194824,0.0798204243183136,0.4431804120540619,0.7987804878048781,0.1774378567934036,0.2592232227325439,0.5633389353752136,1.0
MOSI,sparsemax_mixer,11,656,0.25,0.7911585365853658,0.7882410045074658,0.4664656817913055,0.3005592928531853,0.0264363801333962,0.0198170731707316,0.0180294310172037,0.0179059207439422,0.0369673214742997,0.0365853658536585,0.0564024390243902,0.0669171661138534,0.1143986314589834,0.3726496398448944,0.0938160270452499,0.4843716025352478,0.7713414634146342,0.0,0.9172666668891908,0.0827333629131317,0.3810975609756097
MOSI,sparsemax_mixer,22,656,0.1,0.7896341463414634,0.7850303951367782,0.4696750044822693,0.3043324279072035,0.0275869251387875,0.0060975609756097,0.0087319215096972,-0.0141123533248901,-0.0309778540647197,0.0304878048780487,0.0365853658536585,0.0747383013367652,-0.0811959579748036,0.3749978244304657,0.0946772024035453,0.4555626511573791,0.7835365853658537,0.0,0.999695360660553,0.0003046272613573,0.0
MOSI,sparsemax_mixer,33,656,1.0,0.7942073170731707,0.7896072240554776,0.46099853515625,0.2973158994059928,0.0340022571021463,0.0213414634146341,0.0210005221154422,0.0055363774299621,0.0118670163381161,0.0121951219512195,0.0335365853658536,0.0265973340719938,0.0314658539576373,0.3785051703453064,0.082493357360363,0.4665349125862121,0.7728658536585366,0.0283834766596555,0.433997631072998,0.53761887550354,1.0
MOSI,sparsemax_mixer,44,656,0.5,0.7759146341463414,0.7719027265609661,0.4730042219161987,0.3083446941051996,0.0131683526787816,0.0091463414634146,0.0071687158018507,0.0062240064144134,0.0129875621811651,0.0411585365853658,0.0503048780487804,0.0658449605107307,0.0352789330758431,0.3787572085857391,0.0942471027374267,0.4792282283306122,0.7667682926829268,0.0,0.9946712255477904,0.0053288065828382,0.0
MOSI,sparsemax_mixer,55,656,1.0,0.8003048780487805,0.7909176064133911,0.4451439976692199,0.2838734476227489,0.03260967580647,0.0015243902439023,0.0008986918200549,-0.001963585615158,-0.004430668779013,0.0228658536585365,0.024390243902439,0.0377347394824028,-0.0114971020144991,0.3641551733016968,0.0809888467192649,0.4431804120540619,0.7987804878048781,0.0945945680141449,0.4402340352535248,0.4651714563369751,1.0
MOSEI,analytic_hard,11,3634,1.0,0.8398458998348927,0.8227028190663199,0.3663292527198791,0.2284361908048749,0.0169728079797412,0.0013758943313153,0.000169690003052,0.001045137643814,0.0028448843229911,0.0107319757842597,0.0121078701155751,0.0168689433485269,0.0066577754574147,0.2881965935230255,0.0781326591968536,0.3673743903636932,0.8384700055035773,,,,
MOSEI,analytic_hard,22,3634,0.1,0.8392955421023666,0.8236630585933034,0.3602591753005981,0.2257606150425077,0.0106934305725349,0.0013758943313153,0.0013503574844646,0.0060697197914123,0.016569044573696,0.0071546505228398,0.0085305448541552,0.0151584353297948,0.037853340562044,0.3028796911239624,0.0573795065283775,0.3663288950920105,0.8379196477710512,,,,
MOSEI,analytic_hard,33,3634,0.0,0.840946615299945,0.8241207511274784,0.3715810775756836,0.2323696274572422,0.0157333848465912,0.0046780407264721,0.000721659602481,0.0001004636287689,0.0002702949101087,0.0220143093010456,0.0266923500275178,0.0266081858426332,0.0005988932339283,0.2921767830848694,0.0794043540954589,0.3716815412044525,0.8362685745734728,,,,
MOSEI,analytic_hard,44,3634,0.75,0.844799119427628,0.828829075612735,0.3601277768611908,0.2256395955441764,0.0176950897334628,0.0044028618602091,0.0014521948518606,0.0026078224182128,0.0071893203297208,0.0170610897083104,0.0214639515685195,0.0179827436804771,0.0154389920828056,0.3001656234264374,0.0599621869623661,0.3627355992794037,0.8403962575674189,,,,
MOSEI,analytic_hard,55,3634,0.1,0.840946615299945,0.8261554286266685,0.3650916516780853,0.2285841149641544,0.0099728830121805,0.0024766097963676,0.0010052046134003,0.0048312246799468,0.0130600862739588,0.0165107319757842,0.0189873417721519,0.0159103814512491,0.0312619925430728,0.3074395656585693,0.0576520971953868,0.3699228763580322,0.8384700055035773,,,,
MOSEI,anchored_harm,11,3634,1.0,0.8384700055035773,0.8214828214002224,0.3570103347301483,0.2245189768301685,0.0135043676764215,0.0,-0.0010503076630454,0.0103640556335448,0.0282111543575061,0.0132085855806274,0.0132085855806274,0.034441165626049,0.0660214053489641,0.2881965935230255,0.0688137635588646,0.3673743903636932,0.8384700055035773,0.0008497057133354,0.907758891582489,0.0913914442062377,0.2969179966978536
MOSEI,anchored_harm,22,3634,0.1,0.8406714364336819,0.8258240837202258,0.3561209440231323,0.2232758657570839,0.0158555106960552,0.0027517886626307,0.0035113826113869,0.0102079510688781,0.0278655361497329,0.0115575123830489,0.0143093010456796,0.0293289814144372,0.0636611945178022,0.3028796911239624,0.0532412491738796,0.3663288950920105,0.8379196477710512,5.715030783903785e-05,0.9996232986450196,0.0003195519384462,0.0
MOSEI,anchored_harm,33,3634,0.0,0.8431480462300496,0.8281977962260545,0.3582470715045929,0.2247528248744441,0.0133725529886171,0.0068794716565767,0.0047987047010571,0.0134344696998596,0.0361451086764345,0.0198128783709411,0.0266923500275178,0.0427732169628142,0.0801224767323446,0.2921767830848694,0.0660703182220459,0.3716815412044525,0.8362685745734728,0.047071810811758,0.8405592441558838,0.1123690158128738,0.8395707209686296
MOSEI,anchored_harm,44,3634,0.75,0.8368189323059989,0.8208487661749191,0.3582631945610046,0.2254635951316941,0.0226751595456716,-0.0035773252614199,-0.0065281145859552,0.004472404718399,0.0123296547879054,0.0242157402311502,0.0206384149697303,0.0356223806738853,0.0264780725608279,0.3001656234264374,0.0580975525081157,0.3627355992794037,0.8403962575674189,4.945994760419126e-07,0.9288874864578248,0.0711120292544364,0.182168409466153
MOSEI,anchored_harm,55,3634,0.1,0.8417721518987342,0.827627239936398,0.3570336699485779,0.2241315669880341,0.0124416896682815,0.0033021463951569,0.0024770159231297,0.0128892064094543,0.0348429557435086,0.0200880572372041,0.023390203632361,0.0344429053366184,0.0834036895860275,0.3074395656585693,0.0495940931141376,0.3699228763580322,0.8384700055035773,4.227343379170634e-05,0.9998547434806824,0.0001029863487929,0.0
MOSEI,anchored_harm_oracle,11,3634,1.0,0.8357182168409466,0.8173292287733127,0.3598490357398987,0.2259738084884703,0.0136263175166827,-0.0027517886626307,-0.0052039002899553,0.0075253546237945,0.0204841568198169,0.0165107319757842,0.0137589433131535,0.0218055192381143,0.0479383943615178,0.2881965935230255,0.0716524422168731,0.3673743903636932,0.8384700055035773,0.1305887699127197,0.3624523878097534,0.5069588422775269,1.0
MOSEI,anchored_harm_oracle,22,3634,0.1,0.8403962575674189,0.8251837224756344,0.3573501110076904,0.2238726503380009,0.0110606064196792,0.0024766097963676,0.0028710213667957,0.00897878408432,0.024510171609763,0.0093560814529444,0.011832691249312,0.0187734458595514,0.0559955891730665,0.3028796911239624,0.0544704161584376,0.3663288950920105,0.8379196477710512,0.1540631800889969,0.3550542891025543,0.4908825159072876,0.9944964226747386
MOSEI,anchored_harm_oracle,33,3634,0.0,0.8439735828288387,0.8289495781472181,0.3587540984153747,0.2252042461967361,0.0093069191515675,0.0077050082553659,0.0055504866222207,0.0129274427890777,0.0347809653048298,0.019537699504678,0.027242707760044,0.0320834405720233,0.0770985946760088,0.2921767830848694,0.0665773302316665,0.3716815412044525,0.8362685745734728,0.1159131377935408,0.5179807543754578,0.3661061227321625,1.0
MOSEI,anchored_harm_oracle,44,3634,0.75,0.8398458998348927,0.8236268332906367,0.3578001260757446,0.2246702584811747,0.0173966880020494,-0.0005503577325262,-0.0037500474702376,0.0049354732036589,0.0136062553922572,0.0187121629058888,0.0181618051733625,0.0201088525354862,0.0292194711195977,0.3001656234264374,0.057634487748146,0.3627355992794037,0.8403962575674189,0.1370474845170974,0.3936797380447387,0.4692727327346802,1.0
MOSEI,anchored_harm_oracle,55,3634,0.1,0.8439735828288387,0.8300254696416307,0.3590247333049774,0.2248119292897099,0.0066781608397053,0.0055035773252614,0.0048752456283625,0.0108981430530548,0.0294605815145829,0.015685195376995,0.0211887727022564,0.02289473824203,0.0705196244769563,0.3074395656585693,0.0515851899981498,0.3699228763580322,0.8384700055035773,0.1411581933498382,0.397459864616394,0.4613819122314453,0.9892680242157402
MOSEI,anchored_mixer,11,3634,1.0,0.8337919647771052,0.814570785168204,0.3593724370002746,0.2268344048104949,0.0197497891343158,-0.0046780407264721,-0.007962343895064,0.0080019533634185,0.0217814675527513,0.0214639515685195,0.0167859108420473,0.0392476469278335,0.0509741569567384,0.2881965935230255,0.0711758881807327,0.3673743903636932,0.8384700055035773,0.000513348612003,0.9036953449249268,0.095791384577751,0.298293891029169
MOSEI,anchored_mixer,22,3634,0.1,0.8406714364336819,0.8258240837202258,0.3561210036277771,0.2232761567713309,0.0158545912361827,0.0027517886626307,0.0035113826113869,0.0102078914642333,0.027865373441725,0.0115575123830489,0.0143093010456796,0.0293204728513956,0.0636607298680748,0.3028796911239624,0.0532413236796854,0.3663288950920105,0.8379196477710512,0.0001880318886833,0.9992205500602722,0.0005913870991207,0.0
MOSEI,anchored_mixer,33,3634,0.0,0.8434232250963126,0.8285296811529064,0.3584089875221252,0.2247887626891393,0.0148978291236244,0.0071546505228398,0.005130589627909,0.0132725536823272,0.0357094776332365,0.0198128783709411,0.0269675288937809,0.0442131534218788,0.0791569957865964,0.2921767830848694,0.0662321969866752,0.3716815412044525,0.8362685745734728,0.0337092690169811,0.8793473243713379,0.0869434177875518,0.1128233351678591
MOSEI,anchored_mixer,44,3634,0.75,0.8423225096312603,0.8262583238902251,0.3566713333129883,0.2240570976950291,0.0170305028812007,0.0019262520638414,-0.0011185568706492,0.0060642659664154,0.016718143955163,0.0187121629058888,0.0206384149697303,0.0294262766838073,0.0359018671945678,0.3001656234264374,0.0565057657659053,0.3627355992794037,0.8403962575674189,0.0492711924016475,0.7887088060379028,0.1620200127363205,0.988717666483214
MOSEI,anchored_mixer,55,3634,0.1,0.8417721518987342,0.827627239936398,0.3570335805416107,0.2241315909462966,0.0124423320502058,0.0033021463951569,0.0024770159231297,0.0128892958164215,0.034843197434339,0.0200880572372041,0.023390203632361,0.0344437547028064,0.083404075275855,0.3074395656585693,0.0495940372347831,0.3699228763580322,0.8384700055035773,3.010286127391737e-05,0.9999234080314636,4.64841905341018e-05,0.0
MOSEI,candidate_oracle,11,3634,1.0,0.8728673637864612,0.8598892405063291,0.2881965935230255,0.1772801230162228,0.0182669156517507,0.0343973582828839,0.0373561114430611,0.0791777968406677,0.2155234521445093,0.0,0.0343973582828838,0.0,0.5043814518616958,0.2881965935230255,0.0,0.3673743903636932,0.8384700055035773,,,,
MOSEI,candidate_oracle,22,3634,0.1,0.8626857457347276,0.8496778009474273,0.3028796911239624,0.1885376884417593,0.0165762303455491,0.0247660979636763,0.0273650998385885,0.0634492039680481,0.1732028371720762,0.0,0.0247660979636763,0.0,0.3956961726058504,0.3028796911239624,0.0,0.3663288950920105,0.8379196477710512,,,,
MOSEI,candidate_oracle,33,3634,0.0,0.8745184369840396,0.863088360878083,0.2921767830848694,0.1804492470599888,0.014101264958337,0.0382498624105668,0.0396892693530857,0.0795047581195831,0.213905586653413,0.0,0.0382498624105668,0.0,0.474162320417567,0.2921767830848694,0.0,0.3716815412044525,0.8362685745734728,,,,
MOSEI,candidate_oracle,44,3634,0.75,0.8734177215189873,0.86188738158754,0.3001656234264374,0.1848845289594658,0.006534392058226,0.0330214639515684,0.0345105008266656,0.0625699758529663,0.1724947206099025,0.0,0.0330214639515685,0.0,0.3704308737496642,0.3001656234264374,0.0,0.3627355992794037,0.8403962575674189,,,,
MOSEI,candidate_oracle,55,3634,0.1,0.8687396807925152,0.8574424600764493,0.3074395656585693,0.189625632389112,0.009325175985374,0.0302696752889378,0.0322922360631811,0.0624833106994627,0.1689090204818477,0.0,0.0302696752889378,0.0,0.4043172480105155,0.3074395656585693,0.0,0.3699228763580322,0.8384700055035773,,,,
MOSEI,equal_action_average,11,3634,1.0,0.8365437534397359,0.8183528428093646,0.3634136021137237,0.2277016082594586,0.0168345779524967,-0.0019262520638414,-0.0041802862539034,0.0039607882499694,0.010781340109332,0.0134837644468904,0.0115575123830489,0.0161571465432643,0.0252310686062792,0.2881965935230255,0.0752170234918594,0.3673743903636932,0.8384700055035773,,,,
MOSEI,equal_action_average,22,3634,0.1,0.8395707209686296,0.8239333330396981,0.3606945276260376,0.2259993191375845,0.0159532740900788,0.0016510731975784,0.0016206319308593,0.0056343674659729,0.0153806252836203,0.0077050082553659,0.0093560814529444,0.0139111243188381,0.035138392204144,0.3028796911239624,0.0578148514032362,0.3663288950920105,0.8379196477710512,,,,
MOSEI,equal_action_average,33,3634,0.0,0.8431480462300496,0.8275160877732922,0.3634352684020996,0.2278417675965365,0.008510354182585,0.0068794716565767,0.0041169962482949,0.0082462728023529,0.0221863931569763,0.0162355531095211,0.0231150247660979,0.0204377770423889,0.0491802521110342,0.2921767830848694,0.071258507668972,0.3716815412044525,0.8362685745734728,,,,
MOSEI,equal_action_average,44,3634,0.75,0.8401210787011557,0.8242194625447505,0.3595007359981537,0.2254826851568972,0.016144401468152,-0.0002751788662631,-0.0031574182161238,0.00323486328125,0.0089179647315462,0.0167859108420473,0.0165107319757842,0.0156212020665407,0.0191514147425048,0.3001656234264374,0.0593351162970066,0.3627355992794037,0.8403962575674189,,,,
MOSEI,equal_action_average,55,3634,0.1,0.8428728673637864,0.8284109948200317,0.3632455170154571,0.2273212039979366,0.0091888514533432,0.0044028618602091,0.0032607708067634,0.0066773593425749,0.0180506796668404,0.011832691249312,0.0162355531095211,0.0121685359627008,0.0432079635692816,0.3074395656585693,0.0558059588074684,0.3699228763580322,0.8384700055035773,,,,
MOSEI,full_coalition,11,3634,1.0,0.8384700055035773,0.8225331290632681,0.3673743903636932,0.2291006392871129,0.0194848422729909,0.0,0.0,0.0,0.0,0.0,0.0,0.0,0.0,0.2881965935230255,0.0791778117418289,0.3673743903636932,0.8384700055035773,,,,
MOSEI,full_coalition,22,3634,0.1,0.8379196477710512,0.8223127011088387,0.3663288950920105,0.2299003387017825,0.0104087162752629,0.0,0.0,0.0,0.0,0.0,0.0,0.0,0.0,0.3028796911239624,0.0634492188692092,0.3663288950920105,0.8379196477710512,,,,
MOSEI,full_coalition,33,3634,0.0,0.8362685745734728,0.8233990915249974,0.3716815412044525,0.2339579760904716,0.0194552281300445,0.0,0.0,0.0,0.0,0.0,0.0,0.0,0.0,0.2921767830848694,0.0795047730207443,0.3716815412044525,0.8362685745734728,,,,
MOSEI,full_coalition,44,3634,0.75,0.8403962575674189,0.8273768807608743,0.3627355992794037,0.2278481778713651,0.0223657871316144,0.0,0.0,0.0,0.0,0.0,0.0,0.0,0.0,0.3001656234264374,0.0625700056552887,0.3627355992794037,0.8403962575674189,,,,
MOSEI,full_coalition,55,3634,0.1,0.8384700055035773,0.8251502240132682,0.3699228763580322,0.2322010220421067,0.0086957606792975,0.0,0.0,0.0,0.0,0.0,0.0,0.0,0.0,0.3074395656585693,0.0624833293259143,0.3699228763580322,0.8384700055035773,,,,
MOSEI,listwise_hard,11,3634,1.0,0.8354430379746836,0.8170587528155078,0.3764801621437073,0.2352746490249367,0.0203161053298001,-0.0030269675288937,-0.0054743762477602,-0.0091057717800139,-0.0247860820428977,0.0266923500275178,0.0236653824986241,0.0404958426952362,-0.0580060276703291,0.2881965935230255,0.088283598423004,0.3673743903636932,0.8384700055035773,,,,
MOSEI,listwise_hard,22,3634,0.1,0.8379196477710512,0.8219284719220867,0.359888881444931,0.2253979101802067,0.0144273569017041,0.0,-0.0003842291867519,0.0064400136470794,0.0175798680730929,0.0096312603192074,0.0096312603192074,0.0162272248417139,0.0401627426377644,0.3028796911239624,0.0570091903209685,0.3663288950920105,0.8379196477710512,,,,
MOSEI,listwise_hard,33,3634,0.0,0.840946615299945,0.8241207511274784,0.3715810775756836,0.2323696274572422,0.0157333848465912,0.0046780407264721,0.000721659602481,0.0001004636287689,0.0002702949101087,0.0220143093010456,0.0266923500275178,0.0266081858426332,0.0005988932339283,0.2921767830848694,0.0794043540954589,0.3716815412044525,0.8362685745734728,,,,
MOSEI,listwise_hard,44,3634,0.75,0.837369290038525,0.8215173238875841,0.3670474588871002,0.2305246293213042,0.0273700666972156,-0.0030269675288938,-0.0058595568732902,-0.0043118596076965,-0.0118870593795103,0.0253164556962025,0.0222894881673087,0.0288178585469721,-0.0255272505602994,0.3001656234264374,0.0668818354606628,0.3627355992794037,0.8403962575674189,,,,
MOSEI,listwise_hard,55,3634,0.1,0.840946615299945,0.8265186346617824,0.3664447367191314,0.2292300656018228,0.0107467114990992,0.0024766097963676,0.0013684106485142,0.0034781396389007,0.009402337247006,0.0181618051733625,0.0206384149697303,0.0177390705794096,0.0225062549247769,0.3074395656585693,0.0590052045881748,0.3699228763580322,0.8384700055035773,,,,
MOSEI,posterior_only,11,3634,1.0,0.8398458998348927,0.8229701804760196,0.3581405580043793,0.2253191944538611,0.0168392490113772,0.0013758943313153,0.0004370514127515,0.0092338323593139,0.025134665348264,0.0115575123830489,0.0129334067143643,0.0385636463761329,0.0588218040295213,0.2864492535591125,0.0716913193464279,0.3673743903636932,0.8384700055035773,,,,
MOSEI,posterior_only,22,3634,0.1,0.8406714364336819,0.8258240837202258,0.356121301651001,0.2232758899464488,0.0158599961505988,0.0027517886626307,0.0035113826113869,0.0102075934410095,0.0278645599016853,0.0115575123830489,0.0143093010456796,0.0293348971754312,0.0636590571290557,0.3026909828186035,0.0534303151071071,0.3663288950920105,0.8379196477710512,,,,
MOSEI,posterior_only,33,3634,0.0,0.8439735828288387,0.8292534796241829,0.3589553236961365,0.2248601390119663,0.0170505015680799,0.0077050082553659,0.0058543880991855,0.012726217508316,0.0342395736604946,0.0198128783709411,0.0275178866263071,0.0481563135981559,0.0758985864644441,0.2921767830848694,0.0667785629630088,0.3716815412044525,0.8362685745734728,,,,
MOSEI,posterior_only,44,3634,0.75,0.8420473307649973,0.8261787654228809,0.3568825423717499,0.2240811346848099,0.0180528523932463,0.0016510731975784,-0.0011981153379934,0.0058530569076538,0.0161358767082173,0.0181618051733625,0.0198128783709411,0.0340405106544494,0.0346519835330827,0.2992729246616363,0.057609561830759,0.3627355992794037,0.8403962575674189,,,,
MOSEI,posterior_only,55,3634,0.1,0.8417721518987342,0.827627239936398,0.3570334911346435,0.224131565702451,0.012442721333816,0.0033021463951569,0.0024770159231297,0.0128893852233886,0.0348434391251694,0.0200880572372041,0.023390203632361,0.0344454459846019,0.0834046538105962,0.3073300123214721,0.04970346391201,0.3699228763580322,0.8384700055035773,,,,
MOSEI,softmax_mixer,11,3634,1.0,0.833516785910842,0.8143004773470266,0.3593787848949432,0.226838233426789,0.0198268467374863,-0.0049532195927353,-0.0082326517162414,0.00799560546875,0.0217641884640747,0.0217391304347826,0.0167859108420473,0.0395007729530334,0.0509337193573649,0.2881965935230255,0.0711822286248207,0.3673743903636932,0.8384700055035773,0.0002686099323909,0.9069745540618896,0.0927568152546882,0.290864061640066
MOSEI,softmax_mixer,22,3634,0.1,0.8406714364336819,0.8258240837202258,0.3561210334300995,0.2232760990171381,0.0158552786742322,0.0027517886626307,0.0035113826113869,0.010207861661911,0.027865292087721,0.0115575123830489,0.0143093010456796,0.029322601854801,0.0636607298680748,0.3028796911239624,0.0532413236796854,0.3663288950920105,0.8379196477710512,0.0001213071882375,0.9993561506271362,0.0005226082284934,0.0
MOSEI,softmax_mixer,33,3634,0.0,0.8436984039625757,0.8288006109761384,0.3585139513015747,0.2248134794700816,0.0160006507288051,0.0074298293891028,0.0054015194511412,0.0131675899028777,0.0354270751789491,0.0198128783709411,0.027242707760044,0.0449130833148955,0.0785308195399338,0.2921767830848694,0.0663371831178665,0.3716815412044525,0.8362685745734728,0.0204017721116542,0.9020876288414,0.077510617673397,0.0459548706659328
MOSEI,softmax_mixer,44,3634,0.75,0.8425976884975234,0.8265295358649788,0.3567108809947967,0.224080735450551,0.016885266142621,0.0022014309301044,-0.0008473448958954,0.0060247182846069,0.0166091177611885,0.0187121629058888,0.0209135938359933,0.0301426406949758,0.0356681756488822,0.3001656234264374,0.0565452501177787,0.3627355992794037,0.8403962575674189,0.0289657115936279,0.820995032787323,0.1500393003225326,0.9859658778205834
MOSEI,softmax_mixer,55,3634,0.1,0.8417721518987342,0.827627239936398,0.3570335507392883,0.2241315821132148,0.0124424523748272,0.0033021463951569,0.0024770159231297,0.0128893256187438,0.0348432779979491,0.0200880572372041,0.023390203632361,0.0344440788030624,0.0834041716983118,0.3074395656585693,0.0495940148830413,0.3699228763580322,0.8384700055035773,1.613817221368663e-05,0.9999378323554992,4.5993456296855584e-05,0.0
MOSEI,sparsemax_mixer,11,3634,1.0,0.8379196477710512,0.8196367549942039,0.3578259348869324,0.2252969661716893,0.0162055569654253,-0.000550357732526,-0.0028963740690641,0.0095484554767608,0.0259910753912598,0.0173362685745734,0.0167859108420473,0.0351910851895809,0.0608259332210067,0.2875622510910034,0.0702636986970901,0.3673743903636932,0.8384700055035773,0.0,0.8671171069145203,0.1328829228878021,0.5478811227297744
MOSEI,sparsemax_mixer,22,3634,0.1,0.8406714364336819,0.8258240837202258,0.356121301651001,0.2232758909701866,0.0158599961505988,0.0027517886626307,0.0035113826113869,0.0102075934410095,0.0278645599016853,0.0115575123830489,0.0143093010456796,0.0293349009007215,0.0636590571290557,0.30271115899086,0.0534101203083992,0.3663288950920105,0.8379196477710512,0.0,1.0,0.0,0.0
MOSEI,sparsemax_mixer,33,3634,0.0,0.8439735828288387,0.8292534796241829,0.3589553236961365,0.2248601388512972,0.0170505182160475,0.0077050082553659,0.0058543880991855,0.012726217508316,0.0342395736604946,0.0198128783709411,0.0275178866263071,0.0481563135981559,0.0758984975946958,0.2921767830848694,0.0667785555124282,0.3716815412044525,0.8362685745734728,0.0,1.0,0.0,0.0
MOSEI,sparsemax_mixer,44,3634,0.75,0.8348926802421573,0.8187666758097898,0.3629297614097595,0.2292900759248941,0.0266739701463681,-0.0055035773252615,-0.0086102049510845,-0.0001941621303558,-0.0005352717812686,0.0264171711612548,0.0209135938359933,0.0413671061396598,-0.0011493142533758,0.299786627292633,0.063143141567707,0.3627355992794037,0.8403962575674189,0.0,0.937812328338623,0.062187660485506,0.1092460099064391
MOSEI,sparsemax_mixer,55,3634,0.1,0.8417721518987342,0.827627239936398,0.3570334911346435,0.2241315658119728,0.0124427259919665,0.0033021463951569,0.0024770159231297,0.0128893852233886,0.0348434391251694,0.0200880572372041,0.023390203632361,0.0344454497098922,0.0834046538105962,0.3073408603668213,0.0496926344931125,0.3699228763580322,0.8384700055035773,0.0,1.0,0.0,0.0
CREMA-D,analytic_hard,11,7442,0.3684157484547165,0.6225477022305832,0.6207752578896812,1.0312761750569814,0.5103997422570061,0.04886401607461,0.0068529965063155,0.0072301844146876,3.2608602291071465e-05,0.0007219128896285,0.025396398817522,0.0322493953238376,0.0514551642806626,-0.0009932453784473,0.6441305263553118,0.3871456781756138,1.0313087836592725,0.6156947057242677,,,,
CREMA-D,analytic_hard,22,7442,0.8489317387798979,0.6073636119322762,0.6037412267166459,1.0654305295097155,0.5279356996483453,0.0460371838978175,0.0143778554152109,0.0156452356377359,0.0173336584956951,0.0129099144170741,0.026605751142166,0.040983606557377,0.0525277879577679,0.0406361477888085,0.6707687866332165,0.3946617425761534,1.082764188005411,0.5929857565170653,,,,
CREMA-D,analytic_hard,33,7442,0.6014176296694437,0.6212039774254233,0.6189006388781777,1.034975615040457,0.5132424864024822,0.0526301592580415,0.0057780166621875,0.0055489455702195,-0.0080787751406182,-0.0101755442885179,0.0276807309862939,0.0334587476484815,0.0599163227024552,-0.0329103735088495,0.6346323034177702,0.400343328834509,1.0268968398998386,0.6154259607632356,,,,
CREMA-D,analytic_hard,44,7442,0.5224066111260414,0.612201021230852,0.6082981289710261,1.0537937466446603,0.5212310600125684,0.0640633939911812,0.0085998387530233,0.0085337410748456,0.006384157198983,0.0064377229706931,0.027008868583714,0.0356087073367374,0.0527179302751328,0.0185459552069349,0.6458005391279558,0.4079932202273432,1.0601779038436436,0.6036011824778286,,,,
CREMA-D,analytic_hard,55,7442,0.6185837140553615,0.6285944638538027,0.6264850910762162,1.036549782358937,0.5059744235469484,0.0615761812573092,0.0102123085192152,0.0111971650729127,0.0049886150053834,0.0044650382016759,0.0331900026874495,0.0434023112066648,0.0657330078449028,0.0056179206638319,0.6139003215570407,0.4226495207028823,1.0415383973643204,0.6183821553345875,,,,
CREMA-D,anchored_harm,11,7442,0.3684157484547165,0.6338349905939263,0.6326089324095888,0.979372689397833,0.4944843084510024,0.0547960812335563,0.0181402848696586,0.019063858934595,0.0519360942614395,0.0513663344044633,0.0386992743886051,0.0568395592582638,0.0930036879160877,0.1617751259085013,0.6441305263553118,0.3352421574120366,1.0313087836592725,0.6156947057242677,0.2548485448710606,0.6060330625648493,0.1391183940588114,0.5947325987637732
CREMA-D,anchored_harm,22,7442,0.8489317387798979,0.6216070948669713,0.6191741807820516,1.0050099567840318,0.5070888602292365,0.053095472160125,0.0286213383499058,0.0310781897031415,0.0777542312213791,0.0683483267263908,0.040177371674281,0.068798710024187,0.0937784525739252,0.2165284588080152,0.6707687866332165,0.33424119347768,1.082764188005411,0.5929857565170653,0.2337074451252629,0.6725993194076458,0.0936932280077504,0.4056705186777748
CREMA-D,anchored_harm,33,7442,0.6014176296694437,0.6374630475678581,0.6355039730803534,0.9780325273758173,0.4920222900686147,0.0601937621751801,0.0220370868046223,0.0221522797723951,0.0488643125240214,0.0463944351229611,0.0415210964794409,0.0635581832840633,0.102160023056317,0.1412853396796778,0.6346323034177702,0.3434002535361111,1.0268968398998386,0.6154259607632356,0.2391902590708622,0.633946102638137,0.1268636545216931,0.5737704918032787
CREMA-D,anchored_harm,44,7442,0.5224066111260414,0.6339693630744424,0.632246080960185,0.9905360560124358,0.4992957514681679,0.0587167484173688,0.0303681805966137,0.0324816930640044,0.0696418478312077,0.0654846812312719,0.040983606557377,0.0713517871539908,0.0938710175861084,0.1918082910272883,0.6458005391279558,0.3447355018151252,1.0601779038436436,0.6036011824778286,0.2238925599989407,0.661815021906896,0.1142923900558723,0.4660037624294544
CREMA-D,anchored_harm,55,7442,0.6185837140553615,0.6405536146197259,0.6390265778599618,0.9699171134955266,0.4872230701370684,0.0505110984069946,0.0221714592851383,0.0237386518566583,0.0716212838687937,0.0678340244195563,0.0452835259338886,0.0674549852190271,0.1035779325195903,0.1827712312375035,0.6139003215570407,0.3560168275835372,1.0415383973643204,0.6183821553345875,0.2581689668034904,0.6008006542865002,0.1410303730172227,0.6217414673474873
CREMA-D,anchored_harm_oracle,11,7442,0.3684157484547165,0.6334318731523784,0.6322753069265058,0.9787254878523785,0.494128745088771,0.0558354465816008,0.0177371674281106,0.0187302334515119,0.0525832958068939,0.0519474650279937,0.0386992743886051,0.0564364418167158,0.0923095656555366,0.1634060460529325,0.6441305263553118,0.334595008979751,1.0313087836592725,0.6156947057242677,0.2554178226181526,0.5967718762228227,0.1478103044307926,0.63907551733405
CREMA-D,anchored_harm_oracle,22,7442,0.8489317387798979,0.6224133297500671,0.6198813691427087,1.0046533624656866,0.5067233454171141,0.0537263090429175,0.0294275732330018,0.0317853780637988,0.0781108255397244,0.0686300910271618,0.0388336468691211,0.068261220102123,0.0918046599767102,0.2174882703386101,0.6707687866332165,0.3338845989030395,1.082764188005411,0.5929857565170653,0.2409233368124269,0.6496386624366101,0.1094380214988575,0.4875033593120129
CREMA-D,anchored_harm_oracle,33,7442,0.6014176296694437,0.637597420048374,0.6356530519082367,0.9763786063034732,0.4914885515545989,0.0544830489442156,0.0221714592851383,0.0223013586002785,0.0505182335963654,0.0480352201440603,0.0419242139209889,0.0640956732061273,0.1024527902910382,0.1478371432009725,0.6346323034177702,0.3417463259682864,1.0268968398998386,0.6154259607632356,0.2447237307083155,0.6319117200323344,0.1233645507510679,0.5094060736361193
CREMA-D,anchored_harm_oracle,44,7442,0.5224066111260414,0.6300725611394786,0.6285055084266609,0.9944142833956784,0.5010975216660248,0.0557658555718462,0.02647137866165,0.0287411205304803,0.065763620447965,0.0627078165691993,0.0442085460897607,0.0706799247514108,0.0946257262500951,0.1857537699011342,0.6458005391279558,0.3486137407716965,1.0601779038436436,0.6036011824778286,0.2533440120203845,0.6279119452908615,0.118744049037065,0.4821284600913733
CREMA-D,anchored_harm_oracle,55,7442,0.6185837140553615,0.6410911045417899,0.6395647220163674,0.9686740702341012,0.4866609089890238,0.0506279160141207,0.0227089492072023,0.0242767960130639,0.0728643271302189,0.0689836136786167,0.0451491534533726,0.067858102660575,0.1027449682591198,0.1859007703690377,0.6139003215570407,0.354773743306876,1.0415383973643204,0.6183821553345875,0.2603383363314419,0.5864360104466407,0.1532256608787354,0.6905401773716743
CREMA-D,anchored_mixer,11,7442,0.3684157484547165,0.6334318731523784,0.6322480191313913,0.9812428506190852,0.4952543178635036,0.0550861878801628,0.0177371674281106,0.0187029456563974,0.0500659330401872,0.0495431642525347,0.0411179790378929,0.0588551464660037,0.0996355033031364,0.1562916017431316,0.6441305263553118,0.3371123298622209,1.0313087836592725,0.6156947057242677,0.2145044229097726,0.6496572017557548,0.13583834106901,0.5528083848427842
CREMA-D,anchored_mixer,22,7442,0.8489317387798979,0.6214727223864552,0.6191389664702138,1.0056081242905417,0.507345628383308,0.055646051697531,0.0284869658693899,0.0310429753913038,0.0771560637148693,0.0676604349806224,0.0436710561676968,0.0721580220370867,0.1015838896087326,0.2144410481048396,0.6707687866332165,0.3348393432197312,1.082764188005411,0.5929857565170653,0.1839817825722833,0.7282867034062748,0.0877315126751413,0.3773179252889008
CREMA-D,anchored_mixer,33,7442,0.6014176296694437,0.6369255576457942,0.6349062601580006,0.9809892346256044,0.4931482218262487,0.0602086586309548,0.0214995968825583,0.0215545668500422,0.0459076052742342,0.0432509740035882,0.0460897608169846,0.067589357699543,0.1109697734408963,0.1318462205813924,0.6346323034177702,0.3463569425088492,1.0268968398998386,0.6154259607632356,0.1922186773347457,0.6897867973678633,0.1179945254535708,0.5114216608438592
CREMA-D,anchored_mixer,44,7442,0.5224066111260414,0.6315506584251546,0.6297916484801996,0.9922086785746916,0.499823506168624,0.0588129583032372,0.0279494759473259,0.0300272605840191,0.067969225268952,0.0640593503338207,0.0452835259338887,0.0732330018812147,0.1020861146924028,0.1873034351885211,0.6458005391279558,0.3464081300118699,1.0601779038436436,0.6036011824778286,0.174838937504642,0.7139386252605989,0.1112224409310159,0.4473259876377318
CREMA-D,anchored_mixer,55,7442,0.6185837140553615,0.638806772373018,0.6374008405969527,0.9728667055589798,0.4886975797095496,0.0559993613330114,0.0204246170384304,0.0221129145936491,0.0686716918053405,0.0649331864153063,0.0501209352324643,0.0705455522708949,0.1116818425873055,0.172934606070315,0.6139003215570407,0.3589664019706332,1.0415383973643204,0.6183821553345875,0.2139258013917566,0.6487065262930332,0.137367676574115,0.5920451491534534
CREMA-D,candidate_oracle,11,7442,0.3684157484547165,0.7862133834990593,0.7855980775204259,0.6441305263553118,0.3176892802900807,0.1359298117869292,0.1705186777747916,0.1720530040454321,0.3871782573039606,0.3754185589238824,0.0010749798441278,0.1715936576189196,0.0,1.190707175694871,0.6441305263553118,0.0,1.0313087836592725,0.6156947057242677,,,,
CREMA-D,candidate_oracle,22,7442,0.8489317387798979,0.778554152109648,0.7769556541742583,0.6707687866332165,0.3312037181787087,0.1392485183057718,0.1855683955925826,0.1888596630953482,0.4119954013721945,0.3808309588760284,0.0016124697661918,0.1871808653587744,0.0,1.2208877549872306,0.6707687866332165,0.0,1.082764188005411,0.5929857565170653,,,,
CREMA-D,candidate_oracle,33,7442,0.6014176296694437,0.7866165009406073,0.7854290843061537,0.6346323034177702,0.3137287534255671,0.1290608415762059,0.1711905401773716,0.1720773909981954,0.3922645364820684,0.3820925778548548,0.0016124697661918,0.1728030099435634,0.0,1.2001258483778503,0.6346323034177702,0.0,1.0268968398998386,0.6154259607632356,,,,
CREMA-D,candidate_oracle,44,7442,0.5224066111260414,0.7936038699274388,0.7932635504746575,0.6458005391279558,0.3169524866453085,0.1499300363847274,0.1900026874496102,0.1934991625784769,0.4143773647156879,0.3884011529037339,0.0008062348830959,0.1908089223327062,0.0,1.2144198967520323,0.6458005391279558,0.0,1.0601779038436436,0.6036011824778286,,,,
CREMA-D,candidate_oracle,55,7442,0.6185837140553615,0.8038161784466541,0.8040085498981642,0.6139003215570407,0.3018929225878348,0.1416221286613945,0.1854340231120666,0.1887206238948607,0.4276380758072797,0.4088003008553109,0.0012093523246438,0.1866433754367105,0.0,1.1684078216951568,0.6139003215570407,0.0,1.0415383973643204,0.6183821553345875,,,,
CREMA-D,equal_action_average,11,7442,0.3684157484547165,0.6310131685030905,0.6288870407783383,1.0325258283389571,0.5115740486837204,0.1060726456794646,0.0153184627788228,0.0153419673033445,-0.0012170446796847,-0.0025287159605507,0.0228433216877183,0.0381617844665412,0.1411294618646997,-0.0163112228478739,0.6441305263553118,0.3883953438919099,1.0313087836592725,0.6156947057242677,,,,
CREMA-D,equal_action_average,22,7442,0.8489317387798979,0.6146197258801398,0.6115378314050078,1.0671068470473573,0.5276484862889657,0.0955626392550315,0.0216339693630743,0.0234418403260977,0.0156573409580537,0.0095073131025274,0.0208277344799784,0.0424617038430528,0.1390231552032478,0.023934110721885,0.6707687866332165,0.3963380784469084,1.082764188005411,0.5929857565170653,,,,
CREMA-D,equal_action_average,33,7442,0.6014176296694437,0.6341037355549584,0.632132013368786,1.026897234169907,0.5084272965392965,0.1050395129253004,0.0186777747917226,0.0187803200608275,-3.942700682921603e-07,-0.004438541648473,0.0200214995968825,0.0386992743886051,0.1422783725716531,-0.0314849810044704,0.6346323034177702,0.3922649004011825,1.0268968398998386,0.6154259607632356,,,,
CREMA-D,equal_action_average,44,7442,0.5224066111260414,0.6283257188927708,0.6251447361789522,1.0410239148591671,0.5164026174356632,0.107187346841372,0.0247245364149421,0.0253803482827716,0.0191539889844762,0.0149614873849648,0.0204246170384304,0.0451491534533726,0.1369917939300179,0.0070733478213635,0.6458005391279558,0.395223370112741,1.0601779038436436,0.6036011824778286,,,,
CREMA-D,equal_action_average,55,7442,0.6185837140553615,0.6412254770223058,0.6394189224328732,1.0189140510796155,0.5030790672003942,0.1086357477666933,0.0228433216877183,0.0241309964295698,0.0226243462847048,0.0184848265210613,0.0247245364149421,0.0475678581026605,0.1518668038422655,0.0286311101870621,0.6139003215570407,0.405013765520032,1.0415383973643204,0.6183821553345875,,,,
CREMA-D,full_coalition,11,7442,0.3684157484547165,0.6156947057242677,0.6135450734749938,1.0313087836592725,0.5163902780722165,0.0609975927092637,0.0,0.0,0.0,0.0,0.0,0.0,0.0,0.0,0.6441305263553118,0.3871783054393967,1.0313087836592725,0.6156947057242677,,,,
CREMA-D,full_coalition,22,7442,0.8489317387798979,0.5929857565170653,0.58809599107891,1.082764188005411,0.5397602679619382,0.0608593945828729,0.0,0.0,0.0,0.0,0.0,0.0,0.0,0.0,0.6707687866332165,0.4119954598715663,1.082764188005411,0.5929857565170653,,,,
CREMA-D,full_coalition,33,7442,0.6014176296694437,0.6154259607632356,0.6133516933079581,1.0268968398998386,0.516576781010254,0.0600219906393605,0.0,0.0,0.0,0.0,0.0,0.0,0.0,0.0,0.6346323034177702,0.392264541812207,1.0268968398998386,0.6154259607632356,,,,
CREMA-D,full_coalition,44,7442,0.5224066111260414,0.6036011824778286,0.5997643878961805,1.0601779038436436,0.5313774060117172,0.0675108639688076,0.0,0.0,0.0,0.0,0.0,0.0,0.0,0.0,0.6458005391279558,0.4143773116305514,1.0601779038436436,0.6036011824778286,,,,
CREMA-D,full_coalition,55,7442,0.6185837140553615,0.6183821553345875,0.6152879260033033,1.0415383973643204,0.5134276414119666,0.0606499081740325,0.0,0.0,0.0,0.0,0.0,0.0,0.0,0.0,0.6139003215570407,0.4276380581108994,1.0415383973643204,0.6183821553345875,,,,
CREMA-D,listwise_hard,11,7442,0.3684157484547165,0.6245632894383231,0.622668531554386,1.027179752337103,0.5083451734880943,0.0529663869047382,0.0088685837140553,0.0091234580793921,0.0041290313221696,0.0048326212097139,0.0276807309862939,0.0365493147003493,0.052504618173864,0.01370719704115,0.6441305263553118,0.3830492793432457,1.0313087836592725,0.6156947057242677,,,,
CREMA-D,listwise_hard,22,7442,0.8489317387798979,0.6084385917764042,0.6053473566879464,1.0655218157932278,0.5277817327385533,0.0454155084579677,0.0154528352593388,0.0172513656090363,0.0172423722121831,0.0131487556495255,0.0310400429991936,0.0464928782585325,0.057191473134793,0.0411416733712262,0.6707687866332165,0.3947530525068991,1.082764188005411,0.5929857565170653,,,,
CREMA-D,listwise_hard,33,7442,0.6014176296694437,0.6209352324643913,0.6187522039252167,1.0330611791414652,0.5129211629347191,0.0590868225279625,0.0055092717011555,0.0054005106172584,-0.0061643392416265,-0.0065980608199323,0.0294275732330018,0.0349368449341574,0.0584652563980015,-0.0215219404736998,0.6346323034177702,0.3984288819348482,1.0268968398998386,0.6154259607632356,,,,
CREMA-D,listwise_hard,44,7442,0.5224066111260414,0.6147540983606558,0.6113486884747356,1.0534145645286666,0.5214998548827809,0.0678760169879366,0.0111529158828271,0.011584300578555,0.0067633393149771,0.0069384171002391,0.0318462778822896,0.0429991937651168,0.0576226648100438,0.0204832971877592,0.6458005391279558,0.4076139950177196,1.0601779038436436,0.6036011824778286,,,,
CREMA-D,listwise_hard,55,7442,0.6185837140553615,0.6316850309056705,0.6296827560496012,1.0302177061639912,0.5022452023142073,0.0602258274297148,0.013302875571083,0.0143948300462979,0.011320691200329,0.0117029536129561,0.0326525127653856,0.0459553883364686,0.0576220791395457,0.034851978128946,0.6139003215570407,0.4163174315289892,1.0415383973643204,0.6183821553345875,,,,
CREMA-D,posterior_only,11,7442,0.3684157484547165,0.6277882289707069,0.6266382128077034,0.9986633256986812,0.5038344542194463,0.0517671093869292,0.0120935232464391,0.0130931393327096,0.0326454579605911,0.0328135682108546,0.0588551464660036,0.0709486697124428,0.1377379905289297,0.1072010387834605,0.6441305263553118,0.3545328282806957,1.0313087836592725,0.6156947057242677,,,,
CREMA-D,posterior_only,22,7442,0.8489317387798979,0.6182477828540714,0.6162129649861544,1.0126187268187044,0.5105436699729413,0.0500141975100211,0.0252620263370061,0.0281169739072444,0.0701454611867065,0.0599766098329513,0.0592582639075516,0.0845202902445578,0.1327223047980519,0.1896149133158846,0.6707687866332165,0.341849957853836,1.082764188005411,0.5929857565170653,,,,
CREMA-D,posterior_only,33,7442,0.6014176296694437,0.6272507390486428,0.6244159460897315,1.003349278777942,0.5030144354196621,0.0596922443410267,0.0118247782854071,0.0110642527817733,0.0235475611218968,0.020398936293356,0.0631550658425154,0.0749798441279225,0.149159385112145,0.0639628473312834,0.6346323034177702,0.3687169633183034,1.0268968398998386,0.6154259607632356,,,,
CREMA-D,posterior_only,44,7442,0.5224066111260414,0.6267132491265789,0.6250836745338315,1.0101632707639907,0.506929277144631,0.0551260980594481,0.0231120666487503,0.025319286637651,0.0500146330796528,0.0484209159382508,0.0588551464660037,0.081967213114754,0.1359519869813961,0.1457098712896304,0.6458005391279558,0.3643627139116224,1.0601779038436436,0.6036011824778286,,,,
CREMA-D,posterior_only,55,7442,0.6185837140553615,0.6298038161784466,0.6277362127362274,0.9969417633740564,0.5012100843301425,0.0558424902215371,0.0114216608438592,0.0124482867329239,0.0445966339902639,0.041914938374442,0.068933082504703,0.0803547433485621,0.1539755717132143,0.103814361750257,0.6139003215570407,0.3830414178894591,1.0415383973643204,0.6183821553345875,,,,
CREMA-D,softmax_mixer,11,7442,0.3684157484547165,0.6342381080354743,0.6328313544264728,0.9805392738600888,0.4946354620479115,0.0539297783480507,0.0185434023112065,0.019286280951479,0.0507695097991837,0.0502113175866284,0.0452835259338887,0.0638269282450953,0.1093830469163778,0.1586502663969467,0.6441305263553118,0.3364087471643848,1.0313087836592725,0.6156947057242677,0.1319471831981355,0.7145597007495041,0.1534931239434481,0.6193227626981994
CREMA-D,softmax_mixer,22,7442,0.8489317387798979,0.6214727223864552,0.6187600480081514,1.0034814785001611,0.5060172274725898,0.0505026340989199,0.0284869658693898,0.0306640569292414,0.0792827095052498,0.0692208828513309,0.0454178984144046,0.0739048642837946,0.1057929336960614,0.2190378182204204,0.6707687866332165,0.3327127323175302,1.082764188005411,0.5929857565170653,0.1310356798136516,0.7475537025089131,0.1214106131402098,0.5389680193496372
CREMA-D,softmax_mixer,33,7442,0.6014176296694437,0.6366568126847622,0.634452055035758,0.9815772928255472,0.4933230353455481,0.0611155252884677,0.0212308519215264,0.0211003617277996,0.0453195470742915,0.0424006241879768,0.0497178177909163,0.0709486697124428,0.1196020611513528,0.1288247511012868,0.6346323034177702,0.346944953470389,1.0268968398998386,0.6154259607632356,0.1207167217485432,0.7397642372853331,0.1395190350643266,0.5897608169846815
CREMA-D,softmax_mixer,44,7442,0.5224066111260414,0.6323568933082505,0.6306749743271407,0.9906088913906264,0.498982930448889,0.0540264486601774,0.0287557108304218,0.0309105864309602,0.0695690124530171,0.0657083902501794,0.0479709755442084,0.0767266863746304,0.1069856501787347,0.1914078988914892,0.6458005391279558,0.3448083340336769,1.0601779038436436,0.6036011824778286,0.1296868348677883,0.7334394798391578,0.1368736699704071,0.5356087073367375
CREMA-D,softmax_mixer,55,7442,0.6185837140553615,0.6396130072561139,0.6381727872795793,0.9722648114406496,0.4886770396917109,0.0532128421514144,0.0212308519215264,0.0228848612762758,0.0692735859236707,0.0654166067889758,0.0533458747648481,0.0745767266863746,0.1225303482875984,0.1726197993300826,0.6139003215570407,0.3583645075839939,1.0415383973643204,0.6183821553345875,0.1358354688651841,0.7057009783283865,0.1584635408686809,0.6447191615157216
CREMA-D,sparsemax_mixer,11,7442,0.3684157484547165,0.6318194033861865,0.6305204208537233,0.991919614076294,0.5000593092542635,0.0543752026770967,0.0161246976619188,0.0169753473787296,0.0393891695829784,0.0394315423950726,0.0536146197258801,0.0697393173877989,0.1278038593967718,0.1272585563803492,0.6441305028081933,0.3477891298695233,1.0313087836592725,0.6156947057242677,0.0492393287938429,0.8893966219480305,0.061364030801871,0.2432141897339425
CREMA-D,sparsemax_mixer,22,7442,0.8489317387798979,0.6191883902176835,0.6170265405205303,1.0098456571705077,0.5094700253083286,0.0465085611640365,0.026202633700618,0.0289305494416203,0.0729185308349033,0.0627639056919901,0.0565708142972319,0.08277344799785,0.1219600130386152,0.1993813405929365,0.6707687748196112,0.3390768764120569,1.082764188005411,0.5929857565170653,0.0794936722973939,0.8932396576981877,0.0272666865181867,0.095941951088417
CREMA-D,sparsemax_mixer,33,7442,0.6014176296694437,0.6310131685030905,0.6284475734725716,0.9959949765257284,0.4989962351131097,0.0582839270547589,0.0155872077398548,0.0150958801646134,0.0309018633741103,0.0281842126529478,0.0599301263101316,0.0755173340499865,0.1401470345884233,0.0883620564041647,0.6346323034177702,0.3613626967672057,1.0268968398998386,0.6154259607632356,0.0444002594981263,0.9126951349851616,0.0429046200010179,0.166621875839828
CREMA-D,sparsemax_mixer,44,7442,0.5224066111260414,0.6300725611394786,0.6283886232152464,1.001476977203713,0.5030683016007105,0.0548822324952269,0.02647137866165,0.028624235319066,0.0587009266399305,0.05657421411024,0.0557645794141359,0.082235958075786,0.124310534961023,0.1695965008604861,0.6458005391279558,0.3556764708014465,1.0601779038436436,0.6036011824778286,0.0720718810242195,0.8862792072165432,0.0416489538011556,0.1604407417360924
CREMA-D,sparsemax_mixer,55,7442,0.6185837140553615,0.6373286750873421,0.6356945094194278,0.9853314040841932,0.4948060126274238,0.0508239869427789,0.0189465197527546,0.0204065834161245,0.0562069932801273,0.053604356685253,0.0630206933619994,0.081967213114754,0.1396274104067648,0.1420646464106654,0.6139003215970867,0.3714310768766449,1.0415383973643204,0.6183821553345875,0.0648744770759219,0.8789768272816125,0.0561486897663231,0.2136522440204246
AV-MNIST,analytic_hard,11,3600,0.1,0.9863888888888888,0.9864038427439412,0.0483373887836933,0.0209126794475481,0.0032354628294705,0.0016666666666665,0.0016365702795301,-0.0035734064877033,-0.0798277164903497,0.0008333333333333,0.0025,0.0034777238033711,-0.1615526327157768,0.0164771787822246,0.0318602062761783,0.0447639822959899,0.9847222222222224,,,,
AV-MNIST,analytic_hard,22,3600,0.1,0.9936111111111112,0.9936087320031656,0.023261422291398,0.0102347655383178,0.0031722114069594,0.0008333333333333,0.000833749358476,0.0016116593033075,0.0647953208841877,0.0002777777777777,0.0011111111111111,0.0007771021919324,0.0993022417483642,0.0064799827523529,0.016781436279416,0.0248730815947055,0.9927777777777778,,,,
AV-MNIST,analytic_hard,33,3600,0.5,0.9880555555555556,0.9880574009978944,0.0454232096672058,0.0207344766019472,0.0042484671953651,0.0,9.344010881595644e-06,-0.0009614564478397,-0.0216243485293098,0.0016666666666666,0.0016666666666666,0.0036405057180672,-0.0408823260357936,0.01573146879673,0.0296917408704757,0.044461753219366,0.9880555555555556,,,,
AV-MNIST,analytic_hard,44,3600,0.0,0.9869444444444444,0.986949326948545,0.0497906059026718,0.0216707907581422,0.005122867938545,0.0013888888888888,0.001391193928717,-0.0007083043456077,-0.0144309521586771,0.0008333333333333,0.0022222222222222,0.0020687584765255,-0.0263845639334798,0.0185521524399518,0.0312384534627199,0.049082301557064,0.9855555555555556,,,,
AV-MNIST,analytic_hard,55,3600,0.25,0.9894444444444443,0.9894510627981096,0.0389569513499736,0.016337356211401,0.003782583557897,0.0,-4.652455423137525e-07,0.0038760416209697,0.0904919631369014,0.0011111111111111,0.0011111111111111,0.0019735191017389,0.1623936759821108,0.0137776024639606,0.0251793526113033,0.0428329929709434,0.9894444444444443,,,,
AV-MNIST,anchored_harm,11,3600,0.1,0.9877777777777778,0.987787513553842,0.0444395318627357,0.0197197297971212,0.0041385021309057,0.0030555555555554,0.0030202410894307,0.0003244504332542,0.0072480243403926,0.0013888888888888,0.0044444444444444,0.0073477765545248,0.0146682146633641,0.0164771787822246,0.0279623512178659,0.0447639822959899,0.9847222222222224,0.2438186258077621,0.7544190883636475,0.0017622623126953,0.0
AV-MNIST,anchored_harm,22,3600,0.1,0.9944444444444444,0.9944443893325008,0.0215618181973695,0.0095137100011631,0.0028279286457431,0.0016666666666667,0.0016694066878111,0.003311263397336,0.1331263834249164,0.0002777777777777,0.0019444444444444,0.0035932932514697,0.2040229037499198,0.0064799827523529,0.0150818359106779,0.0248730815947055,0.9927777777777778,0.2462866157293319,0.7335717678070068,0.0201415885239839,0.0105555555555555
AV-MNIST,anchored_harm,33,3600,0.5,0.9883333333333332,0.9883378603479374,0.0409331209957599,0.0186795733349661,0.0044002544548776,0.0002777777777777,0.0002898033609246,0.0035286322236061,0.0793633171907659,0.0022222222222222,0.0025,0.007440669927746,0.150041838452488,0.01573146879673,0.0252016484737396,0.044461753219366,0.9880555555555556,0.2698055803775787,0.7275369763374329,0.0026574512012301,0.0
AV-MNIST,anchored_harm,44,3600,0.0,0.9877777777777778,0.9877810062703536,0.046770893037319,0.020664552477407,0.0039776993211772,0.0022222222222222,0.0022228732505257,0.0023114085197448,0.0470925047607554,0.0011111111111111,0.0033333333333333,0.0072241011075675,0.0861010735140656,0.0185521524399518,0.0282187405973672,0.049082301557064,0.9855555555555556,0.3149948418140411,0.6676660180091858,0.0173391588032245,0.0063888888888888
AV-MNIST,anchored_harm,55,3600,0.25,0.9897222222222222,0.9897281136397768,0.0360668301582336,0.0159453989090619,0.0021692525181504,0.0002777777777777,0.0002765855961247,0.0067661628127098,0.1579661458002657,0.0019444444444444,0.0022222222222222,0.0065958877094089,0.2834804573575487,0.0137776024639606,0.0222892295569181,0.0428329929709434,0.9894444444444443,0.2470571249723434,0.7410969138145447,0.0118459677323699,0.0016666666666666
AV-MNIST,anchored_harm_oracle,11,3600,0.1,0.9872222222222222,0.987234220199634,0.0474535934627056,0.0199318175547462,0.0039316480772362,0.0024999999999999,0.0024669477352228,-0.0026896111667156,-0.0600842692888956,0.0016666666666666,0.0041666666666666,0.010272922925651,-0.1215966170652572,0.0164771787822246,0.0309764146804809,0.0447639822959899,0.9847222222222224,0.3409875631332397,0.4202233850955963,0.2387889921665191,0.8658333333333333
AV-MNIST,anchored_harm_oracle,22,3600,0.1,0.9947222222222222,0.994722169244724,0.0238255076110363,0.009409075324464,0.0044474901590082,0.0019444444444444,0.0019471866000343,0.0010475739836692,0.0421167751040653,0.0002777777777777,0.0022222222222222,0.0063003054820001,0.0645460812756726,0.0064799827523529,0.0173455253243446,0.0248730815947055,0.9927777777777778,0.3155537247657776,0.3991470038890838,0.2852992713451385,0.9322222222222222
AV-MNIST,anchored_harm_oracle,33,3600,0.5,0.9886111111111112,0.9886137426856342,0.0414712950587272,0.0185777078610364,0.0040442246447006,0.0005555555555555,0.0005656856986214,0.0029904581606388,0.0672591147246138,0.0019444444444444,0.0025,0.0090788630768656,0.1271577691808415,0.01573146879673,0.0257398299872875,0.044461753219366,0.9880555555555556,0.3432004749774933,0.3995704352855682,0.2572290897369385,0.8336111111111111
AV-MNIST,anchored_harm_oracle,44,3600,0.0,0.9883333333333332,0.988338192143549,0.0504025109112262,0.0206352634649899,0.002980006635189,0.0027777777777777,0.002780059123721,-0.0013202093541622,-0.0268978697469456,0.0011111111111111,0.0038888888888888,0.0107111129909753,-0.0491781428317679,0.0185521524399518,0.0318503566086292,0.049082301557064,0.9855555555555556,0.3484174013137817,0.401207685470581,0.2503748834133148,0.8455555555555555
AV-MNIST,anchored_harm_oracle,55,3600,0.25,0.9897222222222222,0.9897281136397768,0.0384371429681777,0.0160183098641154,0.0056630544861157,0.0002777777777777,0.0002765855961247,0.0043958500027656,0.1026276638139123,0.0019444444444444,0.0022222222222222,0.0094837248325347,0.1841719751287094,0.0137776024639606,0.0246595405042171,0.0428329929709434,0.9894444444444443,0.3366169035434723,0.4035719931125641,0.2598111033439636,0.9016666666666666
AV-MNIST,anchored_mixer,11,3600,0.1,0.9875,0.9875111714381476,0.0438071861863135,0.0198211929888584,0.0045039428770542,0.0027777777777777,0.0027438989737363,0.0009567961096763,0.0213742401949361,0.0013888888888888,0.0041666666666666,0.0072571570053696,0.0432561892148912,0.0164771787822246,0.0273300092667341,0.0447639822959899,0.9847222222222224,0.1904684454202652,0.7863571047782898,0.0231744684278965,0.0455555555555555
AV-MNIST,anchored_mixer,22,3600,0.1,0.9941666666666666,0.9941665960151044,0.0211672540754079,0.0094884757705941,0.0019847642878691,0.0013888888888888,0.0013916133704148,0.0037058275192976,0.1489894810656035,0.0002777777777777,0.0016666666666666,0.0033973534591495,0.2283339222775027,0.0064799827523529,0.0146872736513614,0.0248730815947055,0.9927777777777778,0.2279324680566787,0.735109806060791,0.0369577705860137,0.1305555555555555
AV-MNIST,anchored_mixer,33,3600,0.5,0.9880555555555556,0.9880604678375352,0.0439649298787117,0.01880857733891,0.0053071370720862,0.0,1.2410850522392993e-05,0.0004968233406543,0.0111741734115417,0.0025,0.0025,0.0084574148058891,0.0211254682322789,0.01573146879673,0.0282334629446268,0.044461753219366,0.9880555555555556,0.0277053602039814,0.9697584509849548,0.0025361634325236,0.0
AV-MNIST,anchored_mixer,44,3600,0.0,0.9866666666666668,0.9866759223103851,0.0460445880889892,0.0210846090318693,0.0026419269624683,0.0011111111111111,0.0011177892905571,0.0030377134680746,0.06189020016804,0.0011111111111111,0.0022222222222222,0.0046725617721676,0.1131561674326694,0.0185521524399518,0.0274924337863922,0.049082301557064,0.9855555555555556,0.6353009939193726,0.3366296589374542,0.0280693899840116,0.0447222222222222
AV-MNIST,anchored_mixer,55,3600,0.25,0.9894444444444443,0.9894499365051794,0.039668072015047,0.0166663793985037,0.0036753329303529,0.0,-1.591538472567322e-06,0.0031649209558963,0.0738897923393622,0.0019444444444444,0.0019444444444444,0.0072224731557071,0.1326001636318402,0.0137776024639606,0.0258904695510864,0.0428329929709434,0.9894444444444443,0.092574343085289,0.8898043036460876,0.0176213849335908,0.0236111111111111
AV-MNIST,candidate_oracle,11,3600,0.1,0.9938888888888888,0.9938887433045972,0.0164771787822246,0.0082722534481898,0.0029261018832524,0.0091666666666666,0.0091214708401861,0.0282868035137653,0.6319098986038894,0.0,0.0091666666666666,0.0,1.2788370454461435,0.0164771787822246,0.0,0.0447639822959899,0.9847222222222224,,,,
AV-MNIST,candidate_oracle,22,3600,0.1,0.9980555555555556,0.998053218141258,0.0064799827523529,0.0029602097790787,0.0020222151569194,0.0052777777777778,0.0052782354965682,0.0183930988423526,0.7394780888857669,0.0,0.0052777777777777,0.0,1.1332884184502072,0.0064799827523529,0.0,0.0248730815947055,0.9927777777777778,,,,
AV-MNIST,candidate_oracle,33,3600,0.5,0.9944444444444444,0.9944424719085954,0.01573146879673,0.0082439572148747,0.0028354509588745,0.0063888888888888,0.0063944149215826,0.028730284422636,0.6461797464640253,0.0,0.0063888888888888,0.0,1.221647429162728,0.01573146879673,0.0,0.044461753219366,0.9880555555555556,,,,
AV-MNIST,candidate_oracle,44,3600,0.0,0.9933333333333332,0.9933312818822644,0.0185521524399518,0.0092562031505607,0.0035623522268401,0.0077777777777777,0.0077731488624364,0.0305301491171121,0.6220195090406917,0.0,0.0077777777777777,0.0,1.13726092768212,0.0185521524399518,0.0,0.049082301557064,0.9855555555555556,,,,
AV-MNIST,candidate_oracle,55,3600,0.25,0.9947222222222222,0.994722942463092,0.0137776024639606,0.0070772889005813,0.0033773079762856,0.0052777777777777,0.0052714144194401,0.0290553905069828,0.6783413553821248,0.0,0.0052777777777777,0.0,1.2173274787554864,0.0137776024639606,0.0,0.0428329929709434,0.9894444444444443,,,,
AV-MNIST,equal_action_average,11,3600,0.1,0.9866666666666668,0.9866865882941772,0.1425365209579467,0.0458015161423898,0.0979123997026019,0.0019444444444444,0.0019193158297662,-0.0977725386619567,-2.184178744765417,0.0011111111111111,0.0030555555555555,0.1084309369325637,-4.420265356185905,0.0164771787822246,0.126059353351593,0.0447639822959899,0.9847222222222224,,,,
AV-MNIST,equal_action_average,22,3600,0.1,0.9941666666666666,0.9941662198348428,0.0829450339078903,0.0248958140063703,0.0617317664292123,0.0013888888888888,0.0013912371901532,-0.0580719523131847,-2.334730905459892,0.0,0.0013888888888888,0.0681204572319984,-3.5780956609830024,0.0064799827523529,0.0764650478959082,0.0248730815947055,0.9927777777777778,,,,
AV-MNIST,equal_action_average,33,3600,0.5,0.9888888888888888,0.9888911075010448,0.1376859247684478,0.0442181573212884,0.0970711841517024,0.0008333333333333,0.0008430505140318,-0.0932241715490818,-2.096727294785947,0.0019444444444444,0.0027777777777777,0.1065057516098022,-3.964007684177303,0.01573146879673,0.1219544485211372,0.044461753219366,0.9880555555555556,,,,
AV-MNIST,equal_action_average,44,3600,0.0,0.9858333333333332,0.9858354720378588,0.1458631455898285,0.0472009756248767,0.0996982086491253,0.0002777777777778,0.0002773390180309,-0.0967808440327644,-1.9718073717518136,0.0013888888888888,0.0016666666666666,0.1115051433444023,-3.605125835387109,0.0185521524399518,0.1273109763860702,0.049082301557064,0.9855555555555556,,,,
AV-MNIST,equal_action_average,55,3600,0.25,0.99,0.9900089373470378,0.1128493249416351,0.0355224625621259,0.0785109237084786,0.0005555555555555,0.0005574093033857,-0.0700163319706916,-1.6346355254275262,0.0011111111111111,0.0016666666666666,0.0836605206131935,-2.9334590903230904,0.0137776024639606,0.0990717262029647,0.0428329929709434,0.9894444444444443,,,,
AV-MNIST,full_coalition,11,3600,0.1,0.9847222222222224,0.9847672724644112,0.0447639822959899,0.0214119501024444,0.0032878462307983,0.0,0.0,0.0,0.0,0.0,0.0,0.0,0.0,0.0164771787822246,0.0282867979258298,0.0447639822959899,0.9847222222222224,,,,
AV-MNIST,full_coalition,22,3600,0.1,0.9927777777777778,0.9927749826446896,0.0248730815947055,0.0115168746911774,0.0038401593019565,0.0,0.0,0.0,0.0,0.0,0.0,0.0,0.0,0.0064799827523529,0.0183930974453687,0.0248730815947055,0.9927777777777778,,,,
AV-MNIST,full_coalition,33,3600,0.5,0.9880555555555556,0.9880480569870128,0.044461753219366,0.0200696246498153,0.0038582668287886,0.0,0.0,0.0,0.0,0.0,0.0,0.0,0.0,0.01573146879673,0.0287302825599908,0.044461753219366,0.9880555555555556,,,,
AV-MNIST,full_coalition,44,3600,0.0,0.9855555555555556,0.985558133019828,0.049082301557064,0.0227870802210538,0.005516980919573,0.0,0.0,0.0,0.0,0.0,0.0,0.0,0.0,0.0185521524399518,0.0305301509797573,0.049082301557064,0.9855555555555556,,,,
AV-MNIST,full_coalition,55,3600,0.25,0.9894444444444443,0.989451528043652,0.0428329929709434,0.017477321575896,0.0042047356565793,0.0,0.0,0.0,0.0,0.0,0.0,0.0,0.0,0.0137776024639606,0.0290553923696279,0.0428329929709434,0.9894444444444443,,,,
AV-MNIST,listwise_hard,11,3600,0.1,0.9863888888888888,0.9864038427439412,0.0475752800703048,0.0208369207334979,0.0033708255158529,0.0016666666666665,0.0016365702795301,-0.0028112977743148,-0.0628026737149058,0.0008333333333333,0.0025,0.0031621502712368,-0.1270979449240694,0.0164771787822246,0.0310981031507253,0.0447639822959899,0.9847222222222224,,,,
AV-MNIST,listwise_hard,22,3600,0.1,0.9936111111111112,0.9936087320031656,0.023237120360136,0.0102314087122533,0.0031955132633448,0.0008333333333333,0.000833749358476,0.0016359612345695,0.0657723582958766,0.0002777777777777,0.0011111111111111,0.0007694126106798,0.1007994874062543,0.0064799827523529,0.0167571380734443,0.0248730815947055,0.9927777777777778,,,,
AV-MNIST,listwise_hard,33,3600,0.5,0.9877777777777778,0.9877784770052928,0.0446492135524749,0.0206134353240807,0.0037325788289308,-0.0002777777777778,-0.0002695799817198,-0.0001874603331089,-0.004216215500635,0.0019444444444444,0.0016666666666666,0.0033422335982322,-0.0079709677176638,0.01573146879673,0.0289177447557449,0.044461753219366,0.9880555555555556,,,,
AV-MNIST,listwise_hard,44,3600,0.0,0.9869444444444444,0.986949326948545,0.0497906059026718,0.0216707907581422,0.005122867938545,0.0013888888888888,0.001391193928717,-0.0007083043456077,-0.0144309521586771,0.0008333333333333,0.0022222222222222,0.0020687584765255,-0.0263845639334798,0.0185521524399518,0.0312384534627199,0.049082301557064,0.9855555555555556,,,,
AV-MNIST,listwise_hard,55,3600,0.25,0.9897222222222222,0.9897285064493342,0.0389454402029514,0.0163095042066775,0.0036969993842972,0.0002777777777777,0.0002769784056821,0.0038875527679919,0.0907607080044397,0.0008333333333333,0.0011111111111111,0.001902159769088,0.1628759560148124,0.0137776024639606,0.0251678377389907,0.0428329929709434,0.9894444444444443,,,,
AV-MNIST,posterior_only,11,3600,0.1,0.9877777777777778,0.987787513553842,0.0460262633860111,0.0197041751369198,0.0042535961336559,0.0030555555555554,0.0030202410894307,-0.0012622810900211,-0.028198587911027,0.0013888888888888,0.0044444444444444,0.0079668080434203,-0.0570675713695162,0.0164771787822246,0.0295490864664316,0.0447639822959899,0.9847222222222224,,,,
AV-MNIST,posterior_only,22,3600,0.1,0.9944444444444444,0.9944432194998178,0.0242757592350244,0.0095787713009462,0.0020563865287436,0.0016666666666667,0.0016682368551281,0.0005973223596811,0.0240148112491326,0.0005555555555555,0.0022222222222222,0.0043532978743314,0.0368039417293015,0.0064799827523529,0.0177957769483327,0.0248730815947055,0.9927777777777778,,,,
AV-MNIST,posterior_only,33,3600,0.5,0.9875,0.9875029762776076,0.0450769811868667,0.018822425138225,0.0051426493459277,-0.0005555555555555,-0.000545080709405,-0.0006152279675006,-0.0138372403909775,0.0030555555555555,0.0025,0.0085144583135843,-0.0261603388894851,0.01573146879673,0.0293455123901367,0.044461753219366,0.9880555555555556,,,,
AV-MNIST,posterior_only,44,3600,0.0,0.9880555555555556,0.988057274612906,0.0496686808764934,0.0208189237857362,0.0048926262391938,0.0025,0.0024991415930779,-0.0005863793194293,-0.0119468586604004,0.0011111111111111,0.0036111111111111,0.0089489631354808,-0.0218428750638334,0.0185521524399518,0.0311165302991867,0.049082301557064,0.9855555555555556,,,,
AV-MNIST,posterior_only,55,3600,0.25,0.9897222222222222,0.9897281136397768,0.042492989450693,0.0163831510690044,0.0032008185651567,0.0002777777777777,0.0002765855961247,0.0003400035202503,0.007937888451572,0.0019444444444444,0.0022222222222222,0.0076420693658292,0.0142451318591068,0.0137776024639606,0.0287153851240873,0.0428329929709434,0.9894444444444443,,,,
AV-MNIST,softmax_mixer,11,3600,0.1,0.9875,0.9875111714381476,0.0439259521663188,0.0198349847899496,0.0048179052190648,0.0027777777777777,0.0027438989737363,0.000838030129671,0.0187210808039786,0.0013888888888888,0.0041666666666666,0.007405174896121,0.0378867335633209,0.0164771787822246,0.0274487771093845,0.0447639822959899,0.9847222222222224,0.157054990530014,0.81607586145401,0.0268691536039114,0.0666666666666666
AV-MNIST,softmax_mixer,22,3600,0.1,0.9947222222222222,0.994722169244724,0.0222671162337064,0.0094424588830543,0.0033848779151836,0.0019444444444444,0.0019471866000343,0.0026059653609991,0.104770506665077,0.0002777777777777,0.0022222222222222,0.0040411637164652,0.1605662264944999,0.0064799827523529,0.0157871339470148,0.0248730815947055,0.9927777777777778,0.0810608416795729,0.8933589458465576,0.0255801603198051,0.0552777777777777
AV-MNIST,softmax_mixer,33,3600,0.5,0.9877777777777778,0.987781519686609,0.0448832251131534,0.0188205903259541,0.0049895952145259,-0.0002777777777778,-0.0002665373004037,-0.0004214718937873,-0.0094794258721179,0.0027777777777777,0.0025,0.008508937433362,-0.0179212724275292,0.01573146879673,0.0291517507284879,0.044461753219366,0.9880555555555556,0.0028672802727669,0.996848165988922,0.0002845855779014,0.0
AV-MNIST,softmax_mixer,44,3600,0.0,0.9863888888888888,0.9863953887644724,0.0465238839387893,0.0211502723368834,0.0036229947871631,0.0008333333333333,0.0008372557446443,0.0025584176182746,0.0521250539830578,0.0013888888888888,0.0022222222222222,0.0061139087192714,0.0953022658140722,0.0185521524399518,0.0279717296361923,0.049082301557064,0.9855555555555556,0.5021119713783264,0.4600390195846557,0.037849023938179,0.0863888888888888
AV-MNIST,softmax_mixer,55,3600,0.25,0.9894444444444443,0.9894499365051794,0.0398140475153923,0.0166137388484876,0.0039303481661611,0.0,-1.591538472567322e-06,0.0030189454555511,0.0704817769236696,0.0019444444444444,0.0019444444444444,0.0072657670825719,0.1264841816831604,0.0137776024639606,0.0260364450514316,0.0428329929709434,0.9894444444444443,0.0718359947204589,0.9054864048957824,0.0226776003837585,0.0525
AV-MNIST,sparsemax_mixer,11,3600,0.1,0.9875,0.9875111714381476,0.0461133755743503,0.0198492797867237,0.0050792077349291,0.0027777777777777,0.0027438989737363,-0.0013493932783603,-0.0301446209463193,0.0013888888888888,0.0041666666666666,0.0075236996635794,-0.0610057167359725,0.0164771787822246,0.0296361949294805,0.0447639822959899,0.9847222222222224,0.1638587713241577,0.8285821080207825,0.0075591374188661,0.0238888888888888
AV-MNIST,sparsemax_mixer,22,3600,0.1,0.9944444444444444,0.9944443893325008,0.0216863863170146,0.0092201381316865,0.003379364096456,0.0016666666666667,0.0016694066878111,0.0031866952776908,0.1281182335834575,0.0002777777777777,0.0019444444444444,0.003824824700132,0.1963478843285342,0.0064799822866916,0.0152064012363553,0.0248730815947055,0.9927777777777778,0.1699386984109878,0.790942370891571,0.0391189493238925,0.1955555555555555
AV-MNIST,sparsemax_mixer,33,3600,0.5,0.9880555555555556,0.9880604678375352,0.0442511662840843,0.018726499116783,0.0051315136998892,0.0,1.2410850522392993e-05,0.0002105869352817,0.0047363614800063,0.0025,0.0025,0.0081165842711925,0.0089542604533759,0.01573146879673,0.0285197012126445,0.044461753219366,0.9880555555555556,0.1157065853476524,0.8822182416915894,0.0020751950796693,0.0077777777777777
AV-MNIST,sparsemax_mixer,44,3600,0.0,0.9872222222222222,0.9872243112995164,0.0469583980739116,0.0209227902930245,0.0052942091723282,0.0016666666666667,0.0016661782796885,0.0021239034831523,0.0432722878873782,0.0011111111111111,0.0027777777777777,0.0069680488668382,0.0791164324252314,0.0185521524399518,0.0284062456339597,0.049082301557064,0.9855555555555556,0.3408827781677246,0.6478028297424316,0.0113144628703594,0.0441666666666666
AV-MNIST,sparsemax_mixer,55,3600,0.25,0.9891666666666666,0.9891755771811296,0.0442714802920818,0.0171676511008467,0.0031603702737225,-0.0002777777777778,-0.0002759508625223,-0.0014384873211383,-0.0335836284453483,0.0025,0.0022222222222222,0.0073738903738558,-0.0602679916205015,0.0137776033952832,0.0304938778281211,0.0428329929709434,0.9894444444444443,0.2277815639972686,0.7311194539070129,0.0410989820957183,0.1561111111111111
