dataset,group,method,n_test,selection_accuracy,selection_nll,accuracy,macro_f1,nll,brier,ece,accuracy_gain,nll_gain,relative_error_reduction,relative_nll_reduction,negative_flip_rate,correction_rate,clipped_harm
MOSI,G1,equal_full_posterior,656,0.8347826086956522,0.4619037508964538,0.7926829268292683,0.7877507517795288,0.4521686732769012,0.2894384062083967,0.0426596323164498,-0.0045731707317072,-0.0017226934432983,-0.0225563909774433,-0.0038244174005831,0.0167682926829268,0.0121951219512195,0.0272115971893072
MOSI,G1,full_ensemble,656,0.7913043478260868,0.4614513516426086,0.7972560975609756,0.7925309427277158,0.4504459798336029,0.2883164307780088,0.0438819685723723,0.0,0.0,0.0,0.0,0.0,0.0,0.0
MOSI,G1,logit_stacking,656,0.8260869565217391,0.424884978766618,0.8185975609756098,0.8110631088521811,0.4322017078547278,0.2750309681690958,0.0321300967004277,0.0213414634146341,0.0182442719788751,0.1052631578947369,0.0405026857729192,0.0182926829268292,0.0396341463414634,0.0440310946142841
MOSI,G1,posterior_ensemble,656,0.817391304347826,0.4707693755626678,0.7942073170731707,0.7894111072800123,0.4602746665477752,0.2968688176405062,0.0316704494378915,-0.0030487804878048,-0.0098286867141723,-0.0150375939849624,-0.021819901062949,0.024390243902439,0.0213414634146341,0.0585457682609558
MOSI,G1,simplex_convex,656,0.8260869565217391,0.4517661707158636,0.8033536585365854,0.7951860591758939,0.4417055437749835,0.2800504910077417,0.0455502653288517,0.0060975609756097,0.0087404360586194,0.0300751879699248,0.0194039606299698,0.0274390243902439,0.0335365853658536,0.0364135952843334
MOSI,G1,simplex_safe_fallback,656,0.8260869565217391,0.4517661733147935,0.8033536585365854,0.7951860591758939,0.4417055427464598,0.2800504909162683,0.0455502650438817,0.0060975609756097,0.0087404370871431,0.0300751879699248,0.0194039629133151,0.0274390243902439,0.0335365853658536,0.0364135955692474
MOSI,G2,equal_full_posterior,656,0.8000000000000002,0.4745514988899231,0.7942073170731707,0.7892106108750759,0.4580307900905609,0.2937233882196282,0.0417044427154994,-0.0030487804878048,0.0029525756835937,-0.0150375939849624,0.0064049505965043,0.0152439024390243,0.0121951219512195,0.0239434540271759
MOSI,G2,full_ensemble,656,0.8000000000000002,0.4846468269824981,0.7972560975609756,0.7919253251166796,0.4609833657741546,0.2965380128568344,0.0532555992646915,0.0,0.0,0.0,0.0,0.0,0.0,0.0
MOSI,G2,logit_stacking,656,0.8521739130434782,0.4414786022668361,0.8094512195121951,0.8034096439556857,0.4422377427309343,0.2814841567455078,0.0358646179073006,0.0121951219512195,0.0187456230432203,0.0601503759398496,0.0406644240009392,0.024390243902439,0.0365853658536585,0.0474562641596842
MOSI,G2,posterior_ensemble,656,0.817391304347826,0.472506046295166,0.7972560975609756,0.7930977241413655,0.4608469605445862,0.2966101757537351,0.0395966224008943,0.0,0.0001364052295684,0.0,0.0002959005458676,0.0289634146341463,0.0289634146341463,0.0514673963189125
MOSI,G2,simplex_convex,656,0.8434782608695652,0.4631590539229868,0.8079268292682927,0.8017271157167531,0.4444340303145349,0.2840019318082931,0.0363653271104751,0.0106707317073171,0.0165493354596197,0.0526315789473687,0.0359000707798373,0.0213414634146341,0.0320121951219512,0.0369776947116579
MOSI,G2,simplex_safe_fallback,656,0.8434782608695652,0.4631590566588865,0.8079268292682927,0.8017271157167531,0.4444340300914932,0.2840019318356157,0.0363653269106101,0.0106707317073171,0.0165493356826614,0.0526315789473687,0.0359000712636761,0.0213414634146341,0.0320121951219512,0.0369776948861926
MOSI,G3,equal_full_posterior,656,0.8000000000000002,0.4625783264636993,0.8003048780487805,0.7941982963213088,0.4511820077896118,0.2888380351397091,0.0463787826096139,0.0030487804878048,0.0003851652145385,0.0150375939849624,0.0008529522019419,0.0152439024390243,0.0182926829268292,0.0252263322472572
MOSI,G3,full_ensemble,656,0.8000000000000002,0.4651877880096435,0.7972560975609756,0.790594916080039,0.4515671730041504,0.2893060596258055,0.0477029857475582,0.0,0.0,0.0,0.0,0.0,0.0,0.0
MOSI,G3,logit_stacking,656,0.8260869565217391,0.412416361898362,0.8094512195121951,0.8020313514740215,0.4543314281326363,0.2895600470428441,0.0179536327090142,0.0121951219512195,-0.0027642551284858,0.0601503759398496,-0.0061214705003821,0.0259146341463414,0.0381097560975609,0.0684555442866369
MOSI,G3,posterior_ensemble,656,0.817391304347826,0.4675725102424621,0.801829268292683,0.7971146892010201,0.4567180275917053,0.2942804783942733,0.0393549752671544,0.0045731707317073,-0.0051508545875549,0.0225563909774439,-0.0114066187612525,0.0274390243902439,0.0320121951219512,0.0542974919080734
MOSI,G3,simplex_convex,656,0.7913043478260868,0.4481132620926342,0.7972560975609756,0.7930977241413655,0.4545429250938659,0.2913193512356223,0.0356571297802191,0.0,-0.0029757520897155,0.0,-0.006589832626492,0.024390243902439,0.024390243902439,0.0406036879839366
MOSI,G3,simplex_safe_fallback,656,0.8000000000000002,0.4503157298403595,0.8003048780487805,0.7958410840834634,0.4525959985206434,0.2897831177746616,0.0417955854061656,0.0030487804878048,-0.001028825516493,0.0150375939849624,-0.0022783443483028,0.0167682926829268,0.0198170731707317,0.0315720016620275
MOSI,G4,equal_full_posterior,656,0.8000000000000002,0.471319317817688,0.8033536585365854,0.7985790281695169,0.4535552561283111,0.2896307552842271,0.0592179626408146,0.0045731707317072,-0.0009291768074035,0.0227272727272724,-0.0020528574243835,0.0167682926829268,0.0213414634146341,0.0227112900465726
MOSI,G4,full_ensemble,656,0.8000000000000002,0.4727776646614074,0.7987804878048781,0.7931746092406466,0.4526260793209076,0.2886615889265021,0.0683288409760812,0.0,0.0,0.0,0.0,0.0,0.0,0.0
MOSI,G4,logit_stacking,656,0.817391304347826,0.4379154769304683,0.8185975609756098,0.8103249288694185,0.4299945954438116,0.2726643387518581,0.0393258093832691,0.0198170731707316,0.022631483877096,0.0984848484848483,0.0500003974827321,0.0167682926829268,0.0365853658536585,0.0409595372486956
MOSI,G4,posterior_ensemble,656,0.817391304347826,0.4758500158786773,0.7987804878048781,0.7947434292866082,0.4591373205184936,0.2951897057769053,0.0452462815475173,0.0,-0.006511241197586,0.0,-0.0143854751086263,0.0320121951219512,0.0320121951219512,0.0486056990921497
MOSI,G4,simplex_convex,656,0.808695652173913,0.4608651861717222,0.8155487804878049,0.8078876989169238,0.4402595203307687,0.2789404269094237,0.0516006480983608,0.0167682926829267,0.0123665589901388,0.0833333333333331,0.0273217995054392,0.0121951219512195,0.0289634146341463,0.0286355219479848
MOSI,G4,simplex_safe_fallback,656,0.808695652173913,0.4608651842746275,0.8155487804878049,0.8078876989169238,0.4402595202256135,0.2789404263961506,0.0516006478593536,0.0167682926829267,0.0123665590952941,0.0833333333333331,0.0273217997377617,0.0121951219512195,0.0289634146341463,0.0286355224245344
MOSI,G5,equal_full_posterior,656,0.8000000000000002,0.4704220294952392,0.7987804878048781,0.7922855497985031,0.4435499310493469,0.2826081324025745,0.0457767957776058,-0.0015243902439023,-0.0024210512638092,-0.0076335877862592,-0.0054883082354214,0.0137195121951219,0.0121951219512195,0.0225749630481004
MOSI,G5,full_ensemble,656,0.782608695652174,0.4736028015613556,0.8003048780487805,0.7922720845067018,0.4411288797855377,0.28058348144305,0.0481538090218857,0.0,0.0,0.0,0.0,0.0,0.0,0.0
MOSI,G5,logit_stacking,656,0.8521739130434782,0.4241471963238079,0.8003048780487805,0.7935099417312428,0.4549215664020495,0.2892357845214786,0.0219910797578553,0.0,-0.0137926866165118,0.0,-0.0312667958244252,0.0228658536585365,0.0228658536585365,0.0669897960921216
MOSI,G5,posterior_ensemble,656,0.808695652173913,0.4719046652317047,0.7987804878048781,0.7922855497985031,0.4504931271076202,0.2886960682261996,0.0407952584507988,-0.0015243902439023,-0.0093642473220825,-0.0076335877862592,-0.0212279171715873,0.0228658536585365,0.0213414634146341,0.0482601411640644
MOSI,G5,simplex_convex,656,0.817391304347826,0.4566331997677397,0.8003048780487805,0.7935099417312428,0.4372512313871884,0.2785866245744405,0.0474802152049001,0.0,0.0038776483983493,0.0,0.0087902845994451,0.0121951219512195,0.0121951219512195,0.0303913959214811
MOSI,G5,simplex_safe_fallback,656,0.817391304347826,0.4566332029072224,0.8003048780487805,0.7935099417312428,0.4372512321448094,0.2785866250443619,0.0474802148334099,0.0,0.0038776476407282,0.0,0.0087902828819855,0.0121951219512195,0.0121951219512195,0.0303913967186315
MOSEI,G1,equal_full_posterior,3634,0.85473411154345,0.3375276625156402,0.840946615299945,0.8259716974879034,0.3537748754024505,0.2219265368547521,0.0091328291887756,-0.0024766097963676,0.0017902255058288,-0.0158172231985941,0.0050348740673811,0.0066042927903137,0.004127682993946,0.0129290716722607
MOSEI,G1,full_ensemble,3634,0.8443579766536965,0.3400399088859558,0.8434232250963126,0.8294259122153227,0.3555651009082794,0.2229499376688748,0.0053901142088607,0.0,0.0,0.0,0.0,0.0,0.0,0.0
MOSEI,G1,logit_stacking,3634,0.8573281452658884,0.3271079286177971,0.8425976884975234,0.8270993723950303,0.3605055580569236,0.2257324879687748,0.0191253976824144,-0.0008255365987892,-0.0049404571486442,-0.0052724077328649,-0.0138946627102153,0.0110071546505228,0.0101816180517336,0.0376460863822254
MOSEI,G1,posterior_ensemble,3634,0.8521400778210116,0.3368392884731293,0.8420473307649973,0.8268068607836416,0.3548387289047241,0.2226271634080293,0.0137269392109336,-0.0013758943313153,0.0007263720035552,-0.0087873462214411,0.0020428664165853,0.0123830489818381,0.0110071546505228,0.0277431141585111
MOSEI,G1,simplex_convex,3634,0.8534370946822308,0.3342745109850132,0.8431480462300496,0.8285615818636696,0.3542980720777895,0.2222593881047008,0.0115575873706839,-0.000275178866263,0.0012670288304898,-0.001757469244288,0.0035634229210157,0.007980187121629,0.0077050082553659,0.021625120536837
MOSEI,G1,simplex_safe_fallback,3634,0.8534370946822308,0.3342745117718482,0.8431480462300496,0.8285615818636696,0.3542980722649237,0.2222593881549558,0.0115575872163138,-0.000275178866263,0.0012670286433556,-0.001757469244288,0.0035634223947149,0.007980187121629,0.0077050082553659,0.0216251205077909
MOSEI,G2,equal_full_posterior,3634,0.8495460440985733,0.3412350416183471,0.841221794166208,0.8273813987930467,0.3541181981563568,0.2220609943626701,0.0077772024377204,-0.0011007154650523,0.0019478797912597,-0.0069808027923212,0.0054705570451626,0.007980187121629,0.0068794716565767,0.012509286403656
MOSEI,G2,full_ensemble,3634,0.8469520103761349,0.3443450629711151,0.8423225096312603,0.8281084810537555,0.3560660779476166,0.2233829689502162,0.0073415744448994,0.0,0.0,0.0,0.0,0.0,0.0,0.0
MOSEI,G2,logit_stacking,3634,0.8573281452658884,0.332653733615697,0.8425976884975234,0.8277782196593093,0.3603930828125078,0.2256627366675403,0.016103814971419,0.000275178866263,-0.0043270048648912,0.0017452006980801,-0.0121522524409861,0.0129334067143643,0.0132085855806274,0.0362112450740555
MOSEI,G2,posterior_ensemble,3634,0.8495460440985733,0.3407428860664367,0.8425976884975234,0.8289062003566992,0.3548022806644439,0.2224127610598012,0.0098212605724638,0.000275178866263,0.0012637972831726,0.0017452006980801,0.0035493335688061,0.011832691249312,0.0121078701155751,0.0266748499125242
MOSEI,G2,simplex_convex,3634,0.8534370946822308,0.3369643231720799,0.8445239405613649,0.8305667708661097,0.3563572272321774,0.2234566654951308,0.0121589413894975,0.0022014309301046,-0.0002911492845608,0.0139616055846424,-0.0008176832969853,0.0099064391854705,0.0121078701155751,0.0266631458552747
MOSEI,G2,simplex_safe_fallback,3634,0.8534370946822308,0.3369643221711501,0.8445239405613649,0.8305667708661097,0.3563572272159294,0.2234566657337283,0.0121589414312065,0.0022014309301046,-0.0002911492683128,0.0139616055846424,-0.0008176832513532,0.0099064391854705,0.0121078701155751,0.0266631458975684
MOSEI,G3,equal_full_posterior,3634,0.8443579766536965,0.3358761072158813,0.8453494771601541,0.8314373862043807,0.3536888062953949,0.2220335724209546,0.0086753683458925,0.0030269675288937,0.0017691850662231,0.0191972076788829,0.0049771987385797,0.0068794716565767,0.0099064391854705,0.0128818973898887
MOSEI,G3,full_ensemble,3634,0.8430609597924773,0.3373352885246277,0.8423225096312603,0.8279298475253392,0.355457991361618,0.2233838137148967,0.0039965893189593,0.0,0.0,0.0,0.0,0.0,0.0,0.0
MOSEI,G3,logit_stacking,3634,0.8521400778210116,0.3263340568655747,0.844799119427628,0.8300666210321882,0.3581409025472764,0.2239269639215832,0.0178041494198844,0.0024766097963676,-0.0026829111856583,0.0157068062827226,-0.0075477588093637,0.007980187121629,0.0104567969179966,0.0299299405604672
MOSEI,G3,posterior_ensemble,3634,0.8443579766536965,0.3366166353225708,0.8420473307649973,0.8279565529088719,0.3547930717468261,0.2224424618352726,0.0122581895360857,-0.000275178866263,0.0006649196147918,-0.0017452006980801,0.001870599707844,0.0137589433131535,0.0134837644468904,0.0277280900627374
MOSEI,G3,simplex_convex,3634,0.8430609597924773,0.3337394572967949,0.8442487616951018,0.830237652298362,0.3534072798426896,0.2215509391771247,0.0067499770014463,0.0019262520638414,0.0020507115189284,0.0122164048865616,0.0057692092139298,0.0101816180517336,0.0121078701155751,0.0201534771975856
MOSEI,G3,simplex_safe_fallback,3634,0.8430609597924773,0.3337394579738154,0.8442487616951018,0.830237652298362,0.3534072800922898,0.2215509390848293,0.0067499768303855,0.0019262520638414,0.0020507112693282,0.0122164048865616,0.0057692085117365,0.0101816180517336,0.0121078701155751,0.0201534775456891
MOSEI,G4,equal_full_posterior,3634,0.8482490272373541,0.3362995684146881,0.8434232250963126,0.8295427912927873,0.3540877103805542,0.2220915866623341,0.0046581921993406,0.0019262520638415,0.0012694895267486,0.0121527777777781,0.0035724322655621,0.0046780407264722,0.0066042927903137,0.012786709703505
MOSEI,G4,full_ensemble,3634,0.8482490272373541,0.3405604064464569,0.8414969730324711,0.8278260612072668,0.3553571999073028,0.2227989524905141,0.0062774166866652,0.0,0.0,0.0,0.0,0.0,0.0,0.0
MOSEI,G4,logit_stacking,3634,0.859922178988327,0.3182455237541682,0.8439735828288387,0.8300837797753421,0.3614898543356195,0.2260388906774826,0.01890571564734,0.0024766097963676,-0.0061326544283166,0.0156250000000001,-0.0172577182336995,0.0123830489818381,0.0148596587782058,0.0446409861461529
MOSEI,G4,posterior_ensemble,3634,0.8469520103761349,0.3342958092689514,0.8436984039625757,0.8296377853453527,0.3556365072727203,0.2230159140849638,0.0131100002854619,0.0022014309301046,-0.0002793073654174,0.0138888888888891,-0.0007859904498637,0.0101816180517336,0.0123830489818381,0.0275452136993408
MOSEI,G4,simplex_convex,3634,0.8508430609597925,0.3313164972192771,0.8434232250963126,0.8291903179986377,0.3582109736558536,0.2244478475314329,0.0144122051038913,0.0019262520638415,-0.0028537737485507,0.0121527777777781,-0.0080307188071473,0.011832691249312,0.0137589433131535,0.0334106456065309
MOSEI,G4,simplex_safe_fallback,3634,0.8508430609597925,0.3313165003849029,0.8434232250963126,0.8291903179986377,0.358210973949986,0.2244478475788867,0.0144122048584145,0.0019262520638415,-0.0028537740426831,0.0121527777777781,-0.0080307196348563,0.011832691249312,0.0137589433131535,0.0334106454024267
MOSEI,G5,equal_full_posterior,3634,0.8534370946822308,0.3345190584659576,0.840946615299945,0.8273443482566682,0.3531016707420349,0.2215203225448566,0.010359619105984,0.0,0.0008887350559234,0.0,0.0025106190488979,0.0060539350577875,0.0060539350577875,0.0132349813356995
MOSEI,G5,full_ensemble,3634,0.8508430609597925,0.3369916081428528,0.840946615299945,0.8276319693913994,0.3539904057979584,0.2220355087154245,0.0090443105998115,0.0,0.0,0.0,0.0,0.0,0.0,0.0
MOSEI,G5,logit_stacking,3634,0.8508430609597925,0.3260962939157594,0.8425976884975234,0.8280804775854739,0.3580534369118985,0.2240016410614135,0.017574939415202,0.0016510731975784,-0.0040630311139401,0.01038062283737,-0.0114778000968172,0.0085305448541552,0.0101816180517336,0.0331446743193925
MOSEI,G5,posterior_ensemble,3634,0.8534370946822308,0.3345775604248047,0.8434232250963126,0.8299470854999993,0.3550514876842499,0.2227087771159202,0.0105486902222242,0.0024766097963676,-0.0010610818862915,0.0155709342560554,-0.0029974876971584,0.0099064391854705,0.0123830489818381,0.028413850814104
MOSEI,G5,simplex_convex,3634,0.85473411154345,0.3329101443688715,0.8403962575674189,0.8266304088545392,0.3534327252865185,0.2218851492575671,0.0142320524168971,-0.000550357732526,0.0005576805114398,-0.0034602076124564,0.0015754113736012,0.0085305448541552,0.007980187121629,0.0209156423606243
MOSEI,G5,simplex_safe_fallback,3634,0.85473411154345,0.3329101458562171,0.8403962575674189,0.8266304088545392,0.3534327252318084,0.2218851494440967,0.0142320524933818,-0.000550357732526,0.0005576805661499,-0.0034602076124564,0.0015754115281538,0.0085305448541552,0.007980187121629,0.0209156421734973
CREMA-D,G1,equal_full_posterior,7442,0.6605042068953153,0.9148463342369836,0.638672399892502,0.6365370414537259,0.9623704572913788,0.4858935293951079,0.0524091760226713,0.0042999193765116,0.0114687927401664,0.0109194520546794,0.0118652358228496,0.0256651437785541,0.0299650631550658,0.0559803203906632
CREMA-D,G1,full_ensemble,7442,0.6711059701987627,0.906323054134125,0.6343724805159904,0.6321989550791328,0.9738392500315454,0.4890495385458333,0.0463950629477474,0.0,0.0,0.0,0.0,0.0,0.0,0.0
CREMA-D,G1,logit_stacking,7442,0.8470718832109876,0.4298586511113922,0.5999731255038968,0.5973258615901641,1.5038337672325048,0.6073391775334437,0.2061391324547889,-0.0343993550120935,-0.5299945172009596,-0.0971009072564827,-0.532409356612886,0.1005106154259607,0.0661112604138672,0.2949280134346579
CREMA-D,G1,posterior_ensemble,7442,0.6452338192383306,0.9518748823031724,0.6311475409836066,0.6293598583742389,0.98690021269522,0.4976116504329677,0.0545678443804251,-0.0032249395323837,-0.0130609626636746,-0.0097315328088433,-0.0134444106586672,0.0571083042192958,0.0538833646869121,0.1254713098585878
CREMA-D,G1,simplex_convex,7442,0.6799450565264523,0.8714898598984984,0.6346412254770223,0.6326062555019617,0.9682874403128506,0.4875194002143653,0.0527694363796139,0.0002687449610319,0.0055518097186946,0.0011110066501643,0.0053370497737087,0.0339962375705455,0.0342649825315775,0.0779059815941502
CREMA-D,G1,simplex_safe_fallback,7442,0.681556433833453,0.8761050971339944,0.6359849502821822,0.6340181363554702,0.96215365960151,0.4847252400860896,0.0500885605818416,0.0016124697661918,0.0116855904300354,0.0047543781347431,0.011780065520531,0.026740123622682,0.0283525933888739,0.0594364164300086
AV-MNIST,G1,equal_full_posterior,3600,0.9944444444444444,0.019531013444066,0.9913888888888888,0.991391802696426,0.0268465802073478,0.0124012505925333,0.0071346585866477,-0.0005555555555555,0.0009517539292573,-0.0689655172413759,0.0342378044878635,0.0011111111111111,0.0005555555555555,0.0024516216944903
AV-MNIST,G1,full_ensemble,3600,0.9944444444444444,0.0216988418251276,0.9919444444444444,0.991944753325725,0.0277983341366052,0.0129141474924935,0.0083549587263001,0.0,0.0,0.0,0.0,0.0,0.0,0.0
AV-MNIST,G1,logit_stacking,3600,1.0,0.0003139494066554,0.9925,0.992507218656464,0.0283245902233696,0.0116541657666106,0.0042578047941034,0.0005555555555556,-0.0005262560867643,0.0689655172413897,-0.0189312094810529,0.0013888888888888,0.0019444444444444,0.0052874862137012
AV-MNIST,G1,posterior_ensemble,3600,0.9938888888888888,0.0181253980845212,0.9919444444444444,0.9919459010152964,0.0283282212913036,0.0126668631831208,0.0038295763234297,0.0,-0.0005298871546983,0.0,-0.0190618312627809,0.0016666666666666,0.0016666666666666,0.0050426288507878
AV-MNIST,G1,simplex_convex,3600,0.9972222222222222,0.0114043237561026,0.9944444444444444,0.994443609554468,0.0212942154936583,0.009532389436607,0.001307835241655,0.0025,0.0065041186429469,0.3103448275862126,0.2339751227891818,0.0008333333333333,0.0033333333333333,0.004662339447137
AV-MNIST,G1,simplex_safe_fallback,3600,0.9972222222222222,0.0114043317280451,0.9944444444444444,0.994443609554468,0.0212942230812484,0.0095323895130502,0.0013078276486656,0.0025,0.0065041110553568,0.3103448275862126,0.2339748498379312,0.0008333333333333,0.0033333333333333,0.0046623402423651
