dataset,method,n_groups,accuracy_mean,accuracy_sd,accuracy_ci95,macro_f1_mean,macro_f1_sd,macro_f1_ci95,nll_mean,nll_sd,nll_ci95,brier_mean,brier_sd,brier_ci95,ece_mean,ece_sd,ece_ci95,accuracy_gain_mean,accuracy_gain_sd,accuracy_gain_ci95,nll_gain_mean,nll_gain_sd,nll_gain_ci95,relative_error_reduction_mean,relative_error_reduction_sd,relative_error_reduction_ci95,relative_nll_reduction_mean,relative_nll_reduction_sd,relative_nll_reduction_ci95,negative_flip_rate_mean,negative_flip_rate_sd,negative_flip_rate_ci95,correction_rate_mean,correction_rate_sd,correction_rate_ci95,clipped_harm_mean,clipped_harm_sd,clipped_harm_ci95
AV-MNIST,equal_full_posterior,1,0.9913888888888888,,,0.991391802696426,,,0.0268465802073478,,,0.0124012505925333,,,0.0071346585866477,,,-0.0005555555555555,,,0.0009517539292573,,,-0.0689655172413759,,,0.0342378044878635,,,0.0011111111111111,,,0.0005555555555555,,,0.0024516216944903,,
AV-MNIST,full_ensemble,1,0.9919444444444444,,,0.991944753325725,,,0.0277983341366052,,,0.0129141474924935,,,0.0083549587263001,,,0.0,,,0.0,,,0.0,,,0.0,,,0.0,,,0.0,,,0.0,,
AV-MNIST,logit_stacking,1,0.9925,,,0.992507218656464,,,0.0283245902233696,,,0.0116541657666106,,,0.0042578047941034,,,0.0005555555555556,,,-0.0005262560867643,,,0.0689655172413897,,,-0.0189312094810529,,,0.0013888888888888,,,0.0019444444444444,,,0.0052874862137012,,
AV-MNIST,posterior_ensemble,1,0.9919444444444444,,,0.9919459010152964,,,0.0283282212913036,,,0.0126668631831208,,,0.0038295763234297,,,0.0,,,-0.0005298871546983,,,0.0,,,-0.0190618312627809,,,0.0016666666666666,,,0.0016666666666666,,,0.0050426288507878,,
AV-MNIST,simplex_convex,1,0.9944444444444444,,,0.994443609554468,,,0.0212942154936583,,,0.009532389436607,,,0.001307835241655,,,0.0025,,,0.0065041186429469,,,0.3103448275862126,,,0.2339751227891818,,,0.0008333333333333,,,0.0033333333333333,,,0.004662339447137,,
AV-MNIST,simplex_safe_fallback,1,0.9944444444444444,,,0.994443609554468,,,0.0212942230812484,,,0.0095323895130502,,,0.0013078276486656,,,0.0025,,,0.0065041110553568,,,0.3103448275862126,,,0.2339748498379312,,,0.0008333333333333,,,0.0033333333333333,,,0.0046623402423651,,
CREMA-D,equal_full_posterior,1,0.638672399892502,,,0.6365370414537259,,,0.9623704572913788,,,0.4858935293951079,,,0.0524091760226713,,,0.0042999193765116,,,0.0114687927401664,,,0.0109194520546794,,,0.0118652358228496,,,0.0256651437785541,,,0.0299650631550658,,,0.0559803203906632,,
CREMA-D,full_ensemble,1,0.6343724805159904,,,0.6321989550791328,,,0.9738392500315454,,,0.4890495385458333,,,0.0463950629477474,,,0.0,,,0.0,,,0.0,,,0.0,,,0.0,,,0.0,,,0.0,,
CREMA-D,logit_stacking,1,0.5999731255038968,,,0.5973258615901641,,,1.5038337672325048,,,0.6073391775334437,,,0.2061391324547889,,,-0.0343993550120935,,,-0.5299945172009596,,,-0.0971009072564827,,,-0.532409356612886,,,0.1005106154259607,,,0.0661112604138672,,,0.2949280134346579,,
CREMA-D,posterior_ensemble,1,0.6311475409836066,,,0.6293598583742389,,,0.98690021269522,,,0.4976116504329677,,,0.0545678443804251,,,-0.0032249395323837,,,-0.0130609626636746,,,-0.0097315328088433,,,-0.0134444106586672,,,0.0571083042192958,,,0.0538833646869121,,,0.1254713098585878,,
CREMA-D,simplex_convex,1,0.6346412254770223,,,0.6326062555019617,,,0.9682874403128506,,,0.4875194002143653,,,0.0527694363796139,,,0.0002687449610319,,,0.0055518097186946,,,0.0011110066501643,,,0.0053370497737087,,,0.0339962375705455,,,0.0342649825315775,,,0.0779059815941502,,
CREMA-D,simplex_safe_fallback,1,0.6359849502821822,,,0.6340181363554702,,,0.96215365960151,,,0.4847252400860896,,,0.0500885605818416,,,0.0016124697661918,,,0.0116855904300354,,,0.0047543781347431,,,0.011780065520531,,,0.026740123622682,,,0.0283525933888739,,,0.0594364164300086,,
MOSEI,equal_full_posterior,5,0.8423775454045129,0.0019593817412127514,0.0024328937668016827,0.8283355244069573,0.0021540371105903647,0.002674590331014921,0.3537542521953583,0.0004105551301334954,0.0005097715243646235,0.22192660256911348,0.00023547129168046134,0.00029237622549016696,0.00812064225554262,0.0021477762953863457,0.0026668165021766837,0.00027517886626305993,0.0022270795344301593,0.0027652844790383344,0.0015331029891967201,0.00044118834475672416,0.0005478076841115358,0.0017103918931491396,0.014146658135235413,0.017565396101418242,0.004313136233116679,0.001234829746937068,0.0015332436406828248,0.006439185470555819,0.0012089093360753145,0.0015010591996971357,0.0067143643368188805,0.0020830149551761784,0.0025864046775622928,0.012868389301001978,0.0002616681992907075,0.00032490398253407984
MOSEI,full_ensemble,5,0.8421023665382498,0.0009412565424594008,0.0011687243618455929,0.8281844542786168,0.0007151047969556321,0.0008879198813226228,0.35528735518455506,0.0007745360757203648,0.0009617135605320034,0.22291023630798526,0.0005538186432944943,0.0006876566709128273,0.006410001051839219,0.0019163585102980685,0.0023794733698885135,0.0,0.0,0.0,0.0,0.0,0.0,0.0,0.0,0.0,0.0,0.0,0.0,0.0,0.0,0.0,0.0,0.0,0.0,0.0,0.0,0.0
MOSEI,logit_stacking,5,0.8433131535498074,0.0010222441178319743,0.0012692837184875314,0.8286216940894688,0.0013736207794110716,0.001705575468979325,0.35971656693284515,0.001538948396200489,0.001910856818655573,0.2250725440593589,0.0010218691388530195,0.00126881812058928,0.017902803427251958,0.001209768213517115,0.0015021256368954888,0.00121078701155748,0.0014508999808986196,0.0018015302712763484,-0.00442921174829008,0.0012606733302638628,0.0015653326876842854,0.00763704441706158,0.009189987632363826,0.011410876787044034,-0.012466038458216361,0.0035449158576770917,0.004401594397139272,0.010566868464501878,0.002232173890002545,0.0027716099569466144,0.0117776554760594,0.0021439241806034738,0.0026620334699338434,0.0363145864964587,0.005520972501744918,0.0068551927904896455
MOSEI,posterior_ensemble,5,0.8427627958172812,0.0007685327486939372,0.0009542594454938447,0.8286508969789128,0.0012846999962823065,0.0015951657338762527,0.3550244152545929,0.00035802673446157305,0.00044454890657539506,0.2226414155007974,0.00024333891658337775,0.00030214517208348963,0.01189301596543384,0.0016641108101954744,0.0020662664820414217,0.00066042927903138,0.0016464804955037262,0.0020443755550116753,0.0002629399299621399,0.0009253564576134941,0.0011489817989240453,0.00413449538470068,0.01040665498986567,0.012921568842643786,0.00073586430924266,0.0026060241422259977,0.003235806355851873,0.011612548156301538,0.0015974601291909645,0.001983508730982358,0.012272977435332899,0.0008831484059373083,0.0010965735807234012,0.0276210237294435,0.000623685840638937,0.0007744082545108195
MOSEI,simplex_convex,5,0.8431480462300496,0.0016395673208328082,0.0020357917149095026,0.8290373463762636,0.0015670812039382351,0.001945788313191921,0.35514125561900567,0.0020939473586892255,0.00259997904941828,0.22271999791319125,0.0012045720641982185,0.001495673765356924,0.01182215265648322,0.0030994505905181046,0.003848476212457735,0.0010456796917997,0.001339643527202803,0.0016633871381544285,0.0001460995655493,0.0018870515654418828,0.002343083991563245,0.00662262227844754,0.008479727180466247,0.010528971954574872,0.0004119282808828199,0.005309809432900283,0.00659299921015504,0.009686296092460061,0.0015122324341259247,0.0018776845703702097,0.01073197578425972,0.0027241317932338296,0.003382456374020713,0.0245536063113705,0.005569318832224063,0.006915222688490862
MOSEI,simplex_safe_fallback,5,0.8431480462300496,0.0016395673208328082,0.0020357917149095026,0.8290373463762636,0.0015670812039382351,0.001945788313191921,0.35514125575098743,0.002093947404778168,0.002599979106645261,0.22271999799929937,0.0012045721029644546,0.0014956738134915637,0.011822152565940422,0.003099450628513647,0.0038484762596354325,0.0010456796917997,0.001339643527202803,0.0016633871381544285,0.00014609943356756004,0.0018870515936098302,0.002343084026538371,0.00662262227844754,0.008479727180466247,0.010528971954574872,0.00041192790967913993,0.005309809512530449,0.0065929993090289496,0.009686296092460061,0.0015122324341259247,0.0018776845703702097,0.01073197578425972,0.0027241317932338296,0.003382456374020713,0.02455360630539448,0.005569318720701601,0.006915222550017436
MOSI,equal_full_posterior,5,0.7978658536585366,0.004391725698441434,0.0054530476897410194,0.7924048473887867,0.004278286810961446,0.00531219470716083,0.4516973316669464,0.005254341950788824,0.006524127234546228,0.28884774345090714,0.003989572101765501,0.004953708047000356,0.0471475232119967,0.007034444786185823,0.008734416838359129,-0.00030487804878046,0.003945786312665984,0.0048993408090425425,-0.00034703612327576,0.0021187506056954647,0.002630776348264483,-0.0014925412072860208,0.019523776731677402,0.024241970676692228,-0.0008215360523883601,0.004672746288889242,0.005801980839654028,0.015548780487804817,0.0012753963819117156,0.0015836137708591187,0.015243902439024359,0.004311626714552097,0.005353591665152926,0.024333527311682663,0.0019336976272301646,0.0024010027271437425
MOSI,full_ensemble,5,0.798170731707317,0.0013634560838413426,0.0016929543324376913,0.7920995755343565,0.000957326714376294,0.0011886781157597443,0.4513502955436707,0.007066927004516264,0.008774748839441831,0.2886811147260402,0.0056530178840600255,0.007019148787839367,0.052264640716517784,0.009578848500435921,0.011893711327239419,0.0,0.0,0.0,0.0,0.0,0.0,0.0,0.0,0.0,0.0,0.0,0.0,0.0,0.0,0.0,0.0,0.0,0.0,0.0,0.0,0.0
MOSI,logit_stacking,5,0.811280487804878,0.0076523782914702096,0.009501682625154608,0.8040677949765099,0.0071437852505968616,0.008870180956565195,0.44273740811283185,0.011795178396028625,0.014645648366739593,0.2815950590461569,0.00782111042170816,0.009711191236611301,0.02945304729157338,0.009133232694848049,0.011340406224410389,0.01310975609756094,0.008460022515555827,0.010504505381558935,0.00861288743083876,0.01599535922410073,0.01986086168690241,0.06480975165185689,0.041875451330670714,0.051995240325827835,0.018755848186356637,0.035532655399098195,0.044119618969640916,0.02164634146341458,0.003945786312666089,0.004899340809042673,0.034756097560975564,0.006765957628406162,0.008401046000564068,0.05357844728028449,0.013124997635863283,0.01629683704096099
MOSI,posterior_ensemble,5,0.798170731707317,0.0027691923970404155,0.0034384065035046743,0.793330499941502,0.002864620476412922,0.0035568961140792473,0.45749402046203613,0.004221649784787031,0.005241870550794735,0.2943290491583239,0.0033214276148699775,0.004124097092023857,0.03933271742085126,0.004896165817182241,0.006079392824431113,4.002874420816482e-17,0.0028518730082117993,0.003541068041745666,-0.006143724918365461,0.004015955750929133,0.004986467674308077,-2.2958158755540143e-05,0.014081805937886202,0.01748487146276532,-0.013708802311709501,0.009003008504543138,0.011178711535613544,0.027134146341463376,0.003639431825095542,0.004518951471138162,0.027134146341463383,0.005432478561343141,0.00674531305063357,0.05223529934883116,0.004290693758673068,0.005327599967461948
MOSI,simplex_convex,5,0.8048780487804879,0.0071500240241210945,0.008877927417043182,0.7982817079364359,0.006390860259838,0.007935301102192012,0.44363865018026827,0.0066236390810003815,0.008224334183973656,0.2825797651071043,0.0053383074359800685,0.006628384154599909,0.04333071710456136,0.007034505804263954,0.008734492602309983,0.006707317073170699,0.00719860911775459,0.008938253778657252,0.007711645363402341,0.007578776194951696,0.00941029355171525,0.03320802005012532,0.03572527641641207,0.04435878955213694,0.01696525657763988,0.01653333633905161,0.020528848502394444,0.0195121951219512,0.007018819776354473,0.00871501582617996,0.02621951219512192,0.008582736744060503,0.010656875221160541,0.034604379169878755,0.004956664206972261,0.006154511496982679
MOSI,simplex_safe_fallback,5,0.8054878048780487,0.006431409484673483,0.007985649614825301,0.7988303799248554,0.005936121029192187,0.007370667770928228,0.44324926474580384,0.005832305422642334,0.007241763669823588,0.2822725183934116,0.004717680226755215,0.005857773692599731,0.04455840801068418,0.0057851889387090785,0.00718326082800172,0.00731707317073166,0.0065919964361096225,0.008185044651004853,0.00810103079786676,0.006913187924145795,0.008583856558228863,0.0362155388471178,0.03273891965720962,0.040650737878442776,0.01782755448968712,0.015042947393127778,0.018678286204919965,0.01798780487804876,0.006503271038933396,0.008074877519604803,0.02530487804878046,0.009056982181410317,0.011245728707030205,0.03279804225212668,0.003713603758411723,0.0046110480904140334
