dataset,stage,variant,n_seeds,ndcg,pairwise_accuracy,top2_recovery,candidate_recovery,candidate_oracle_nll
MOSI,control_in_sample,in_sample_hard,5,0.8654157413303997,0.707417560251376,0.697560975609756,0.7676829268292683,0.395089852809906
MOSI,A1,oof_multi_hard,5,0.8528937482403064,0.7187944516391906,0.524390243902439,0.6582317073170733,0.41545682549476626
MOSI,A2,oof_soft_full,5,0.8412920782553002,0.7087702851789736,0.4432926829268292,0.5762195121951219,0.4149631917476654
MOSEI,control_in_sample,in_sample_hard,5,0.8856586950417322,0.7959579577032829,0.4570170610897083,0.4886075949367088,0.33890315890312195
MOSEI,A1,oof_multi_hard,5,0.8856586950417322,0.7959579577032829,0.4570170610897083,0.4886075949367088,0.33890315890312195
MOSEI,A2,oof_soft_full,5,0.8883410070494261,0.7900256010504864,0.5131535498073747,0.5998899284534949,0.334400475025177
CREMA-D,control_in_sample,in_sample_hard,5,0.8552761948023224,0.7365045537900003,0.8127922601451223,0.8125235151840903,0.8722279087425848
CREMA-D,A1,oof_multi_hard,5,0.8490587189724002,0.7214487639704238,0.8122547702230584,0.8107766729373823,0.8680494478907967
CREMA-D,A2,oof_soft_full,5,0.8474729734381231,0.7224501846308479,0.8114754098360656,0.8092717011556033,0.8676798830507135
AV-MNIST,control_in_sample,in_sample_hard,5,0.9953231268631519,0.9871344331863365,0.993888888888889,0.9938333333333335,0.0300190100446343
AV-MNIST,A1,oof_multi_hard,5,0.9951498561307354,0.9851510580321708,0.9938333333333332,0.9935555555555554,0.03003837876021858
AV-MNIST,A2,oof_soft_full,5,0.9949063253929952,0.9802706978759506,0.9935555555555556,0.9936666666666666,0.029593650996684977
MOSI,A3,analytic_only,5,0.8439548877375422,0.7254941956782341,0.3628048780487804,0.39786585365853655,0.426692795753479
MOSI,A4,listwise_pairwise_unanchored,5,0.8476225312306207,0.7177050144603232,0.4338414634146341,0.5463414634146341,0.4244479835033417
MOSI,A5,listwise_pairwise_anchored,5,0.8476225312306207,0.7177050144603232,0.4338414634146341,0.5582317073170732,0.4214914083480835
MOSEI,A3,analytic_only,5,0.8856590991210147,0.7959609648151024,0.4570720968629609,0.4886075949367088,0.33890315890312195
MOSEI,A4,listwise_pairwise_unanchored,5,0.8929447728658954,0.7882126531794466,0.5735828288387452,0.6656576774903687,0.33361391425132747
MOSEI,A5,listwise_pairwise_anchored,5,0.8929447728658954,0.7882126531794466,0.5735828288387452,0.6712162905888828,0.33357924222946167
CREMA-D,A3,analytic_only,5,0.8393695771905495,0.715852779236113,0.8022037086804621,0.8022037086804621,0.874473764939002
CREMA-D,A4,listwise_pairwise_unanchored,5,0.849226055132473,0.7260012678032213,0.8108035474334855,0.8108035474334855,0.8690352438727043
CREMA-D,A5,listwise_pairwise_anchored,5,0.849226055132473,0.7260012678032213,0.8108035474334855,0.8095404461166353,0.8695688299564417
AV-MNIST,A3,analytic_only,5,0.995243911246092,0.9878309965227186,0.9937222222222223,0.9937222222222223,0.02999899443238968
AV-MNIST,A4,listwise_pairwise_unanchored,5,0.995114216535424,0.9862848221794701,0.9935,0.9935,0.030053943768143597
AV-MNIST,A5,listwise_pairwise_anchored,5,0.995114216535424,0.9862848221794701,0.9935,0.9935555555555554,0.030053943768143597
