dataset,stage,variant,train_seed,accuracy,macro_f1,nll,brier,ece,accuracy_gain,nll_gain,negative_flip_rate,correction_rate,clipped_harm
MOSI,A0,full_coalition,11,0.7713414634146342,0.7702115734902619,0.4843716025352478,0.3154360657133892,0.0366393766570382,0.0,0.0,0.0,0.0,0.0
MOSI,A0,full_coalition,22,0.7835365853658537,0.7762984736270808,0.455562651157379,0.2952313149693906,0.0453338435873753,0.0,0.0,0.0,0.0,0.0
MOSI,A0,full_coalition,33,0.7728658536585366,0.7686067019400353,0.466534912586212,0.3015010910018489,0.038253350228798,0.0,0.0,0.0,0.0,0.0
MOSI,A0,full_coalition,44,0.7667682926829268,0.7647340107591154,0.4792282283306122,0.3154959841045333,0.0196703209927896,0.0,0.0,0.0,0.0,0.0
MOSI,A0,full_coalition,55,0.7987804878048781,0.7900189145933363,0.4431804120540619,0.2817417798809198,0.0401765288012783,0.0,0.0,0.0,0.0,0.0
MOSI,A3,analytic_hard,11,0.7804878048780488,0.77920511597902,0.4647558331489563,0.300158466763838,0.0555315396589476,0.0091463414634146,0.0196157693862915,0.0411585365853658,0.0503048780487804,0.0277167297899723
MOSI,A3,analytic_hard,22,0.7698170731707317,0.7660722593382406,0.465139329433441,0.302859244990931,0.0549956687339922,-0.013719512195122,-0.009576678276062,0.0503048780487804,0.0365853658536585,0.0420977473258972
MOSI,A3,analytic_hard,33,0.7759146341463414,0.7720881754433233,0.4603246748447418,0.2974021042418424,0.0384657163082099,0.0030487804878048,0.0062102377414702,0.0320121951219512,0.0350609756097561,0.0241089928895235
MOSI,A3,analytic_hard,44,0.7591463414634146,0.7568318318318319,0.469316393136978,0.3076011170864289,0.0391216656965453,-0.0076219512195121,0.009911835193634,0.0564024390243902,0.048780487804878,0.0296952202916145
MOSI,A3,analytic_hard,55,0.8033536585365854,0.7959446457894774,0.4453712105751036,0.2846400451095011,0.0354846751362812,0.0045731707317072,-0.0021907985210418,0.0228658536585365,0.0274390243902438,0.0319846384227275
MOSI,A4,listwise_hard,11,0.7759146341463414,0.7747584244861921,0.465786039829254,0.3013101985257197,0.0560907431673712,0.0045731707317072,0.0185855627059936,0.0442073170731707,0.048780487804878,0.032931063324213
MOSI,A4,listwise_hard,22,0.7713414634146342,0.767342885515676,0.4655923545360565,0.3031363356367182,0.054211354110299,-0.0121951219512195,-0.0100297033786773,0.048780487804878,0.0365853658536585,0.0422470606863498
MOSI,A4,listwise_hard,33,0.7713414634146342,0.7682306387789712,0.4616188406944275,0.2985794587732195,0.0450496366474686,-0.0015243902439023,0.0049160718917846,0.0304878048780487,0.0289634146341463,0.0269711595028638
MOSI,A4,listwise_hard,44,0.7667682926829268,0.7638438896300531,0.4688133597373961,0.3070464497317328,0.0252190060550119,0.0,0.0104148685932159,0.0411585365853658,0.0411585365853658,0.0215181801468133
MOSI,A4,listwise_hard,55,0.7972560975609756,0.7893613579683589,0.4485067129135132,0.2867147868972719,0.0239497359569479,-0.0015243902439024,-0.0053263008594512,0.0152439024390243,0.0137195121951219,0.0219841487705707
MOSI,A6,anchored_harm_oracle,11,0.7850609756097561,0.7826564060388884,0.4654690027236937,0.2998690140993207,0.0285421039273098,0.0137195121951219,0.0189025998115539,0.0381097560975609,0.0518292682926829,0.0496275536715984
MOSI,A6,anchored_harm_oracle,22,0.788109756097561,0.7827540282135769,0.4604390859603882,0.2976659568152933,0.0405862593069309,0.0045731707317072,-0.004876434803009,0.0259146341463414,0.0304878048780487,0.0427024066448211
MOSI,A6,anchored_harm_oracle,33,0.7926829268292683,0.7885235332043843,0.461728036403656,0.2978363542964536,0.035429211833128,0.0198170731707317,0.0048068761825561,0.0045731707317073,0.024390243902439,0.015747033059597
MOSI,A6,anchored_harm_oracle,44,0.7759146341463414,0.7719027265609661,0.464949458837509,0.3028463450225329,0.030432645322346,0.0091463414634146,0.014278769493103,0.0320121951219512,0.0411585365853658,0.0308405011892318
MOSI,A6,anchored_harm_oracle,55,0.8064024390243902,0.7978408729686906,0.4433886706829071,0.2820304976037676,0.0357060739543379,0.0076219512195121,-0.0002082586288452,0.010670731707317,0.0182926829268292,0.0201775766909122
MOSI,A7,analytic_pi_g2,11,0.7926829268292683,0.7909339732293501,0.4668205082416534,0.3002085281280173,0.029137160629034,0.0213414634146341,0.0175510942935943,0.0121951219512195,0.0335365853658536,0.0174094624817371
MOSI,A7,analytic_pi_g2,22,0.7835365853658537,0.7762984736270808,0.4533359110355377,0.2932938045055768,0.0420731635900532,0.0,0.0022267401218414,0.0091463414634146,0.0091463414634146,0.0117731085047125
MOSI,A7,analytic_pi_g2,33,0.7774390243902439,0.7733605936695441,0.4645405411720276,0.2998876886293037,0.0261022984618094,0.0045731707317073,0.0019943714141845,0.0,0.0045731707317073,0.0041308468207716
MOSI,A7,analytic_pi_g2,44,0.7698170731707317,0.766768461377266,0.4698822200298309,0.3074897194148077,0.0207273287744056,0.0030487804878048,0.0093460083007812,0.0137195121951219,0.0167682926829268,0.0091292886063456
MOSI,A7,analytic_pi_g2,55,0.7987804878048781,0.7900189145933363,0.4430328011512756,0.2816187987969409,0.0394835103212333,0.0,0.0001476109027862,0.0,0.0,0.0005415445775724
MOSEI,A0,full_coalition,11,0.8384700055035773,0.8225331290632681,0.3673743903636932,0.2291006392871129,0.0194848422729909,0.0,0.0,0.0,0.0,0.0
MOSEI,A0,full_coalition,22,0.8379196477710512,0.8223127011088387,0.3663288950920105,0.2299003387017825,0.0104087162752629,0.0,0.0,0.0,0.0,0.0
MOSEI,A0,full_coalition,33,0.8362685745734728,0.8233990915249974,0.3716815412044525,0.2339579760904716,0.0194552281300445,0.0,0.0,0.0,0.0,0.0
MOSEI,A0,full_coalition,44,0.8403962575674189,0.8273768807608743,0.3627355992794037,0.2278481778713651,0.0223657871316144,0.0,0.0,0.0,0.0,0.0
MOSEI,A0,full_coalition,55,0.8384700055035773,0.8251502240132682,0.3699228763580322,0.2322010220421067,0.0086957606792975,0.0,0.0,0.0,0.0,0.0
MOSEI,A3,analytic_hard,11,0.8398458998348927,0.8227028190663199,0.3663292527198791,0.2284361908048749,0.0169728079797412,0.0013758943313153,0.001045137643814,0.0107319757842597,0.0121078701155751,0.0168689433485269
MOSEI,A3,analytic_hard,22,0.8392955421023666,0.8236630585933034,0.3602591753005981,0.2257606150425077,0.0106934305725349,0.0013758943313153,0.0060697197914123,0.0071546505228398,0.0085305448541552,0.0151584353297948
MOSEI,A3,analytic_hard,33,0.840946615299945,0.8241207511274784,0.3715810775756836,0.2323696274572422,0.0157333848465912,0.0046780407264721,0.0001004636287689,0.0220143093010456,0.0266923500275178,0.0266081858426332
MOSEI,A3,analytic_hard,44,0.844799119427628,0.828829075612735,0.3601277768611908,0.2256395955441764,0.0176950897334628,0.0044028618602091,0.0026078224182128,0.0170610897083104,0.0214639515685195,0.0179827436804771
MOSEI,A3,analytic_hard,55,0.840946615299945,0.8261554286266685,0.3650916516780853,0.2285841149641544,0.0099728830121805,0.0024766097963676,0.0048312246799468,0.0165107319757842,0.0189873417721519,0.0159103814512491
MOSEI,A4,listwise_hard,11,0.8354430379746836,0.8170587528155078,0.3764801621437073,0.2352746490249367,0.0203161053298001,-0.0030269675288937,-0.0091057717800139,0.0266923500275178,0.0236653824986241,0.0404958426952362
MOSEI,A4,listwise_hard,22,0.8379196477710512,0.8219284719220867,0.359888881444931,0.2253979101802067,0.0144273569017041,0.0,0.0064400136470794,0.0096312603192074,0.0096312603192074,0.0162272248417139
MOSEI,A4,listwise_hard,33,0.840946615299945,0.8241207511274784,0.3715810775756836,0.2323696274572422,0.0157333848465912,0.0046780407264721,0.0001004636287689,0.0220143093010456,0.0266923500275178,0.0266081858426332
MOSEI,A4,listwise_hard,44,0.837369290038525,0.8215173238875841,0.3670474588871002,0.2305246293213042,0.0273700666972156,-0.0030269675288938,-0.0043118596076965,0.0253164556962025,0.0222894881673087,0.0288178585469721
MOSEI,A4,listwise_hard,55,0.840946615299945,0.8265186346617824,0.3664447367191314,0.2292300656018228,0.0107467114990992,0.0024766097963676,0.0034781396389007,0.0181618051733625,0.0206384149697303,0.0177390705794096
MOSEI,A6,anchored_harm_oracle,11,0.8357182168409466,0.8173292287733127,0.3598490357398987,0.2259738084884703,0.0136263175166827,-0.0027517886626307,0.0075253546237945,0.0165107319757842,0.0137589433131535,0.0218055192381143
MOSEI,A6,anchored_harm_oracle,22,0.8403962575674189,0.8251837224756344,0.3573501110076904,0.2238726503380009,0.0110606064196792,0.0024766097963676,0.00897878408432,0.0093560814529444,0.011832691249312,0.0187734458595514
MOSEI,A6,anchored_harm_oracle,33,0.8439735828288387,0.8289495781472181,0.3587540984153747,0.2252042461967361,0.0093069191515675,0.0077050082553659,0.0129274427890777,0.019537699504678,0.027242707760044,0.0320834405720233
MOSEI,A6,anchored_harm_oracle,44,0.8398458998348927,0.8236268332906367,0.3578001260757446,0.2246702584811747,0.0173966880020494,-0.0005503577325262,0.0049354732036589,0.0187121629058888,0.0181618051733625,0.0201088525354862
MOSEI,A6,anchored_harm_oracle,55,0.8439735828288387,0.8300254696416307,0.3590247333049774,0.2248119292897099,0.0066781608397053,0.0055035773252614,0.0108981430530548,0.015685195376995,0.0211887727022564,0.02289473824203
MOSEI,A7,analytic_pi_g2,11,0.8398458998348927,0.823496835443038,0.3647908270359039,0.227534768209926,0.0155235976226787,0.0013758943313153,0.0025835633277893,0.004127682993946,0.0055035773252614,0.0059591443277895
MOSEI,A7,analytic_pi_g2,22,0.8398458998348927,0.8245809077255504,0.3625193238258362,0.227197109576608,0.0150550993248598,0.0019262520638414,0.0038095712661743,0.0030269675288937,0.0049532195927352,0.0068317805416882
MOSEI,A7,analytic_pi_g2,33,0.841221794166208,0.8279586884506118,0.3666103482246399,0.2298376225132937,0.0162534729983036,0.0049532195927352,0.0050711929798126,0.0052283984589983,0.0101816180517336,0.0114420298486948
MOSEI,A7,analytic_pi_g2,44,0.8414969730324711,0.8274752609897582,0.3605283200740814,0.2260031393541136,0.0195724621505349,0.0011007154650521,0.0022072792053222,0.0055035773252614,0.0066042927903137,0.0062530469149351
MOSEI,A7,analytic_pi_g2,55,0.8423225096312603,0.8284031182891487,0.3650220334529876,0.228446755490147,0.0095128447358662,0.003852504127683,0.0049008429050445,0.0068794716565767,0.0107319757842597,0.0086456406861543
CREMA-D,A0,full_coalition,11,0.6156947057242677,0.6135450734749938,1.0313087836592725,0.5163902780722165,0.0609975927092637,0.0,0.0,0.0,0.0,0.0
CREMA-D,A0,full_coalition,22,0.5929857565170653,0.58809599107891,1.082764188005411,0.5397602679619382,0.0608593945828729,0.0,0.0,0.0,0.0,0.0
CREMA-D,A0,full_coalition,33,0.6154259607632356,0.6133516933079581,1.0268968398998386,0.516576781010254,0.0600219906393605,0.0,0.0,0.0,0.0,0.0
CREMA-D,A0,full_coalition,44,0.6036011824778286,0.5997643878961805,1.0601779038436436,0.5313774060117172,0.0675108639688076,0.0,0.0,0.0,0.0,0.0
CREMA-D,A0,full_coalition,55,0.6183821553345875,0.6152879260033033,1.0415383973643204,0.5134276414119666,0.0606499081740325,0.0,0.0,0.0,0.0,0.0
CREMA-D,A3,analytic_hard,11,0.6225477022305832,0.6207752578896812,1.0312761750569814,0.5103997422570061,0.04886401607461,0.0068529965063155,3.2608602291071465e-05,0.025396398817522,0.0322493953238376,0.0514551642806626
CREMA-D,A3,analytic_hard,22,0.6073636119322762,0.6037412267166459,1.0654305295097155,0.5279356996483453,0.0460371838978175,0.0143778554152109,0.0173336584956951,0.026605751142166,0.040983606557377,0.0525277879577679
CREMA-D,A3,analytic_hard,33,0.6212039774254233,0.6189006388781777,1.034975615040457,0.5132424864024822,0.0526301592580415,0.0057780166621875,-0.0080787751406182,0.0276807309862939,0.0334587476484815,0.0599163227024552
CREMA-D,A3,analytic_hard,44,0.612201021230852,0.6082981289710261,1.0537937466446603,0.5212310600125684,0.0640633939911812,0.0085998387530233,0.006384157198983,0.027008868583714,0.0356087073367374,0.0527179302751328
CREMA-D,A3,analytic_hard,55,0.6285944638538027,0.6264850910762162,1.036549782358937,0.5059744235469484,0.0615761812573092,0.0102123085192152,0.0049886150053834,0.0331900026874495,0.0434023112066648,0.0657330078449028
CREMA-D,A4,listwise_hard,11,0.6245632894383231,0.622668531554386,1.027179752337103,0.5083451734880943,0.0529663869047382,0.0088685837140553,0.0041290313221696,0.0276807309862939,0.0365493147003493,0.052504618173864
CREMA-D,A4,listwise_hard,22,0.6084385917764042,0.6053473566879464,1.0655218157932278,0.5277817327385533,0.0454155084579677,0.0154528352593388,0.0172423722121831,0.0310400429991936,0.0464928782585325,0.057191473134793
CREMA-D,A4,listwise_hard,33,0.6209352324643913,0.6187522039252167,1.0330611791414652,0.5129211629347191,0.0590868225279625,0.0055092717011555,-0.0061643392416265,0.0294275732330018,0.0349368449341574,0.0584652563980015
CREMA-D,A4,listwise_hard,44,0.6147540983606558,0.6113486884747356,1.0534145645286666,0.5214998548827809,0.0678760169879366,0.0111529158828271,0.0067633393149771,0.0318462778822896,0.0429991937651168,0.0576226648100438
CREMA-D,A4,listwise_hard,55,0.6316850309056705,0.6296827560496012,1.0302177061639912,0.5022452023142073,0.0602258274297148,0.013302875571083,0.011320691200329,0.0326525127653856,0.0459553883364686,0.0576220791395457
CREMA-D,A6,anchored_harm_oracle,11,0.6334318731523784,0.6322753069265058,0.9787254878523785,0.494128745088771,0.0558354465816008,0.0177371674281106,0.0525832958068939,0.0386992743886051,0.0564364418167158,0.0923095656555366
CREMA-D,A6,anchored_harm_oracle,22,0.6224133297500671,0.6198813691427087,1.0046533624656866,0.5067233454171141,0.0537263090429175,0.0294275732330018,0.0781108255397244,0.0388336468691211,0.068261220102123,0.0918046599767102
CREMA-D,A6,anchored_harm_oracle,33,0.637597420048374,0.6356530519082367,0.9763786063034732,0.4914885515545989,0.0544830489442156,0.0221714592851383,0.0505182335963654,0.0419242139209889,0.0640956732061273,0.1024527902910382
CREMA-D,A6,anchored_harm_oracle,44,0.6300725611394786,0.6285055084266609,0.9944142833956784,0.5010975216660248,0.0557658555718462,0.02647137866165,0.065763620447965,0.0442085460897607,0.0706799247514108,0.0946257262500951
CREMA-D,A6,anchored_harm_oracle,55,0.6410911045417899,0.6395647220163674,0.9686740702341012,0.4866609089890238,0.0506279160141207,0.0227089492072023,0.0728643271302189,0.0451491534533726,0.067858102660575,0.1027449682591198
CREMA-D,A7,analytic_pi_g2,11,0.624966406879871,0.6228456710374469,1.0066638173867348,0.5052521511711098,0.0567474881188583,0.0092717011556033,0.0246449662725376,0.0085998387530233,0.0178715399086267,0.0178646288175927
CREMA-D,A7,analytic_pi_g2,22,0.6038699274388605,0.5999283449049336,1.0543256627395248,0.5275898270931507,0.0507255835026638,0.0108841709217952,0.0284385252658861,0.0073904864283794,0.0182746573501746,0.0134654439903407
CREMA-D,A7,analytic_pi_g2,33,0.6263101316850309,0.6244292990752849,1.004925272351662,0.5059636835607465,0.0584487595711302,0.0108841709217952,0.0219715675481767,0.0075248589088954,0.0184090298306906,0.0174850586819788
CREMA-D,A7,analytic_pi_g2,44,0.6159634506852997,0.6126225732550381,1.0323873806291293,0.5183268262882549,0.0615173421201447,0.0123622682074711,0.0277905232145144,0.0080623488309594,0.0204246170384305,0.0160403019795932
CREMA-D,A7,analytic_pi_g2,55,0.6277882289707069,0.6251407924382443,1.014375316170844,0.5025386316299035,0.055110471873266,0.0094060736361193,0.0271630811934764,0.0084654662725073,0.0178715399086267,0.0155241527380379
AV-MNIST,A0,full_coalition,11,0.9847222222222224,0.9847672724644112,0.0447639822959899,0.0214119501024444,0.0032878462307983,0.0,0.0,0.0,0.0,0.0
AV-MNIST,A0,full_coalition,22,0.9927777777777778,0.9927749826446896,0.0248730815947055,0.0115168746911774,0.0038401593019565,0.0,0.0,0.0,0.0,0.0
AV-MNIST,A0,full_coalition,33,0.9880555555555556,0.9880480569870128,0.044461753219366,0.0200696246498153,0.0038582668287886,0.0,0.0,0.0,0.0,0.0
AV-MNIST,A0,full_coalition,44,0.9855555555555556,0.985558133019828,0.049082301557064,0.0227870802210538,0.005516980919573,0.0,0.0,0.0,0.0,0.0
AV-MNIST,A0,full_coalition,55,0.9894444444444443,0.989451528043652,0.0428329929709434,0.017477321575896,0.0042047356565793,0.0,0.0,0.0,0.0,0.0
AV-MNIST,A3,analytic_hard,11,0.9863888888888888,0.9864038427439412,0.0483373887836933,0.0209126794475481,0.0032354628294705,0.0016666666666665,-0.0035734064877033,0.0008333333333333,0.0025,0.0034777238033711
AV-MNIST,A3,analytic_hard,22,0.9936111111111112,0.9936087320031656,0.023261422291398,0.0102347655383178,0.0031722114069594,0.0008333333333333,0.0016116593033075,0.0002777777777777,0.0011111111111111,0.0007771021919324
AV-MNIST,A3,analytic_hard,33,0.9880555555555556,0.9880574009978944,0.0454232096672058,0.0207344766019472,0.0042484671953651,0.0,-0.0009614564478397,0.0016666666666666,0.0016666666666666,0.0036405057180672
AV-MNIST,A3,analytic_hard,44,0.9869444444444444,0.986949326948545,0.0497906059026718,0.0216707907581422,0.005122867938545,0.0013888888888888,-0.0007083043456077,0.0008333333333333,0.0022222222222222,0.0020687584765255
AV-MNIST,A3,analytic_hard,55,0.9894444444444443,0.9894510627981096,0.0389569513499736,0.016337356211401,0.003782583557897,0.0,0.0038760416209697,0.0011111111111111,0.0011111111111111,0.0019735191017389
AV-MNIST,A4,listwise_hard,11,0.9863888888888888,0.9864038427439412,0.0475752800703048,0.0208369207334979,0.0033708255158529,0.0016666666666665,-0.0028112977743148,0.0008333333333333,0.0025,0.0031621502712368
AV-MNIST,A4,listwise_hard,22,0.9936111111111112,0.9936087320031656,0.023237120360136,0.0102314087122533,0.0031955132633448,0.0008333333333333,0.0016359612345695,0.0002777777777777,0.0011111111111111,0.0007694126106798
AV-MNIST,A4,listwise_hard,33,0.9877777777777778,0.9877784770052928,0.0446492135524749,0.0206134353240807,0.0037325788289308,-0.0002777777777778,-0.0001874603331089,0.0019444444444444,0.0016666666666666,0.0033422335982322
AV-MNIST,A4,listwise_hard,44,0.9869444444444444,0.986949326948545,0.0497906059026718,0.0216707907581422,0.005122867938545,0.0013888888888888,-0.0007083043456077,0.0008333333333333,0.0022222222222222,0.0020687584765255
AV-MNIST,A4,listwise_hard,55,0.9897222222222222,0.9897285064493342,0.0389454402029514,0.0163095042066775,0.0036969993842972,0.0002777777777777,0.0038875527679919,0.0008333333333333,0.0011111111111111,0.001902159769088
AV-MNIST,A6,anchored_harm_oracle,11,0.9872222222222222,0.987234220199634,0.0474535934627056,0.0199318175547462,0.0039316480772362,0.0024999999999999,-0.0026896111667156,0.0016666666666666,0.0041666666666666,0.010272922925651
AV-MNIST,A6,anchored_harm_oracle,22,0.9947222222222222,0.994722169244724,0.0238255076110363,0.009409075324464,0.0044474901590082,0.0019444444444444,0.0010475739836692,0.0002777777777777,0.0022222222222222,0.0063003054820001
AV-MNIST,A6,anchored_harm_oracle,33,0.9886111111111112,0.9886137426856342,0.0414712950587272,0.0185777078610364,0.0040442246447006,0.0005555555555555,0.0029904581606388,0.0019444444444444,0.0025,0.0090788630768656
AV-MNIST,A6,anchored_harm_oracle,44,0.9883333333333332,0.988338192143549,0.0504025109112262,0.0206352634649899,0.002980006635189,0.0027777777777777,-0.0013202093541622,0.0011111111111111,0.0038888888888888,0.0107111129909753
AV-MNIST,A6,anchored_harm_oracle,55,0.9897222222222222,0.9897281136397768,0.0384371429681777,0.0160183098641154,0.0056630544861157,0.0002777777777777,0.0043958500027656,0.0019444444444444,0.0022222222222222,0.0094837248325347
AV-MNIST,A7,analytic_pi_g2,11,0.9863888888888888,0.9864118640885764,0.0430544763803482,0.0201447122490855,0.0042898525049289,0.0016666666666665,0.0017095059156417,0.0011111111111111,0.0027777777777777,0.0041411882266402
AV-MNIST,A7,analytic_pi_g2,22,0.9933333333333332,0.9933305469614488,0.0218973439186811,0.0102794914349724,0.0034692927367157,0.0005555555555555,0.0029757376760244,0.0,0.0005555555555555,0.0013094189343973
AV-MNIST,A7,analytic_pi_g2,33,0.9894444444444443,0.9894413199205212,0.0394998267292976,0.0182380663222102,0.004063849416044,0.0013888888888888,0.0049619264900684,0.0005555555555555,0.0019444444444444,0.0035552270710468
AV-MNIST,A7,analytic_pi_g2,44,0.9869444444444444,0.98695325438811,0.0465418696403503,0.0213076716286325,0.0043711262693007,0.0013888888888888,0.0025404319167137,0.0,0.0013888888888888,0.0024740356020629
AV-MNIST,A7,analytic_pi_g2,55,0.99,0.99000822138164,0.0350842848420143,0.016192557748482,0.0025845155616601,0.0005555555555555,0.0077487081289291,0.0011111111111111,0.0016666666666666,0.0039925877936184
