dataset,method,corruption_type,accuracy_auc,macro_f1_auc,nll_auc,mean_nll_gain_vs_full,mean_accuracy_gain_vs_full,worst_accuracy,worst_nll
AV-MNIST,A7_equal_ensemble,gaussian,0.9891493055555555,0.9891508186773493,0.03619020277013376,0.0007940918828050298,0.0002546296296296324,0.9743055555555555,0.0883050014575322
AV-MNIST,A7_equal_ensemble,mask,0.9901003086419753,0.9901051094035135,0.03354524914175267,-0.0010589521067837979,-0.00029320987654320635,0.9814351851851852,0.06392734125256536
AV-MNIST,A8_safe_fallback,gaussian,0.9892245370370369,0.9892232086514336,0.03563686507850024,0.0012332813806588717,0.0002314814814814159,0.9735185185185184,0.08847584400021175
AV-MNIST,A8_safe_fallback,mask,0.9903780864197529,0.9903803807445699,0.03217882945952598,0.0007772649191684402,6.172839506165169e-05,0.9818981481481481,0.060366214182654185
AV-MNIST,confidence_shrink_ensemble,gaussian,0.9889930555555556,0.98899406221019,0.03597248827412877,0.0010388105390076304,6.94444444444553e-05,0.9735185185185186,0.0881354707750568
AV-MNIST,confidence_shrink_ensemble,mask,0.99008487654321,0.9900893458924263,0.03299465395779623,-0.00022943855655839043,-0.00016975308641979195,0.981712962962963,0.06230033365405703
AV-MNIST,entropy_shrink_ensemble,gaussian,0.9889930555555556,0.9889941518895067,0.03597978510272994,0.0010233608384927146,8.101851851849418e-05,0.9736111111111111,0.08819553628563875
AV-MNIST,entropy_shrink_ensemble,mask,0.99008487654321,0.9900896330269107,0.032980119395587135,-0.00020846119150520065,-0.00016975308641979195,0.981712962962963,0.06225651937226449
AV-MNIST,full_ensemble,gaussian,0.9889351851851851,0.9889354832197751,0.036531446695638146,0.0,0.0,0.9734259259259259,0.09163530419270194
AV-MNIST,full_ensemble,mask,0.9901929012345679,0.99019747038364,0.03280697556005578,0.0,0.0,0.9820833333333334,0.06171078917880847
AV-MNIST,posterior_ensemble,gaussian,0.9874594907407408,0.9874615785475457,0.04333743553919093,-0.00857073006530603,-0.0017939814814814936,0.9700462962962964,0.10962966581185654
AV-MNIST,posterior_ensemble,mask,0.9883564814814814,0.9883625353755148,0.04195134631461564,-0.012636251281946906,-0.002530864197530939,0.9770833333333333,0.0865385041882594
AV-MNIST,raw_mixer_ensemble,gaussian,0.9876851851851851,0.9876868317234764,0.042277891654521185,-0.006428136257454757,-0.0014236111111111116,0.9712037037037037,0.10191609462102248
AV-MNIST,raw_mixer_ensemble,mask,0.9887268518518518,0.9887324545024614,0.04062454474882943,-0.010025900736865078,-0.0019598765432099117,0.978287037037037,0.07978803850710388
CREMA-D,A7_equal_ensemble,gaussian,0.6265228881125146,0.624885331764186,0.9901348272586963,0.008407529688784887,0.00411515721580219,0.5762339872794051,1.121839891886568
CREMA-D,A7_equal_ensemble,mask,0.619516856281167,0.6173355542811583,1.0098030532827416,0.0026948314904633452,0.0011869569112246496,0.5792349726775956,1.1170567057871277
CREMA-D,A8_safe_fallback,gaussian,0.6217778598942936,0.6196931339557712,1.0028978621585525,-0.007772923578019231,-0.0015340858192242346,0.5663128191346412,1.1551714475444606
CREMA-D,A8_safe_fallback,mask,0.6170981516318792,0.6143710989091855,1.013288066030211,0.0005909505447998509,-0.0007539789184508224,0.5794141359849503,1.1147621236986018
CREMA-D,confidence_shrink_ensemble,gaussian,0.6248880229329034,0.6231064033792488,0.991879958687355,0.006530070987955883,0.0022283436352235064,0.5734121651885694,1.124396399999673
CREMA-D,confidence_shrink_ensemble,mask,0.6188487264474902,0.6165328529952727,1.0111772539626238,0.001732670533586204,0.0008435605721281991,0.5803771387619816,1.1160823573848417
CREMA-D,entropy_shrink_ensemble,gaussian,0.6251259742004838,0.6233178589174118,0.9911227898998766,0.0074518101255995894,0.0026034668099973735,0.5746439129266326,1.1226400083659596
CREMA-D,entropy_shrink_ensemble,mask,0.6188524590163934,0.6165087830209875,1.011111728996755,0.001669544122692453,0.0008137000209023822,0.5803099525217235,1.1164144368130258
CREMA-D,full_ensemble,gaussian,0.6229480202454537,0.621106560973051,0.9974710171564868,0.0,0.0,0.5696273403207024,1.1356823225661246
CREMA-D,full_ensemble,mask,0.6176281764161367,0.6152228220450354,1.013609113899813,0.0,0.0,0.5811609782316581,1.115661043379081
CREMA-D,posterior_ensemble,gaussian,0.6195131237122637,0.6177887684568417,1.0181878872014183,-0.014595033530678814,-0.0013045328316760585,0.5794141359849503,1.119669742100685
CREMA-D,posterior_ensemble,mask,0.602567260891636,0.5995285546039375,1.0580527287799413,-0.053382672883627746,-0.02070082713726888,0.5400653946071845,1.20225750304866
CREMA-D,raw_mixer_ensemble,gaussian,0.6291039595090925,0.6276871597970025,0.9926284849480186,0.009863024336721177,0.00769282450954048,0.5862223416644271,1.1007617078277678
CREMA-D,raw_mixer_ensemble,mask,0.6141344919227208,0.6117931817967079,1.029723430522886,-0.02300007274982448,-0.008360954343217153,0.5562572785093614,1.1622189024272576
MOSEI,A7_equal_ensemble,gaussian,0.83810310034856,0.8237194370712786,0.36378479293651045,6.564623779721501e-05,-0.0003133981532440766,0.8197884180272732,0.40238509244389004
MOSEI,A7_equal_ensemble,mask,0.8354685174993375,0.8184774818164622,0.3672092888090346,-0.00020455431055142284,-0.0009478383171283392,0.8192074848651624,0.39473578664991593
MOSEI,A8_safe_fallback,gaussian,0.8398879410505717,0.825415970100907,0.3642985879346202,-0.0005754892798857103,0.001223017183391406,0.820827982633156,0.4037914793969952
MOSEI,A8_safe_fallback,mask,0.836538657534805,0.8191879596023391,0.3674826383184274,-0.0004991925865672578,-0.0005299741128029037,0.8183207974072036,0.39525118204617343
MOSEI,confidence_shrink_ensemble,gaussian,0.838064881061579,0.8231234477313398,0.36264553656509596,0.0014459359769934538,-0.0001758087201125802,0.8209197089219104,0.3998180144496948
MOSEI,confidence_shrink_ensemble,mask,0.8343474184145621,0.8162466002101739,0.3673003377900267,-0.0006469602651752263,-0.0025581442752603913,0.8159970647587599,0.3962051174397647
MOSEI,entropy_shrink_ensemble,gaussian,0.8389630343056321,0.8252309275445489,0.36343776351875734,0.0005488147338231358,0.0003439735828288937,0.8198189934568582,0.40114982922871906
MOSEI,entropy_shrink_ensemble,mask,0.8366813428728674,0.8207608107586966,0.3669547499329955,0.00018932642760101834,0.00020383619723196578,0.8204916529077234,0.3937535848882463
MOSEI,full_ensemble,gaussian,0.8386840335106709,0.8249867722084133,0.36395880538556313,0.0,0.0,0.8190240322876536,0.4017935064103868
MOSEI,full_ensemble,mask,0.8364061640066042,0.8205792416953199,0.36721783269334723,0.0,0.0,0.8206445300556474,0.3937325411372714
MOSEI,posterior_ensemble,gaussian,0.8366507674432826,0.8209241578349008,0.364688444054789,-0.0009335337413681893,-0.0014141136182963254,0.8192992111539167,0.40401347147093875
MOSEI,posterior_ensemble,mask,0.8314223689842842,0.8115260560223856,0.36968232415340563,-0.003519819842444557,-0.005850098860555615,0.8107686662997615,0.4006533159150018
MOSEI,raw_mixer_ensemble,gaussian,0.8374915917568642,0.8216458967303226,0.3632091138925817,0.000880710780620575,-0.0006879471656576763,0.8200330214639515,0.40044920643170673
MOSEI,raw_mixer_ensemble,mask,0.8318810004280561,0.8116953516109515,0.3686836538491426,-0.0024345991788087087,-0.005687029902770073,0.8106463645814225,0.39924906359778506
MOSI,A7_equal_ensemble,gaussian,0.793995596205962,0.7882895317697938,0.45062809685866034,0.0018316664629512008,-0.002582994579945763,0.7767615176151761,0.4776231348514557
MOSI,A7_equal_ensemble,mask,0.7928805329719963,0.787849134860696,0.46178217508174746,0.002919248960636315,-0.002766485998193328,0.7765921409214093,0.4916891356309255
MOSI,A8_safe_fallback,gaussian,0.7957317073170732,0.7897700196084688,0.4504915920210273,0.001926926738856305,-0.0005504742547425279,0.7791327913279132,0.47788347063809405
MOSI,A8_safe_fallback,mask,0.7935015808491418,0.7872248154291052,0.4600159226071296,0.005399761651449657,-0.0017502258355917382,0.7789634146341463,0.48733395362656745
MOSI,confidence_shrink_ensemble,gaussian,0.7934874661246614,0.7878579197179693,0.4537291283999148,-0.0011121202474868586,-0.003091124661246586,0.7767615176151761,0.47973494693884416
MOSI,confidence_shrink_ensemble,mask,0.7927676151761518,0.7877913200213675,0.4648628520667475,-3.1225802282523286e-05,-0.0030487804878048808,0.7755758807588077,0.49427769303235775
MOSI,entropy_shrink_ensemble,gaussian,0.7969596883468835,0.7910535204900477,0.4521886818110943,0.0004354235198762574,-0.00025406504065042523,0.7777777777777777,0.47822087340884734
MOSI,entropy_shrink_ensemble,mask,0.7961833785004517,0.7909982871595136,0.4639608319158907,0.0006476916648723482,-0.0001129177958446211,0.7787940379403794,0.4941590130329132
MOSI,full_ensemble,gaussian,0.7971290650406504,0.7911727403339571,0.4526287983689043,0.0,0.0,0.7784552845528455,0.4786776900291443
MOSI,full_ensemble,mask,0.7962680668473352,0.7910639360327438,0.4645779160437761,0.0,0.0,0.7789634146341463,0.4948370191786024
MOSI,posterior_ensemble,gaussian,0.7902481368563686,0.7852714107674142,0.46777685069375563,-0.015566286113527117,-0.008595867208672031,0.7601626016260162,0.4962215953403049
MOSI,posterior_ensemble,mask,0.7897188346883469,0.7849736224747681,0.4737311805839891,-0.0073587320469043664,-0.00762195121951222,0.7679539295392953,0.4982678592205047
MOSI,raw_mixer_ensemble,gaussian,0.7937838753387534,0.7886560362222168,0.4568573745588461,-0.0044461447331640425,-0.004403794037940362,0.7669376693766937,0.48404234978887767
MOSI,raw_mixer_ensemble,mask,0.7907068654019873,0.7858709396971958,0.4660526856228157,-0.000687110203283788,-0.006492773261065936,0.7703252032520326,0.4937351743380229
