dataset,method,corruption_type,severity_index,corruption_level,n_modalities,accuracy,macro_f1,nll,brier,ece,negative_flip_rate,correction_rate,clipped_harm,mean_a7_alpha,contribution_auroc,full_accuracy,full_nll,accuracy_gain_vs_full,nll_gain_vs_full
MOSI,full_ensemble,gaussian,0,0.0,0,0.7972560975609756,0.7925309427277158,0.4504459798336029,0.2883164307780088,0.0438819685723723,0.0,0.0,0.0,0.2215873748064041,0.776293251113395,0.7972560975609756,0.4504459798336029,0.0,0.0
MOSI,full_ensemble,gaussian,1,0.25,3,0.7953929539295393,0.7906575982587428,0.4515742891364627,0.2894018883333282,0.04378043341281287,0.0,0.0,0.0,0.22097138232654992,0.7783945383067409,0.7953929539295393,0.4515742891364627,0.0,0.0
MOSI,full_ensemble,gaussian,2,0.5,3,0.7911585365853658,0.786400621581072,0.45375434226459915,0.29140388890552693,0.04312623591038589,0.0,0.0,0.0,0.22039408981800077,0.7745090565529824,0.7911585365853658,0.45375434226459915,0.0,0.0
MOSI,full_ensemble,gaussian,3,1.0,3,0.7845528455284553,0.7797304307306737,0.4612126913335588,0.29790623183994525,0.038793739244382175,0.0,0.0,0.0,0.21905816263622704,0.7742245923452558,0.7845528455284553,0.4612126913335588,0.0,0.0
MOSI,full_ensemble,gaussian,4,2.0,3,0.7711720867208672,0.7662853180159632,0.4854964315891266,0.31712617111076885,0.04631412980275423,0.0,0.0,0.0,0.2188410063584645,0.7514144663995448,0.7711720867208672,0.4854964315891266,0.0,0.0
MOSI,posterior_ensemble,gaussian,0,0.0,0,0.7942073170731707,0.7894111072800123,0.46027466654777516,0.2968688176405062,0.0316704494378915,0.024390243902439,0.0213414634146341,0.0585457682609558,0.2215873748064041,0.776293251113395,0.7972560975609756,0.4504459798336029,-0.0030487804878048808,-0.009828686714172252
MOSI,posterior_ensemble,gaussian,1,0.25,3,0.7952235772357724,0.7905795043174481,0.4616218242380354,0.2980127693666734,0.03483215721480564,0.024728997289972857,0.024559620596205922,0.058775999065902466,0.22097138232654992,0.7783945383067409,0.7953929539295393,0.4515742891364627,-0.00016937669376693165,-0.010047535101572691
MOSI,posterior_ensemble,gaussian,2,0.5,3,0.7923441734417344,0.7879060665574701,0.4641757607460022,0.30019275452409544,0.03173838824356793,0.026422764227642243,0.027608401084010813,0.05922621116042135,0.22039408981800077,0.7745090565529824,0.7911585365853658,0.45375434226459915,0.0011856368563685216,-0.010421418481403044
MOSI,posterior_ensemble,gaussian,3,1.0,3,0.782350948509485,0.7777976305657074,0.4724553392993079,0.3071703643690262,0.027809879543173877,0.030149051490514864,0.02794715447154468,0.06088077194160881,0.21905816263622704,0.7742245923452558,0.7845528455284553,0.4612126913335588,-0.0022018970189703335,-0.011242647965749086
MOSI,posterior_ensemble,gaussian,4,2.0,3,0.7594850948509485,0.7549805292688689,0.4977695246537526,0.32751065027154175,0.03678427984922877,0.042005420054200514,0.03031842818428179,0.06683837249875065,0.2188410063584645,0.7514144663995448,0.7711720867208672,0.4854964315891266,-0.011686991869918728,-0.01227309306462604
MOSI,raw_mixer_ensemble,gaussian,0,0.0,0,0.7972560975609756,0.7929130737151416,0.4509061574935913,0.2890791142337475,0.0383043231033697,0.0182926829268292,0.0182926829268292,0.0281384494155645,0.2215873748064041,0.776293251113395,0.7972560975609756,0.4504459798336029,0.0,-0.0004601776599884033
MOSI,raw_mixer_ensemble,gaussian,1,0.25,3,0.796239837398374,0.7916626194719366,0.45226974619759447,0.29036077973115343,0.040089474036926136,0.017445799457994536,0.018292682926829222,0.02841926138434141,0.22097138232654992,0.7783945383067409,0.7953929539295393,0.4515742891364627,0.0008468834688346583,-0.0006954570611317767
MOSI,raw_mixer_ensemble,gaussian,2,0.5,3,0.7903116531165312,0.7855690112577717,0.45468226737446255,0.29253880247742353,0.03608010591166772,0.020155826558265522,0.019308943089430847,0.028834036861856743,0.22039408981800077,0.7745090565529824,0.7911585365853658,0.45375434226459915,-0.0008468834688346583,-0.0009279251098633923
MOSI,raw_mixer_ensemble,gaussian,3,1.0,3,0.7847222222222223,0.7800146669097527,0.4626162714428372,0.2994389491065774,0.0331297576992815,0.021849593495934922,0.022018970189701854,0.03002196032967828,0.21905816263622704,0.7742245923452558,0.7845528455284553,0.4612126913335588,0.00016937669376704267,-0.0014035801092783795
MOSI,raw_mixer_ensemble,gaussian,4,2.0,3,0.7643970189701896,0.759938718498948,0.4875449074639215,0.31954069849771427,0.04256450973430942,0.030657181571815687,0.023882113821138178,0.03416503075924181,0.2188410063584645,0.7514144663995448,0.7711720867208672,0.4854964315891266,-0.006775067750677599,-0.0020484758747948972
MOSI,confidence_shrink_ensemble,gaussian,0,0.0,0,0.7957317073170732,0.7910688989665631,0.4488670759624275,0.2868819297174239,0.0500868363600304,0.0060975609756097,0.0045731707317073,0.0093636359827939,0.2215873748064041,0.776293251113395,0.7972560975609756,0.4504459798336029,-0.0015243902439023849,0.00157890387117543
MOSI,confidence_shrink_ensemble,gaussian,1,0.25,3,0.7930216802168021,0.7882303378235687,0.45008459433773007,0.28804021286961196,0.04908116643886096,0.0069444444444444,0.004573170731707267,0.009470385245545858,0.22097138232654992,0.7783945383067409,0.7953929539295393,0.4515742891364627,-0.002371273712737265,0.0014896947987326215
MOSI,confidence_shrink_ensemble,gaussian,2,0.5,3,0.7914972899728999,0.7867032801006802,0.4523513334759232,0.290104272852965,0.046109860811401816,0.007283197831978255,0.007621951219512156,0.009616112991279657,0.22039408981800077,0.7745090565529824,0.7911585365853658,0.45375434226459915,0.00033875338753408535,0.0014030087886759413
MOSI,confidence_shrink_ensemble,gaussian,3,1.0,3,0.7852303523035231,0.7803072195220198,0.4598850144623552,0.2966676464961804,0.03951538573840135,0.006775067750677444,0.007452574525745222,0.009996895681178978,0.21905816263622704,0.7742245923452558,0.7845528455284553,0.4612126913335588,0.0006775067750678376,0.0013276768712036091
MOSI,confidence_shrink_ensemble,gaussian,4,2.0,3,0.7713414634146342,0.766453991748712,0.4840307524237697,0.3159730109236713,0.04730931622693329,0.007791327913279078,0.007960704607046011,0.011321617668827532,0.2188410063584645,0.7514144663995448,0.7711720867208672,0.4854964315891266,0.00016937669376693165,0.0014656791653568924
MOSI,entropy_shrink_ensemble,gaussian,0,0.0,0,0.7957317073170732,0.7910688989665631,0.4495306313037871,0.2875601330210977,0.0414691218515721,0.0015243902439024,0.0,0.0032710076775401,0.2215873748064041,0.776293251113395,0.7972560975609756,0.4504459798336029,-0.0015243902439023849,0.0009153485298157849
MOSI,entropy_shrink_ensemble,gaussian,1,0.25,3,0.7948848238482386,0.7901486992916288,0.45069944858551025,0.28866569304491235,0.0445783490511944,0.0005081300813008,0.0,0.003299178607347878,0.22097138232654992,0.7783945383067409,0.7953929539295393,0.4515742891364627,-0.000508130081300795,0.0008748405509524382
MOSI,entropy_shrink_ensemble,gaussian,2,0.5,3,0.790650406504065,0.7858480143020542,0.45293496052424115,0.29070134944711845,0.043342643293746375,0.0011856368563685335,0.0006775067750677334,0.0033565347289873,0.22039408981800077,0.7745090565529824,0.7911585365853658,0.45375434226459915,-0.000508130081300795,0.000819381740358005
MOSI,entropy_shrink_ensemble,gaussian,3,1.0,3,0.7840447154471546,0.7792470493652138,0.4604190985361735,0.2972187463321854,0.040301607583515635,0.0006775067750677334,0.00016937669376693336,0.003467559685102711,0.21905816263622704,0.7742245923452558,0.7845528455284553,0.4612126913335588,-0.0005081300813006839,0.0007935927973852785
MOSI,entropy_shrink_ensemble,gaussian,4,2.0,3,0.7713414634146342,0.7664162514887204,0.48439270257949824,0.31635155003571086,0.0453843170105603,0.0006775067750677334,0.0008468834688346668,0.003925297176465333,0.2188410063584645,0.7514144663995448,0.7711720867208672,0.4854964315891266,0.00016937669376693165,0.0011037290096283514
MOSI,A7_equal_ensemble,gaussian,0,0.0,0,0.7957317073170732,0.7910688989665631,0.4466564953327179,0.2856499251644451,0.0427641501513923,0.0060975609756097,0.0045731707317073,0.0087964460253715,0.2215873748064041,0.776293251113395,0.7972560975609756,0.4504459798336029,-0.0015243902439023849,0.0037894845008850098
MOSI,A7_equal_ensemble,gaussian,1,0.25,3,0.7930216802168021,0.7882306785926062,0.44789389438099336,0.2868097460843916,0.042230278990536795,0.006944444444444389,0.004573170731707267,0.0089239089025391,0.22097138232654992,0.7783945383067409,0.7953929539295393,0.4515742891364627,-0.002371273712737265,0.0036803947554693295
MOSI,A7_equal_ensemble,gaussian,2,0.5,3,0.790481029810298,0.7857306535438879,0.450245416826672,0.288931783291365,0.04066728201863883,0.007452574525745201,0.006775067750677479,0.009102298464212101,0.22039408981800077,0.7745090565529824,0.7911585365853658,0.45375434226459915,-0.0006775067750678376,0.003508925437927135
MOSI,A7_equal_ensemble,gaussian,3,1.0,3,0.7845528455284553,0.7797279066953084,0.45803627702924943,0.2956527755383918,0.0373181656083763,0.006436314363143577,0.006436314363143579,0.009520318876537944,0.21905816263622704,0.7742245923452558,0.7845528455284553,0.4612126913335588,0.0,0.0031764143043093718
MOSI,A7_equal_ensemble,gaussian,4,2.0,3,0.7711720867208672,0.7663959711630346,0.4832107126712799,0.3155568909959195,0.046757954639713224,0.0074525745257452225,0.007452574525745211,0.011090408182806377,0.2188410063584645,0.7514144663995448,0.7711720867208672,0.4854964315891266,0.0,0.0022857189178466797
MOSI,A8_safe_fallback,gaussian,0,0.0,0,0.8033536585365854,0.7956963547211902,0.4417739696382389,0.2804963798285764,0.0484096015493381,0.027439024390243896,0.0335365853658536,0.0355688542251063,0.2215873748064041,0.776293251113395,0.7972560975609756,0.4504459798336029,0.0060975609756097615,0.00867201019536401
MOSI,A8_safe_fallback,gaussian,1,0.25,3,0.8009823848238482,0.7931181058053994,0.4430227574293044,0.2817198564127126,0.047918781522063365,0.028116531165311622,0.03370596205962057,0.03567791026122127,0.22097138232654992,0.7783945383067409,0.7953929539295393,0.4515742891364627,0.0055894308943088555,0.008551531707158277
MOSI,A8_safe_fallback,gaussian,2,0.5,3,0.7987804878048781,0.7909318583901418,0.44546885484532445,0.2839484836661686,0.04379627343302759,0.027269647696476922,0.034891598915989135,0.03607113916094604,0.22039408981800077,0.7745090565529824,0.7911585365853658,0.45375434226459915,0.007621951219512257,0.008285487419274706
MOSI,A8_safe_fallback,gaussian,3,1.0,3,0.7911585365853658,0.7831146759820817,0.45413378085475903,0.2914279779116145,0.0394061410850651,0.026592140921409182,0.033197831978319756,0.03818385146078933,0.21905816263622704,0.7742245923452558,0.7845528455284553,0.4612126913335588,0.0066056910569105565,0.007078910478799771
MOSI,A8_safe_fallback,gaussian,4,2.0,3,0.7742208672086721,0.7659236950165133,0.48510915307206476,0.3155415874777722,0.0500491520841411,0.03252032520325199,0.03556910569105687,0.04778960531741953,0.2188410063584645,0.7514144663995448,0.7711720867208672,0.4854964315891266,0.0030487804878048808,0.0003872785170618287
MOSI,full_ensemble,mask,0,0.0,0,0.7972560975609756,0.7925309427277158,0.4504459798336029,0.2883164307780088,0.0438819685723723,0.0,0.0,0.0,0.2215873748064041,0.776293251113395,0.7972560975609756,0.4504459798336029,0.0,0.0
MOSI,full_ensemble,mask,1,0.25,3,0.7898035230352303,0.7855498114948345,0.4601632124847836,0.29579484032208064,0.049250353339726306,0.0,0.0,0.0,0.22680409252643582,0.7791833340495193,0.7898035230352303,0.4601632124847836,0.0,0.0
MOSI,full_ensemble,mask,2,0.5,3,0.7818428184281844,0.7782348719844877,0.4759914808803134,0.30866584102080935,0.058354077896047685,0.0,0.0,0.0,0.23250117070145074,0.7555523742856166,0.7818428184281844,0.4759914808803134,0.0,0.0
MOSI,full_ensemble,mask,3,0.75,3,0.752879403794038,0.7492447913518728,0.503039515680737,0.33218117505823547,0.05050908714573229,0.0,0.0,0.0,0.2348328779141108,0.7404170521905865,0.752879403794038,0.503039515680737,0.0,0.0
MOSI,posterior_ensemble,mask,0,0.0,0,0.7942073170731707,0.7894111072800123,0.46027466654777516,0.2968688176405062,0.0316704494378915,0.024390243902439,0.0213414634146341,0.0585457682609558,0.2215873748064041,0.776293251113395,0.7972560975609756,0.4504459798336029,-0.0030487804878048808,-0.009828686714172252
MOSI,posterior_ensemble,mask,1,0.25,3,0.7901422764227641,0.7857610744058695,0.4671843449274699,0.3020481430433901,0.037023747001640815,0.027269647696476912,0.02760840108401079,0.05548086307115019,0.22680409252643582,0.7791833340495193,0.7898035230352303,0.4601632124847836,0.0003387533875338633,-0.0070211324426863175
MOSI,posterior_ensemble,mask,2,0.5,3,0.7784552845528455,0.7745192261971349,0.47878143191337585,0.3115389293357157,0.03993148140629452,0.03285907859078587,0.029471544715447117,0.053115855074591066,0.23250117070145074,0.7555523742856166,0.7818428184281844,0.4759914808803134,-0.003387533875338855,-0.0027899510330624544
MOSI,posterior_ensemble,mask,3,0.75,3,0.7586382113821138,0.7551761216456515,0.501311825381385,0.330724913073476,0.034698801695654334,0.03489159891598912,0.040650406504065005,0.05137329755557902,0.2348328779141108,0.7404170521905865,0.752879403794038,0.503039515680737,0.005758807588075898,0.001727690299352047
MOSI,raw_mixer_ensemble,mask,0,0.0,0,0.7972560975609756,0.7929130737151416,0.4509061574935913,0.2890791142337475,0.0383043231033697,0.0182926829268292,0.0182926829268292,0.0281384494155645,0.2215873748064041,0.776293251113395,0.7972560975609756,0.4504459798336029,0.0,-0.0004601776599884033
MOSI,raw_mixer_ensemble,mask,1,0.25,3,0.790481029810298,0.7861720847023633,0.4590932296382057,0.29520024650923016,0.0429155595782326,0.020663956639566355,0.0213414634146341,0.026432757576306625,0.22680409252643582,0.7791833340495193,0.7898035230352303,0.4601632124847836,0.0006775067750677266,0.0010699828465778882
MOSI,raw_mixer_ensemble,mask,2,0.5,3,0.7808265582655826,0.7768846495365954,0.4731894565953148,0.3066229832792607,0.051808631486766676,0.022865853658536547,0.0218495934959349,0.025370862334966604,0.23250117070145074,0.7555523742856166,0.7818428184281844,0.4759914808803134,-0.001016260162601812,0.0028020242849985944
MOSI,raw_mixer_ensemble,mask,3,0.75,3,0.7611788617886179,0.7576554664585359,0.4981980058881972,0.32807079892438523,0.046841944116079344,0.02151084010840103,0.029810298102980998,0.0244771844396988,0.2348328779141108,0.7404170521905865,0.752879403794038,0.503039515680737,0.008299457994579984,0.004841509792539833
MOSI,confidence_shrink_ensemble,mask,0,0.0,0,0.7957317073170732,0.7910688989665631,0.4488670759624275,0.2868819297174239,0.0500868363600304,0.0060975609756097,0.0045731707317073,0.0093636359827939,0.2215873748064041,0.776293251113395,0.7972560975609756,0.4504459798336029,-0.0015243902439023849,0.00157890387117543
MOSI,confidence_shrink_ensemble,mask,1,0.25,3,0.7899728997289973,0.7854672055277464,0.4582046806677211,0.2940106550982567,0.0532395532192906,0.007113821138211321,0.007283197831978277,0.008823726014616255,0.22680409252643582,0.7791833340495193,0.7898035230352303,0.4601632124847836,0.00016937669376704267,0.0019585318170625143
MOSI,confidence_shrink_ensemble,mask,2,0.5,3,0.7830284552845527,0.7792089427326537,0.4735207936844872,0.3064758437813801,0.05827706536194093,0.006266937669376634,0.007452574525745201,0.0084595522268886,0.23250117070145074,0.7555523742856166,0.7818428184281844,0.4759914808803134,0.0011856368563682995,0.0024706871958262155
MOSI,confidence_shrink_ensemble,mask,3,0.75,3,0.7562669376693766,0.7526257855464459,0.5000703702364045,0.3294934211049021,0.05137797586832039,0.007791327913279078,0.011178861788617834,0.008246281330637787,0.2348328779141108,0.7404170521905865,0.752879403794038,0.503039515680737,0.003387533875338633,0.002969145444332466
MOSI,entropy_shrink_ensemble,mask,0,0.0,0,0.7957317073170732,0.7910688989665631,0.4495306313037871,0.2875601330210977,0.0414691218515721,0.0015243902439024,0.0,0.0032710076775401,0.2215873748064041,0.776293251113395,0.7972560975609756,0.4504459798336029,-0.0015243902439023849,0.0009153485298157849
MOSI,entropy_shrink_ensemble,mask,1,0.25,3,0.7894647696476964,0.7852031610539839,0.45926938123173183,0.2950248470321363,0.04957822622443598,0.0005081300813008,0.00016937669376693336,0.002949514115850089,0.22680409252643582,0.7791833340495193,0.7898035230352303,0.4601632124847836,-0.0003387533875338633,0.0008938312530517578
MOSI,entropy_shrink_ensemble,mask,2,0.5,3,0.7816734417344172,0.7780490504860226,0.4749916195869446,0.3078369644539548,0.05788524534684528,0.0006775067750677445,0.0005081300813008,0.0026972261774870668,0.23250117070145074,0.7555523742856166,0.7818428184281844,0.4759914808803134,-0.0001693766937671537,0.00099986129336882
MOSI,entropy_shrink_ensemble,mask,3,0.75,3,0.7537262872628726,0.750096849940236,0.5020476314756604,0.33136962712653034,0.048562585388822556,0.0,0.0008468834688346666,0.002566523280822522,0.2348328779141108,0.7404170521905865,0.752879403794038,0.503039515680737,0.0008468834688346583,0.0009918842050765653
MOSI,A7_equal_ensemble,mask,0,0.0,0,0.7957317073170732,0.7910688989665631,0.4466564953327179,0.2856499251644451,0.0427641501513923,0.0060975609756097,0.0045731707317073,0.0087964460253715,0.2215873748064041,0.776293251113395,0.7972560975609756,0.4504459798336029,-0.0015243902439023849,0.0037894845008850098
MOSI,A7_equal_ensemble,mask,1,0.25,3,0.788279132791328,0.7838445005794932,0.4559656149811215,0.29268013926940434,0.04819941904325143,0.00745257452574519,0.005928184281842756,0.00838335355122879,0.22680409252643582,0.7791833340495193,0.7898035230352303,0.4601632124847836,-0.0015243902439022738,0.004197597503662109
MOSI,A7_equal_ensemble,mask,2,0.5,3,0.7806571815718156,0.7769070112430154,0.47146878970993883,0.3052190389610449,0.05365057594488623,0.007113821138211323,0.005928184281842756,0.00813488455282311,0.23250117070145074,0.7555523742856166,0.7818428184281844,0.4759914808803134,-0.0011856368563687436,0.004522691170374571
MOSI,A7_equal_ensemble,mask,3,0.75,3,0.7549119241192411,0.7512705468756057,0.4984573258293999,0.3285683563383914,0.04850078139928616,0.007283197831978267,0.009315718157181511,0.008061669663422588,0.2348328779141108,0.7404170521905865,0.752879403794038,0.503039515680737,0.00203252032520318,0.004582189851337126
MOSI,A8_safe_fallback,mask,0,0.0,0,0.8033536585365854,0.7956963547211902,0.4417739696382389,0.2804963798285764,0.0484096015493381,0.027439024390243896,0.0335365853658536,0.0355688542251063,0.2215873748064041,0.776293251113395,0.7972560975609756,0.4504459798336029,0.0060975609756097615,0.00867201019536401
MOSI,A8_safe_fallback,mask,1,0.25,3,0.8001355013550135,0.7924820153920944,0.44996554423743634,0.28671739459431955,0.052620848667890296,0.028285907859078543,0.038617886178861756,0.03562742547150982,0.22680409252643582,0.7791833340495193,0.7898035230352303,0.4601632124847836,0.010331978319783275,0.010197668247347247
MOSI,A8_safe_fallback,mask,2,0.5,3,0.7928523035230352,0.7854518887404777,0.4629612990652379,0.2970392443237069,0.059370777689544206,0.03201219512195118,0.043021680216802145,0.03585589359029365,0.23250117070145074,0.7555523742856166,0.7818428184281844,0.4759914808803134,0.01100948509485078,0.013030181815075481
MOSI,A8_safe_fallback,mask,3,0.75,3,0.7735433604336044,0.7669146568632957,0.48750267191646923,0.31767352418037037,0.0630148049930662,0.04115853658536581,0.06182249322493221,0.03655984928555158,0.2348328779141108,0.7404170521905865,0.752879403794038,0.503039515680737,0.02066395663956644,0.015536843764267783
MOSEI,full_ensemble,gaussian,0,0.0,0,0.8434232250963126,0.8294259122153227,0.3555651009082794,0.2229499376688748,0.0053901142088607,0.0,0.0,0.0,0.2297857105731964,0.8443770678935445,0.8434232250963126,0.3555651009082794,0.0,0.0
MOSEI,full_ensemble,gaussian,1,0.25,3,0.8426588393566931,0.8285893200287898,0.3565646939807468,0.22371788707383158,0.006722022138414288,0.0,0.0,0.0,0.23081916073958075,0.8410583768822786,0.8426588393566931,0.3565646939807468,0.0,0.0
MOSEI,full_ensemble,gaussian,2,0.5,3,0.8416804256099799,0.8275858377453721,0.3592541284031338,0.22572277943025695,0.008121688593886723,0.0,0.0,0.0,0.23079784545633522,0.8382829567769082,0.8416804256099799,0.3592541284031338,0.0,0.0
MOSEI,full_ensemble,gaussian,3,1.0,3,0.8358405185592858,0.8212439024230255,0.36925167838732403,0.23296163197807615,0.012811884990214012,0.0,0.0,0.0,0.23418345219559136,0.8352962592382606,0.8358405185592858,0.36925167838732403,0.0,0.0
MOSEI,full_ensemble,gaussian,4,2.0,3,0.8215923683727756,0.805671090535231,0.402704464064704,0.2556042756467844,0.02795042133561652,0.0,0.0,0.0,0.24557175570064116,0.8204254017924738,0.8215923683727756,0.402704464064704,0.0,0.0
MOSEI,posterior_ensemble,gaussian,0,0.0,0,0.8420473307649973,0.8268068607836416,0.3548387289047241,0.2226271634080293,0.0137269392109336,0.0123830489818381,0.0110071546505228,0.0277431141585111,0.2297857105731964,0.8443770678935445,0.8434232250963126,0.3555651009082794,-0.0013758943313153527,0.0007263720035552979
MOSEI,posterior_ensemble,gaussian,1,0.25,3,0.8414663976028862,0.8261380532202122,0.3559240467018551,0.22342572013056636,0.014520971935648101,0.01265822784810121,0.011465786094294578,0.02789101315041378,0.23081916073958075,0.8410583768822786,0.8426588393566931,0.3565646939807468,-0.0011924417538068388,0.0006406472788916817
MOSEI,posterior_ensemble,gaussian,2,0.5,3,0.8404268329970036,0.8249752792350172,0.35883392559157473,0.22551195535103494,0.015416484057542403,0.013208585580627345,0.011954992967651146,0.028428055759933197,0.23079784545633522,0.8382829567769082,0.8416804256099799,0.3592541284031338,-0.0012535926129763064,0.00042020281155907835
MOSEI,posterior_ensemble,gaussian,3,1.0,3,0.8353513116859291,0.8193322997468154,0.3697388238377041,0.23318557184324018,0.020480836935089345,0.01354491530606001,0.013055708432703421,0.030575993367367275,0.23418345219559136,0.8352962592382606,0.8358405185592858,0.36925167838732403,-0.000489206873356629,-0.0004871454503800887
MOSEI,posterior_ensemble,gaussian,4,2.0,3,0.8203693511893843,0.8024876665545415,0.4059770372178819,0.25707872216570765,0.035556591636710363,0.015929798813673287,0.014706781630281834,0.03779329897628885,0.24557175570064116,0.8204254017924738,0.8215923683727756,0.402704464064704,-0.0012230171833913506,-0.0032725731531779156
MOSEI,raw_mixer_ensemble,gaussian,0,0.0,0,0.8406714364336819,0.8252042073887249,0.3544448316097259,0.2223667822611304,0.0096714579934396,0.011832691249312,0.009080902586681299,0.0178341064602136,0.2297857105731964,0.8443770678935445,0.8434232250963126,0.3555651009082794,-0.0027517886626307053,0.0011202692985535223
MOSEI,raw_mixer_ensemble,gaussian,1,0.25,3,0.8399987769828167,0.8243255762949011,0.3554484744866689,0.2231210296232824,0.011237122664748689,0.012535926129762056,0.009875863755885722,0.017957160249352417,0.23081916073958075,0.8410583768822786,0.8426588393566931,0.3565646939807468,-0.002660062373876393,0.001116219494077919
MOSEI,raw_mixer_ensemble,gaussian,2,0.5,3,0.8399070506940621,0.824248204418514,0.35814035269949174,0.2250718839455721,0.011304054046372579,0.012321898122668568,0.010548523206751011,0.01831915995313058,0.23079784545633522,0.8382829567769082,0.8416804256099799,0.3592541284031338,-0.0017733749159177803,0.0011137757036420726
MOSEI,raw_mixer_ensemble,gaussian,3,1.0,3,0.834648076805479,0.8183585425883187,0.36855190992355347,0.23255132661665914,0.016592657380910845,0.013147434721457777,0.011954992967651144,0.019928114281760268,0.23418345219559136,0.8352962592382606,0.8358405185592858,0.36925167838732403,-0.0011924417538067278,0.000699768463770567
MOSEI,raw_mixer_ensemble,gaussian,4,2.0,3,0.8199107197456125,0.8017735207345186,0.40321684214803905,0.2558600321355072,0.030634512496652045,0.015715770806579803,0.014034122179416568,0.025340838771727273,0.24557175570064116,0.8204254017924738,0.8215923683727756,0.402704464064704,-0.0016816486271631348,-0.0005123780833350411
MOSEI,confidence_shrink_ensemble,gaussian,0,0.0,0,0.8423225096312603,0.827385530947647,0.3540355097903608,0.2219489183138231,0.0090225922621675,0.0063291139240506,0.0052283984589983,0.0124164591720922,0.2297857105731964,0.8443770678935445,0.8434232250963126,0.3555651009082794,-0.0011007154650523043,0.0015295911179186161
MOSEI,confidence_shrink_ensemble,gaussian,1,0.25,3,0.8415886993212255,0.8265257690697071,0.35504245639534276,0.22271449549819966,0.008744969673674266,0.006971197945331078,0.005901057909863578,0.012511016393518135,0.23081916073958075,0.8410583768822786,0.8426588393566931,0.3565646939807468,-0.0010701400354675705,0.0015222375854040404
MOSEI,confidence_shrink_ensemble,gaussian,2,0.5,3,0.8409771907295297,0.8258683289882364,0.35774642972218124,0.22469487227805296,0.009848039461332789,0.00718522595242459,0.006481991071974512,0.012780666362044578,0.23079784545633522,0.8382829567769082,0.8416804256099799,0.3592541284031338,-0.0007032348804502098,0.0015076986809525739
MOSEI,confidence_shrink_ensemble,gaussian,3,1.0,3,0.8351984345380052,0.8194818257483347,0.36798552737504836,0.23204986261635083,0.014555661548932333,0.007919036262459456,0.007276952241178933,0.013901326385524389,0.23418345219559136,0.8352962592382606,0.8358405185592858,0.36925167838732403,-0.0006420840212805201,0.0012661510122756736
MOSEI,confidence_shrink_ensemble,gaussian,4,2.0,3,0.8201247477527059,0.802863751320419,0.40212701192569017,0.25500953807353915,0.03026265544416883,0.00947838317128351,0.0080107625512138,0.0178384092127603,0.24557175570064116,0.8204254017924738,0.8215923683727756,0.402704464064704,-0.001467620620069665,0.0005774521390138343
MOSEI,entropy_shrink_ensemble,gaussian,0,0.0,0,0.8439735828288387,0.829967007223158,0.3548327684402466,0.2224881316451185,0.0079711258542622,0.0,0.0005503577325261,0.0036109003704041,0.2297857105731964,0.8443770678935445,0.8434232250963126,0.3555651009082794,0.0005503577325260967,0.0007323324680328369
MOSEI,entropy_shrink_ensemble,gaussian,1,0.25,3,0.8429034427933711,0.8287900170741122,0.3558363682693905,0.2232636223087323,0.008838003165625767,0.00024460343667825554,0.0004892068733565333,0.0036416212872911993,0.23081916073958075,0.8410583768822786,0.8426588393566931,0.3565646939807468,0.0002446034366780925,0.0007283257113562813
MOSEI,entropy_shrink_ensemble,gaussian,2,0.5,3,0.8415886993212255,0.8273902680720894,0.3585491511556837,0.22528655794096575,0.009757900486982055,0.0005503577325261111,0.0004586314437717445,0.003736974050601277,0.23079784545633522,0.8382829567769082,0.8416804256099799,0.3592541284031338,-9.172628875442346e-05,0.0007049772474501115
MOSEI,entropy_shrink_ensemble,gaussian,3,1.0,3,0.8359933957072098,0.8213387508720459,0.36861722336875075,0.23256907150955763,0.01371093139636477,0.00030575429584781113,0.00045863144377173326,0.004102871287614066,0.23418345219559136,0.8352962592382606,0.8358405185592858,0.36925167838732403,0.0001528771479240021,0.0006344550185732878
MOSEI,entropy_shrink_ensemble,gaussian,4,2.0,3,0.821531217513606,0.8054906977626436,0.40220360292328733,0.25524816189169847,0.027736636888198624,0.0007643857396195889,0.0007032348804500111,0.005476653420676744,0.24557175570064116,0.8204254017924738,0.8215923683727756,0.402704464064704,-6.115085916957863e-05,0.0005008611414166753
MOSEI,A7_equal_ensemble,gaussian,0,0.0,0,0.8414969730324711,0.8266960928992876,0.3549841046333313,0.2225166722482963,0.0105175810097729,0.0049532195927352,0.0030269675288937,0.0085770078003406,0.2297857105731964,0.8443770678935445,0.8434232250963126,0.3555651009082794,-0.0019262520638415603,0.0005809962749481201
MOSEI,A7_equal_ensemble,gaussian,1,0.25,3,0.8418638781874885,0.8272518072288434,0.3560202618439992,0.22329042496436657,0.01021081844120001,0.004219409282700389,0.0034244481134959675,0.008689114203055645,0.23081916073958075,0.8410583768822786,0.8426588393566931,0.3565646939807468,-0.0007949611692045222,0.0005444321367475968
MOSEI,A7_equal_ensemble,gaussian,2,0.5,3,0.8407020118632667,0.8259306028026784,0.3587525122695499,0.2253061020406748,0.011117202455039688,0.004708616156056967,0.0037302024093438003,0.008903542533516834,0.23079784545633522,0.8382829567769082,0.8416804256099799,0.3592541284031338,-0.000978413746713258,0.0005016161335839042
MOSEI,A7_equal_ensemble,gaussian,3,1.0,3,0.8357182168409466,0.8205523775138426,0.3691799077722761,0.23275328661102998,0.016441528389871257,0.004586314437717811,0.004464012719378667,0.009939879075520533,0.23418345219559136,0.8352962592382606,0.8358405185592858,0.36925167838732403,-0.00012230171833915726,7.177061504792803e-05
MOSEI,A7_equal_ensemble,gaussian,4,2.0,3,0.8205222283373081,0.8037813081508703,0.40465638703770107,0.2562439376154955,0.032667259973013806,0.005687029902770088,0.004616889867302579,0.013921558443042908,0.24557175570064116,0.8204254017924738,0.8215923683727756,0.402704464064704,-0.0010701400354674595,-0.0019519229729970666
MOSEI,A8_safe_fallback,gaussian,0,0.0,0,0.841221794166208,0.827205234298148,0.3563065745346431,0.22338883617817507,0.018002533541505,0.007980187121629,0.0057787561915244,0.0180659789933339,0.2297857105731964,0.8443770678935445,0.8434232250963126,0.3555651009082794,-0.0022014309301046087,-0.0007414736263636756
MOSEI,A8_safe_fallback,gaussian,1,0.25,3,0.8417110010395646,0.8275593891906219,0.3574028616259053,0.2241694027839888,0.016201098744084565,0.007246376811594145,0.00629853849446579,0.01822067786800449,0.23081916073958075,0.8410583768822786,0.8426588393566931,0.3565646939807468,-0.0009478383171284133,-0.000838167645158483
MOSEI,A8_safe_fallback,gaussian,2,0.5,3,0.8408243135816059,0.8265697546869308,0.3602503486246889,0.22621933211908518,0.016597675092982798,0.007643857396196367,0.006787745367822367,0.018638347085187256,0.23079784545633522,0.8382829567769082,0.8416804256099799,0.3592541284031338,-0.0008561120283739898,-0.0009962202215550997
MOSEI,A8_safe_fallback,gaussian,3,1.0,3,0.8347703785238183,0.8199413543377361,0.37101961656880184,0.23373658276928708,0.020109844288542088,0.007949611692044235,0.006879471656576733,0.02027931406300214,0.23418345219559136,0.8352962592382606,0.8358405185592858,0.36925167838732403,-0.0010701400354674595,-0.0017679381814778017
MOSEI,A8_safe_fallback,gaussian,4,2.0,3,0.8204610774781386,0.804125567996337,0.40805840252049874,0.2576202059453185,0.03510131754881358,0.009784137467131368,0.008652846572494299,0.026434262826375777,0.24557175570064116,0.8204254017924738,0.8215923683727756,0.402704464064704,-0.0011312908946370381,-0.005353938455794738
MOSEI,full_ensemble,mask,0,0.0,0,0.8434232250963126,0.8294259122153227,0.3555651009082794,0.2229499376688748,0.0053901142088607,0.0,0.0,0.0,0.2297857105731964,0.8443770678935445,0.8434232250963126,0.3555651009082794,0.0,0.0
MOSEI,full_ensemble,mask,1,0.25,3,0.8403351067082493,0.8253907898829853,0.36122307843632173,0.22682531560135458,0.01074310043919069,0.0,0.0,0.0,0.23638874126805196,0.8344789413539275,0.8403351067082493,0.36122307843632173,0.0,0.0
MOSEI,full_ensemble,mask,2,0.5,3,0.8328441264599769,0.814788930287054,0.37434370319048565,0.23593081989466455,0.019138323621400524,0.0,0.0,0.0,0.24969658752282461,0.8227926667676705,0.8328441264599769,0.37434370319048565,0.0,0.0
MOSEI,full_ensemble,mask,3,0.75,3,0.8125114657860942,0.7821460442796129,0.40278900331921047,0.25741855460328567,0.022185447186437487,0.0,0.0,0.0,0.27235433624850375,0.804567370353252,0.8125114657860942,0.40278900331921047,0.0,0.0
MOSEI,posterior_ensemble,mask,0,0.0,0,0.8420473307649973,0.8268068607836416,0.3548387289047241,0.2226271634080293,0.0137269392109336,0.0123830489818381,0.0110071546505228,0.0277431141585111,0.2297857105731964,0.8443770678935445,0.8434232250963126,0.3555651009082794,-0.0013758943313153527,0.0007263720035552979
MOSEI,posterior_ensemble,mask,1,0.25,3,0.8389592123769338,0.8221265803337737,0.360796140299903,0.22701931448517185,0.012616537351429787,0.013667217024399145,0.012291322693083778,0.028135082374016396,0.23638874126805196,0.8344789413539275,0.8403351067082493,0.36122307843632173,-0.0013758943313154637,0.000426938136418753
MOSEI,posterior_ensemble,mask,2,0.5,3,0.8300617623677612,0.8091226565109043,0.3752466903792488,0.23765090814912923,0.014860035333911567,0.015379441081147143,0.012597076988931635,0.02988935075700279,0.24969658752282461,0.8227926667676705,0.8328441264599769,0.37434370319048565,-0.002782364092215661,-0.000902987188763138
MOSEI,posterior_ensemble,mask,3,0.75,3,0.8068244358833242,0.7703332674452739,0.40509310364723206,0.26079365261599724,0.021703767906246774,0.01868158747630399,0.012994557573533868,0.03309445062445265,0.27235433624850375,0.804567370353252,0.8125114657860942,0.40278900331921047,-0.0056870299027700355,-0.0023041003280215855
MOSEI,raw_mixer_ensemble,mask,0,0.0,0,0.8406714364336819,0.8252042073887249,0.3544448316097259,0.2223667822611304,0.0096714579934396,0.011832691249312,0.009080902586681299,0.0178341064602136,0.2297857105731964,0.8443770678935445,0.8434232250963126,0.3555651009082794,-0.0027517886626307053,0.0011202692985535223
MOSEI,raw_mixer_ensemble,mask,1,0.25,3,0.8380419494893903,0.8209492104751382,0.36048158672120834,0.2266502225314846,0.01194021342136451,0.01330031186938171,0.011007154650522788,0.018129549506637737,0.23638874126805196,0.8344789413539275,0.8403351067082493,0.36122307843632173,-0.002293157218859032,0.000741491715113396
MOSEI,raw_mixer_ensemble,mask,2,0.5,3,0.8292362257689722,0.8078919184818861,0.3751417398452759,0.23724903408097162,0.017082088756712865,0.01485965877820579,0.011251758087201079,0.019571243474880814,0.24969658752282461,0.8227926667676705,0.8328441264599769,0.37434370319048565,-0.003607900691004695,-0.000798036654790224
MOSEI,raw_mixer_ensemble,mask,3,0.75,3,0.806977313031248,0.7701582154753387,0.4051063987943861,0.2603192378825504,0.02332268351955392,0.017733749159175655,0.012199596404329422,0.021691466992100034,0.27235433624850375,0.804567370353252,0.8125114657860942,0.40278900331921047,-0.0055341527548462555,-0.002317395475175621
MOSEI,confidence_shrink_ensemble,mask,0,0.0,0,0.8423225096312603,0.827385530947647,0.3540355097903608,0.2219489183138231,0.0090225922621675,0.0063291139240506,0.0052283984589983,0.0124164591720922,0.2297857105731964,0.8443770678935445,0.8434232250963126,0.3555651009082794,-0.0011007154650523043,0.0015295911179186161
MOSEI,confidence_shrink_ensemble,mask,1,0.25,3,0.8386534580810862,0.8222472689190848,0.3599266008394473,0.22608512749009066,0.01195588380834941,0.008255365987892088,0.006573717360728866,0.012495210943807344,0.23638874126805196,0.8344789413539275,0.8403351067082493,0.36122307843632173,-0.0016816486271631348,0.0012964775968744569
MOSEI,confidence_shrink_ensemble,mask,2,0.5,3,0.8303369412340244,0.8102407242012563,0.3739784926672544,0.23610673327513312,0.018081932377083967,0.009172628875435644,0.006665443649483222,0.0132724376150687,0.24969658752282461,0.8227926667676705,0.8328441264599769,0.37434370319048565,-0.002507185225952502,0.0003652105232312408
MOSEI,confidence_shrink_ensemble,mask,3,0.75,3,0.8097596771234636,0.7754920884957087,0.4032906196867347,0.25855630791001344,0.021522018185281044,0.010426221488411857,0.007674432825781156,0.014573421050549831,0.27235433624850375,0.804567370353252,0.8125114657860942,0.40278900331921047,-0.0027517886626305943,-0.0005016163675242158
MOSEI,entropy_shrink_ensemble,mask,0,0.0,0,0.8439735828288387,0.829967007223158,0.3548327684402466,0.2224881316451185,0.0079711258542622,0.0,0.0005503577325261,0.0036109003704041,0.2297857105731964,0.8443770678935445,0.8434232250963126,0.3555651009082794,0.0005503577325260967,0.0007323324680328369
MOSEI,entropy_shrink_ensemble,mask,1,0.25,3,0.8407631627224363,0.8257698979733991,0.3605303466320038,0.22642865902261625,0.011198126485367665,0.00030575429584781113,0.0007338103100348001,0.003453933866694533,0.23638874126805196,0.8344789413539275,0.8403351067082493,0.36122307843632173,0.0004280560141870504,0.0006927318043179476
MOSEI,entropy_shrink_ensemble,mask,2,0.5,3,0.8328747018895616,0.8146852204699062,0.37371654974089724,0.23562507561197885,0.018538184512727967,0.0005197823029413111,0.0005503577325261111,0.0033517800685431676,0.24969658752282461,0.8227926667676705,0.8328441264599769,0.37434370319048565,3.0575429584733804e-05,0.0006271534495884135
MOSEI,entropy_shrink_ensemble,mask,3,0.75,3,0.8122057114902465,0.7814791113140195,0.4021222326490614,0.2571474067889339,0.022190525931903154,0.0008255365987891667,0.0005197823029413222,0.0033951121796335884,0.27235433624850375,0.804567370353252,0.8125114657860942,0.40278900331921047,-0.00030575429584778213,0.0006667706701490861
MOSEI,A7_equal_ensemble,mask,0,0.0,0,0.8414969730324711,0.8266960928992876,0.3549841046333313,0.2225166722482963,0.0105175810097729,0.0049532195927352,0.0030269675288937,0.0085770078003406,0.2297857105731964,0.8443770678935445,0.8434232250963126,0.3555651009082794,-0.0019262520638415603,0.0005809962749481201
MOSEI,A7_equal_ensemble,mask,1,0.25,3,0.8395401455390449,0.8237107593917902,0.36045146650738186,0.22635331405555126,0.01099146986666679,0.005044945881489578,0.004249984712285167,0.008434937749471879,0.23638874126805196,0.8344789413539275,0.8403351067082493,0.36122307843632173,-0.0007949611692044112,0.0007716119289398748
MOSEI,A7_equal_ensemble,mask,2,0.5,3,0.831529382987831,0.8122577826469808,0.3737277620368533,0.23577034753085588,0.016953181436446266,0.005564728184430966,0.004249984712285145,0.0087916578373147,0.24969658752282461,0.8227926667676705,0.8328441264599769,0.37434370319048565,-0.001314743472145885,0.0006159411536323378
MOSEI,A7_equal_ensemble,mask,3,0.75,3,0.8112884486027029,0.7786130961817946,0.4027045369148254,0.2578553800118586,0.021641322032017143,0.005992784198617933,0.004769767015226511,0.009971470313353622,0.27235433624850375,0.804567370353252,0.8125114657860942,0.40278900331921047,-0.0012230171833913506,8.446640438508624e-05
MOSEI,A8_safe_fallback,mask,0,0.0,0,0.841221794166208,0.827205234298148,0.3563065745346431,0.22338883617817507,0.018002533541505,0.007980187121629,0.0057787561915244,0.0180659789933339,0.2297857105731964,0.8443770678935445,0.8434232250963126,0.3555651009082794,-0.0022014309301046087,-0.0007414736263636756
MOSEI,A8_safe_fallback,mask,1,0.25,3,0.83950957010946,0.8242902701678302,0.3612347800153753,0.22687212966009304,0.015278608408252133,0.0078273099737051,0.007001773374915866,0.017262943611009156,0.23638874126805196,0.8344789413539275,0.8403351067082493,0.36122307843632173,-0.000825536598789256,-1.1701579053557953e-05
MOSEI,A8_safe_fallback,mask,2,0.5,3,0.832538372164129,0.8144194669689125,0.3737648800720148,0.23559133355383843,0.02086308344685592,0.007827309973705078,0.007521555677857244,0.016577417031979055,0.24969658752282461,0.8227926667676705,0.8328441264599769,0.37434370319048565,-0.00030575429584789315,0.0005788231184708503
MOSEI,A8_safe_fallback,mask,3,0.75,3,0.8143459915611815,0.7855186768446499,0.4023396004260998,0.2568984088922366,0.0241857310522674,0.00718522595242459,0.009019751727511722,0.016438163108196433,0.27235433624850375,0.804567370353252,0.8125114657860942,0.40278900331921047,0.001834525775087248,0.00044940289311068415
CREMA-D,full_ensemble,gaussian,0,0.0,0,0.6343724805159904,0.6321989550791328,0.9738392500315454,0.48904953854583333,0.046395062947747354,0.0,0.0,0.0,0.17143869296905656,0.6992784872998632,0.6343724805159904,0.9738392500315454,0.0,0.0
CREMA-D,full_ensemble,gaussian,1,0.25,2,0.6308564006091553,0.6287435049658032,0.9793689206868617,0.4916444014925522,0.04514446385184097,0.0,0.0,0.0,0.1712080960629272,0.701034541722017,0.6308564006091553,0.9793689206868617,0.0,0.0
CREMA-D,full_ensemble,gaussian,2,0.5,2,0.6268028307802562,0.6246964164506872,0.9930700978919467,0.49816680177993555,0.04511890618689037,0.0,0.0,0.0,0.17087351341138576,0.7011589531377138,0.6268028307802562,0.9930700978919467,0.0,0.0
CREMA-D,full_ensemble,gaussian,3,1.0,2,0.6102750156767894,0.608252606869023,1.0414162553452382,0.5208872997896246,0.04573736608550342,0.0,0.0,0.0,0.17033188992816412,0.6928975647308775,0.6102750156767894,1.0414162553452382,0.0,0.0
CREMA-D,full_ensemble,gaussian,4,2.0,2,0.5578697482755531,0.5568758896416879,1.186312976102296,0.5846987384406841,0.06795232927971151,0.0,0.0,0.0,0.1684044344028825,0.6794389160712908,0.5578697482755531,1.186312976102296,0.0,0.0
CREMA-D,posterior_ensemble,gaussian,0,0.0,0,0.6311475409836066,0.6293598583742389,0.9869002126952199,0.49761165043296773,0.054567844380425085,0.05710830421929585,0.053883364686912065,0.12547130985858776,0.17143869296905656,0.6992784872998632,0.6343724805159904,0.9738392500315454,-0.003224939532383786,-0.013060962663674514
CREMA-D,posterior_ensemble,gaussian,1,0.25,2,0.6296022574576727,0.6276273188260499,0.9905984140989292,0.49933894995303263,0.05305347968539292,0.05522708949207199,0.0539729463405894,0.1254865695079744,0.1712080960629272,0.701034541722017,0.6308564006091553,0.9793689206868617,-0.001254143151482534,-0.011229493412067582
CREMA-D,posterior_ensemble,gaussian,2,0.5,2,0.6267580399534175,0.624775231518597,0.9994187055096067,0.5035646508677986,0.05349725714579259,0.055451043626265295,0.05540625279942664,0.12536016914385822,0.17087351341138576,0.7011589531377138,0.6268028307802562,0.9930700978919467,-4.479082683872537e-05,-0.006348607617659985
CREMA-D,posterior_ensemble,gaussian,3,1.0,2,0.6154259607632357,0.6137206933779694,1.0302655922675616,0.5183327222780763,0.05245005163781839,0.05589895189465194,0.06104989698109825,0.12499079282271977,0.17033188992816412,0.6928975647308775,0.6102750156767894,1.0414162553452382,0.0051509450864463124,0.011150663077676537
CREMA-D,posterior_ensemble,gaussian,4,2.0,2,0.5767714772014692,0.5757524457065473,1.1244212379274452,0.5626900981498533,0.06014484457767081,0.05605571978858725,0.07495744871450324,0.12740884079273096,0.1684044344028825,0.6794389160712908,0.5578697482755531,1.186312976102296,0.018901728925916017,0.06189173817485072
CREMA-D,raw_mixer_ensemble,gaussian,0,0.0,0,0.6408223595807578,0.6388667581671306,0.9619648800489563,0.48535329199995914,0.054290716096586596,0.039371136791185125,0.04582101585595267,0.08556554955749443,0.17143869296905656,0.6992784872998632,0.6343724805159904,0.9738392500315454,0.006449879064767461,0.011874369982589061
CREMA-D,raw_mixer_ensemble,gaussian,1,0.25,2,0.6403968467257906,0.6385421400390894,0.9660337691058568,0.48730467490109164,0.054944695761185464,0.037355549583445266,0.04689599570008057,0.08550992511759453,0.1712080960629272,0.701034541722017,0.6308564006091553,0.9793689206868617,0.009540446116635293,0.013335151581004845
CREMA-D,raw_mixer_ensemble,gaussian,2,0.5,2,0.6364552539639882,0.6346900077558044,0.97569219854013,0.49203256854092553,0.05304379040922812,0.0387216698020245,0.048374092985756456,0.08520318718025899,0.17087351341138576,0.7011589531377138,0.6268028307802562,0.9930700978919467,0.00965242318373194,0.01737789935181666
CREMA-D,raw_mixer_ensemble,gaussian,3,1.0,2,0.6225700976440025,0.6212072126896988,1.0097191277973159,0.5086065650255445,0.05224874964804668,0.03883364686912115,0.051128728836334264,0.08419710604525171,0.17033188992816412,0.6928975647308775,0.6102750156767894,1.0414162553452382,0.012295081967213073,0.03169712754792231
CREMA-D,raw_mixer_ensemble,gaussian,4,2.0,2,0.5811161874048194,0.5806541682908049,1.1166584269580562,0.5593531905962301,0.05850340756215168,0.036638896354026645,0.05988533548329299,0.08494567396613968,0.1684044344028825,0.6794389160712908,0.5578697482755531,1.186312976102296,0.023246439129266272,0.06965454914423974
CREMA-D,confidence_shrink_ensemble,gaussian,0,0.0,0,0.6371943026068261,0.6350869461769866,0.9661025380938673,0.48628375350311964,0.045025972179570814,0.004837409298575614,0.007659231389411407,0.012003613507823297,0.17143869296905656,0.6992784872998632,0.6343724805159904,0.9738392500315454,0.0028218220908357017,0.007736711937678109
CREMA-D,confidence_shrink_ensemble,gaussian,1,0.25,2,0.634350085102571,0.6322841969390103,0.971319757657366,0.4887685094901901,0.04691530264228251,0.004187942309414987,0.007681626802830729,0.01199523470312613,0.1712080960629272,0.701034541722017,0.6308564006091553,0.9793689206868617,0.003493684493415694,0.008049163029495654
CREMA-D,confidence_shrink_ensemble,gaussian,2,0.5,2,0.6300053748992207,0.6280002529581852,0.9841669474089805,0.4949783557028752,0.04763626745412937,0.004389501030188973,0.007592045149153407,0.011941204111610905,0.17087351341138576,0.7011589531377138,0.6268028307802562,0.9930700978919467,0.0032025441189644788,0.008903150482966193
CREMA-D,confidence_shrink_ensemble,gaussian,3,1.0,2,0.6135447460360117,0.6115545871881692,1.0294985090469218,0.5166591545242903,0.04699277530829197,0.005330108393800905,0.00859983875302333,0.011842462238376764,0.17033188992816412,0.6928975647308775,0.6102750156767894,1.0414162553452382,0.0032697303592222893,0.011917746298316434
CREMA-D,confidence_shrink_ensemble,gaussian,4,2.0,2,0.5624384126130968,0.5615950925159332,1.165030625507223,0.5781619307328687,0.06471001820690746,0.005016572605930258,0.009585236943473921,0.012071859166799129,0.1684044344028825,0.6794389160712908,0.5578697482755531,1.186312976102296,0.00456866433754366,0.021282350595072996
CREMA-D,entropy_shrink_ensemble,gaussian,0,0.0,0,0.637597420048374,0.6355565513165303,0.965103000490552,0.4858534136432043,0.045518343301589534,0.005509271701155533,0.008734211233539332,0.013696031786603476,0.17143869296905656,0.6992784872998632,0.6343724805159904,0.9738392500315454,0.003224939532383675,0.00873624954099339
CREMA-D,entropy_shrink_ensemble,gaussian,1,0.25,2,0.6347755979575382,0.6326895944488471,0.9702888210032519,0.4883364001740358,0.045924464436395564,0.004635850577801626,0.008555047926184677,0.013688831900577693,0.1712080960629272,0.701034541722017,0.6308564006091553,0.9793689206868617,0.0039191973483829745,0.009080099683609788
CREMA-D,entropy_shrink_ensemble,gaussian,2,0.5,2,0.63002777031264,0.6279660475076547,0.9830509340660041,0.4945141816970893,0.04752025392877947,0.005285317566962239,0.008510257099346,0.013643621448240509,0.17087351341138576,0.7011589531377138,0.6268028307802562,0.9930700978919467,0.003224939532383786,0.01001916382594259
CREMA-D,entropy_shrink_ensemble,gaussian,3,1.0,2,0.6138582818238825,0.6117819661158195,1.0280916446037833,0.5160865360834026,0.047007738235074065,0.005912389142703526,0.009495655289796592,0.013577607506831839,0.17033188992816412,0.6928975647308775,0.6102750156767894,1.0414162553452382,0.003583266147093034,0.013324610741454856
CREMA-D,entropy_shrink_ensemble,gaussian,4,2.0,2,0.5630878796022575,0.5621094748534767,1.1626294649684237,0.5773781958984784,0.06418361867312714,0.005285317566962239,0.010503448893666528,0.014062578936183243,0.1684044344028825,0.6794389160712908,0.5578697482755531,1.186312976102296,0.005218131326704345,0.023683511133872237
CREMA-D,A7_equal_ensemble,gaussian,0,0.0,0,0.6385380274119861,0.6365959867120077,0.9641204740100252,0.48502942549815514,0.04528613956792795,0.007927976350443388,0.01209352324643908,0.016775699414701223,0.17143869296905656,0.6992784872998632,0.6343724805159904,0.9738392500315454,0.0041655468959956865,0.009718776021520159
CREMA-D,A7_equal_ensemble,gaussian,1,0.25,2,0.6357162053211503,0.6337475198349596,0.9693552902548862,0.48750434048113606,0.04706168146911595,0.007144136880766773,0.012003941592761757,0.01684742883573783,0.1712080960629272,0.701034541722017,0.6308564006091553,0.9793689206868617,0.004859804711994986,0.010013630431975451
CREMA-D,A7_equal_ensemble,gaussian,2,0.5,2,0.6318641942130252,0.6299592465980282,0.9821499187766592,0.49364284316919294,0.046401911354840175,0.0076144405625727316,0.01267580399534171,0.01684859884369882,0.17087351341138576,0.7011589531377138,0.6268028307802562,0.9930700978919467,0.005061363432768973,0.01092017911528742
CREMA-D,A7_equal_ensemble,gaussian,3,1.0,2,0.615381169936397,0.6134867509765344,1.0274227589440903,0.5151517505682037,0.04881305239936475,0.00844307085908801,0.013549225118695645,0.01694488734485595,0.17033188992816412,0.6928975647308775,0.6102750156767894,1.0414162553452382,0.005106154259607587,0.013993496401147887
CREMA-D,A7_equal_ensemble,gaussian,4,2.0,2,0.5659992833467706,0.5653117257646876,1.1631495325270385,0.5762443750390758,0.06708572466437993,0.00812953507121736,0.01625907014243477,0.01756269013955746,0.1684044344028825,0.6794389160712908,0.5578697482755531,1.186312976102296,0.008129535071217497,0.02316344357525746
CREMA-D,A8_safe_fallback,gaussian,0,0.0,0,0.6353130878796023,0.6331581750254701,0.9654887807870064,0.485969054485798,0.05213699436974663,0.02472453641494217,0.025665143778554132,0.055513506957635066,0.17143869296905656,0.6992784872998632,0.6343724805159904,0.9738392500315454,0.0009406073636119006,0.008350469244538972
CREMA-D,A8_safe_fallback,gaussian,1,0.25,2,0.6330735465376691,0.6308241471288389,0.9722952826529199,0.489184391373351,0.05264406092092888,0.023694347397652915,0.025911493326166775,0.05659132817817736,0.1712080960629272,0.701034541722017,0.6308564006091553,0.9793689206868617,0.002217145928513853,0.007073638033941787
CREMA-D,A8_safe_fallback,gaussian,2,0.5,2,0.6276090656633522,0.6254883804509308,0.9895683443508094,0.49724554482107125,0.05493604195601183,0.024321418973394217,0.02512765385649015,0.05954134423031689,0.17087351341138576,0.7011589531377138,0.6268028307802562,0.9930700978919467,0.0008062348830959465,0.0035017535411372425
CREMA-D,A8_safe_fallback,gaussian,3,1.0,2,0.6083938009495655,0.6065295536342605,1.0505574597164236,0.525298879515891,0.06282130390993718,0.0262250291140374,0.024343814386813545,0.07001399034712943,0.17033188992816412,0.6928975647308775,0.6102750156767894,1.0414162553452382,-0.0018812147272239121,-0.009141204371185374
CREMA-D,A8_safe_fallback,gaussian,4,2.0,2,0.5503000985398191,0.5492983027554774,1.2337974882718883,0.6030689666293887,0.103726046745335,0.032025441189644316,0.024455791453910206,0.10073682012545065,0.1684044344028825,0.6794389160712908,0.5578697482755531,1.186312976102296,-0.007569649735734041,-0.047484512169592374
CREMA-D,full_ensemble,mask,0,0.0,0,0.6343724805159904,0.6321989550791328,0.9738392500315454,0.48904953854583333,0.046395062947747354,0.0,0.0,0.0,0.17143869296905656,0.6992784872998632,0.6343724805159904,0.9738392500315454,0.0,0.0
CREMA-D,full_ensemble,mask,1,0.25,2,0.6218086535877452,0.6193091816428309,1.0036844903864997,0.5032563823983,0.04702731003329216,0.0,0.0,0.0,0.1719456158366819,0.6953816814675294,0.6218086535877452,1.0036844903864997,0.0,0.0
CREMA-D,full_ensemble,mask,2,0.5,2,0.6033772283436352,0.5998447043415742,1.055534211621536,0.5274815389552518,0.057994547840579856,0.0,0.0,0.0,0.1785699134237192,0.6739586639201826,0.6033772283436352,1.055534211621536,0.0,0.0
CREMA-D,full_ensemble,mask,3,0.75,2,0.5664471916151572,0.5605167428007132,1.1561488047473096,0.5748631518906074,0.07682220257260051,0.0,0.0,0.0,0.19544690296695957,0.6317885509047155,0.5664471916151572,1.1561488047473096,0.0,0.0
CREMA-D,posterior_ensemble,mask,0,0.0,0,0.6311475409836066,0.6293598583742389,0.9869002126952199,0.49761165043296773,0.054567844380425085,0.05710830421929585,0.053883364686912065,0.12547130985858776,0.17143869296905656,0.6992784872998632,0.6343724805159904,0.9738392500315454,-0.003224939532383786,-0.013060962663674514
CREMA-D,posterior_ensemble,mask,1,0.25,2,0.6211367911851653,0.6200477047363938,1.010452189349011,0.5087679893210473,0.05412904451322799,0.05701872256561852,0.05634686016303857,0.1223721793214261,0.1719456158366819,0.6953816814675294,0.6218086535877452,1.0036844903864997,-0.0006718624025798814,-0.006767698962511393
CREMA-D,posterior_ensemble,mask,2,0.5,2,0.5980023291229957,0.596224226951241,1.0740276263703221,0.5391965470363402,0.05314612503342969,0.06534981635760992,0.0599749171369703,0.13376839077352948,0.1785699134237192,0.6739586639201826,0.6033772283436352,1.055534211621536,-0.005374899220639495,-0.018493414748786074
CREMA-D,posterior_ensemble,mask,3,0.75,2,0.5332571889277076,0.5209771148492426,1.211809555697503,0.6037380666032901,0.06507829114431643,0.09000716653229415,0.056817163844844545,0.16828782045430343,0.19544690296695957,0.6317885509047155,0.5664471916151572,1.1561488047473096,-0.03319000268744965,-0.055660750950193405
CREMA-D,raw_mixer_ensemble,mask,0,0.0,0,0.6408223595807578,0.6388667581671306,0.9619648800489563,0.48535329199995914,0.054290716096586596,0.039371136791185125,0.04582101585595267,0.08556554955749443,0.17143869296905656,0.6992784872998632,0.6343724805159904,0.9738392500315454,0.006449879064767461,0.011874369982589061
CREMA-D,raw_mixer_ensemble,mask,1,0.25,2,0.6307220281286392,0.6295415383239659,0.9906918535742038,0.49885846943736967,0.055635266092092,0.0390128101764758,0.04792618471736983,0.08474485135511992,0.1719456158366819,0.6953816814675294,0.6218086535877452,1.0036844903864997,0.008913374540894026,0.012992636812295899
CREMA-D,raw_mixer_ensemble,mask,2,0.5,2,0.6063558183284063,0.6047593526783538,1.0536092038352376,0.5291232390759847,0.0565056664378457,0.047343903968467216,0.05032249395323833,0.0947136034314525,0.1785699134237192,0.6739586639201826,0.6033772283436352,1.055534211621536,0.002978589984771185,0.0019250077862984494
CREMA-D,raw_mixer_ensemble,mask,3,0.75,2,0.5463585057780167,0.5367774972058885,1.1795364127122383,0.589696810780506,0.06049810051764516,0.068731523783929,0.04864283794678846,0.12093285482146879,0.19544690296695957,0.6317885509047155,0.5664471916151572,1.1561488047473096,-0.02008868583714052,-0.02338760796492867
CREMA-D,confidence_shrink_ensemble,mask,0,0.0,0,0.6371943026068261,0.6350869461769866,0.9661025380938673,0.48628375350311964,0.045025972179570814,0.004837409298575614,0.007659231389411407,0.012003613507823297,0.17143869296905656,0.6992784872998632,0.6343724805159904,0.9738392500315454,0.0028218220908357017,0.007736711937678109
CREMA-D,confidence_shrink_ensemble,mask,1,0.25,2,0.6253471289079997,0.623031420098404,0.9962439205067688,0.5004924723101517,0.04929351811139377,0.004725432231478947,0.008263907551733354,0.011458010379356759,0.1719456158366819,0.6953816814675294,0.6218086535877452,1.0036844903864997,0.0035384753202545305,0.007440569879730852
CREMA-D,confidence_shrink_ensemble,mask,2,0.5,2,0.6053704201379557,0.6023205681131361,1.0498937504605161,0.5255984982865501,0.05922377982041535,0.005621248768252207,0.007614440562572745,0.012284292261014117,0.1785699134237192,0.6739586639201826,0.6033772283436352,1.055534211621536,0.001993191794320559,0.005640461161019905
CREMA-D,confidence_shrink_ensemble,mask,3,0.75,2,0.5653946071844487,0.5596048216285534,1.1531295824701564,0.5744780520715351,0.07329271792926892,0.008734211233539318,0.007681626802830736,0.014713463227403807,0.19544690296695957,0.6317885509047155,0.5664471916151572,1.1561488047473096,-0.0010525844307085475,0.003019222277153233
CREMA-D,entropy_shrink_ensemble,mask,0,0.0,0,0.637597420048374,0.6355565513165303,0.965103000490552,0.4858534136432043,0.045518343301589534,0.005509271701155533,0.008734211233539332,0.013696031786603476,0.17143869296905656,0.6992784872998632,0.6343724805159904,0.9738392500315454,0.003224939532383675,0.00873624954099339
CREMA-D,entropy_shrink_ensemble,mask,1,0.25,2,0.625503896801935,0.6231359879106351,0.9955631377747609,0.5001765814314886,0.04908134135990212,0.005016572605930263,0.00871181582011998,0.012562142946273194,0.1719456158366819,0.6953816814675294,0.6218086535877452,1.0036844903864997,0.0036952432141897917,0.008121352611738741
CREMA-D,entropy_shrink_ensemble,mask,2,0.5,2,0.6056391650989877,0.6025105866965865,1.0497680993839626,0.5255367558929795,0.05765501820642244,0.005486876287736227,0.007748813043088729,0.01306221294915111,0.1785699134237192,0.6739586639201826,0.6033772283436352,1.055534211621536,0.002261936755352578,0.005766112237573395
CREMA-D,entropy_shrink_ensemble,mask,3,0.75,2,0.5656633521454806,0.559854932675999,1.1531362410774584,0.5745261686255981,0.07277070047704426,0.007838394696766043,0.007054555227089445,0.015085806109091722,0.19544690296695957,0.6317885509047155,0.5664471916151572,1.1561488047473096,-0.0007838394696766393,0.0030125636698512537
CREMA-D,A7_equal_ensemble,mask,0,0.0,0,0.6385380274119861,0.6365959867120077,0.9641204740100252,0.48502942549815514,0.04528613956792795,0.007927976350443388,0.01209352324643908,0.016775699414701223,0.17143869296905656,0.6992784872998632,0.6343724805159904,0.9738392500315454,0.0041655468959956865,0.009718776021520159
CREMA-D,A7_equal_ensemble,mask,1,0.25,2,0.6273627161157395,0.6252479897905768,0.9935446326905955,0.4989114897722452,0.048731785512540204,0.008039953417540028,0.013594015945534306,0.016193082699043036,0.1719456158366819,0.6953816814675294,0.6218086535877452,1.0036844903864997,0.005554062527994286,0.010139857695904197
CREMA-D,A7_equal_ensemble,mask,2,0.5,2,0.606266236674729,0.6035770519372122,1.0476001697496242,0.5243119923595096,0.05558685214361929,0.010458658066827865,0.013347666397921659,0.018247130275993,0.1785699134237192,0.6739586639201826,0.6033772283436352,1.055534211621536,0.0028890083310938452,0.007934041871911823
CREMA-D,A7_equal_ensemble,mask,3,0.75,2,0.5640060915524501,0.5580497707422838,1.1534170019501673,0.5747357450318109,0.07079310854392151,0.015811161874048144,0.013370061811340992,0.024548620547394095,0.19544690296695957,0.6317885509047155,0.5664471916151572,1.1561488047473096,-0.0024411000627071466,0.0027318027971423575
CREMA-D,A8_safe_fallback,mask,0,0.0,0,0.6353130878796023,0.6331581750254701,0.9654887807870064,0.485969054485798,0.05213699436974663,0.02472453641494217,0.025665143778554132,0.055513506957635066,0.17143869296905656,0.6992784872998632,0.6343724805159904,0.9738392500315454,0.0009406073636119006,0.008350469244538972
CREMA-D,A8_safe_fallback,mask,1,0.25,2,0.6238690316223237,0.6212816404152441,0.9967508638719965,0.5009236367109071,0.047965273164275436,0.024276628146555554,0.026337006181134062,0.056135318294522715,0.1719456158366819,0.6953816814675294,0.6218086535877452,1.0036844903864997,0.0020603780345784806,0.006933626514503133
CREMA-D,A8_safe_fallback,mask,2,0.5,2,0.6039371136791185,0.6006373266239899,1.051046131502181,0.5264448188562076,0.05175533050662138,0.025821911672489435,0.026381797007972725,0.05778317478089952,0.1785699134237192,0.6739586639201826,0.6033772283436352,1.055534211621536,0.0005598853354833455,0.004488080119354976
CREMA-D,A8_safe_fallback,mask,3,0.75,2,0.5637821374182568,0.5575387897897114,1.1549732245397184,0.5751589527790445,0.06971236564108012,0.030592134730807102,0.02792708053390661,0.06026270743331511,0.19544690296695957,0.6317885509047155,0.5664471916151572,1.1561488047473096,-0.0026650541969004404,0.0011755802075912314
AV-MNIST,full_ensemble,gaussian,0,0.0,0,0.9919444444444444,0.991944753325725,0.0277983341366052,0.0129141474924935,0.0083549587263001,0.0,0.0,0.0,0.0426048412919044,0.9779200204787696,0.9919444444444444,0.0277983341366052,0.0,0.0
AV-MNIST,full_ensemble,gaussian,1,0.25,2,0.9908796296296296,0.9908836072218861,0.032033774380882535,0.01493844508801,0.0083957533276191,0.0,0.0,0.0,0.047431149209539045,0.9749878952383176,0.9908796296296296,0.032033774380882535,0.0,0.0
AV-MNIST,full_ensemble,gaussian,2,0.5,2,0.9858333333333333,0.9858392364088744,0.048150992020964546,0.0226061696860406,0.010220000836308283,0.0,0.0,0.0,0.062252608438332836,0.9669273907146361,0.9858333333333333,0.048150992020964546,0.0,0.0
AV-MNIST,full_ensemble,gaussian,3,1.0,2,0.9660648148148148,0.9660887925256308,0.111147911598285,0.05229319181110749,0.015061034706455634,0.0,0.0,0.0,0.10353502134482064,0.9479443356459929,0.9660648148148148,0.111147911598285,0.0,0.0
AV-MNIST,full_ensemble,gaussian,4,2.0,2,0.9087962962962963,0.9089144371584024,0.2875092675288518,0.13656188797917027,0.021044710300586803,0.0,0.0,0.0,0.16846552491188044,0.9032276691273537,0.9087962962962963,0.2875092675288518,0.0,0.0
AV-MNIST,posterior_ensemble,gaussian,0,0.0,0,0.9919444444444444,0.9919459010152964,0.0283282212913036,0.0126668631831208,0.0038295763234297,0.0016666666666666,0.0016666666666666,0.0050426288507878,0.0426048412919044,0.9779200204787696,0.9919444444444444,0.0277983341366052,0.0,-0.0005298871546983996
AV-MNIST,posterior_ensemble,gaussian,1,0.25,2,0.9906944444444444,0.9906997601179705,0.03259437469144658,0.014894984719537782,0.004118525210629949,0.0018518518518517834,0.0016666666666666,0.0059507321566342995,0.047431149209539045,0.9749878952383176,0.9908796296296296,0.032033774380882535,-0.00018518518518517713,-0.0005606003105640481
AV-MNIST,posterior_ensemble,gaussian,2,0.5,2,0.9852314814814815,0.9852364931897689,0.04847199780245616,0.0225354377166114,0.0047428441489184,0.0030092592592592,0.002407407407407367,0.008569131682937317,0.062252608438332836,0.9669273907146361,0.9858333333333333,0.048150992020964546,-0.0006018518518517979,-0.0003210057814916137
AV-MNIST,posterior_ensemble,gaussian,3,1.0,2,0.9664814814814815,0.9665005287208193,0.10476470117767647,0.04911381086291235,0.007296458397198533,0.006064814814814768,0.006481481481481451,0.01700253086164588,0.10353502134482064,0.9479443356459929,0.9660648148148148,0.111147911598285,0.0004166666666667318,0.006383210420608534
AV-MNIST,posterior_ensemble,gaussian,4,2.0,2,0.918425925925926,0.9185037975896839,0.25861762960751844,0.12091441013810347,0.014591635186915017,0.012638888888888831,0.022268518518518483,0.03901601706941918,0.16846552491188044,0.9032276691273537,0.9087962962962963,0.2875092675288518,0.009629629629629655,0.02889163792133337
AV-MNIST,raw_mixer_ensemble,gaussian,0,0.0,0,0.9916666666666668,0.99166852348182,0.0303808525204658,0.0125324447310735,0.0080762348241276,0.0016666666666666,0.0013888888888888,0.0072114476934075,0.0426048412919044,0.9779200204787696,0.9919444444444444,0.0277983341366052,-0.00027777777777759916,-0.0025825183838605985
AV-MNIST,raw_mixer_ensemble,gaussian,1,0.25,2,0.9910185185185185,0.9910229632305432,0.03469026585419968,0.014721314362843952,0.008373733518852084,0.0014814814814814335,0.0016203703703703,0.007943959130595066,0.047431149209539045,0.9749878952383176,0.9908796296296296,0.032033774380882535,0.0001388888888889106,-0.0026564914733171463
AV-MNIST,raw_mixer_ensemble,gaussian,2,0.5,2,0.9853240740740741,0.9853281525519753,0.04991881611446536,0.022214880555046515,0.008551613002739517,0.002870370370370333,0.0023611111111110834,0.01009025921424225,0.062252608438332836,0.9669273907146361,0.9858333333333333,0.048150992020964546,-0.0005092592592592649,-0.0017678240935008124
AV-MNIST,raw_mixer_ensemble,gaussian,3,1.0,2,0.9669444444444444,0.9669599985434694,0.10412908221284543,0.0483941548188505,0.010930263246926933,0.0055092592592592,0.00638888888888885,0.016903169763584917,0.10353502134482064,0.9479443356459929,0.9660648148148148,0.111147911598285,0.0008796296296296191,0.007018829385439573
AV-MNIST,raw_mixer_ensemble,gaussian,4,2.0,2,0.9193981481481481,0.9194784823413416,0.2516949598987897,0.11942043828340038,0.015858957244566117,0.011064814814814767,0.021666666666666615,0.035245711604754086,0.16846552491188044,0.9032276691273537,0.9087962962962963,0.2875092675288518,0.010601851851851807,0.0358143076300621
AV-MNIST,confidence_shrink_ensemble,gaussian,0,0.0,0,0.9913888888888888,0.9913907148245424,0.0285980749135253,0.0124387271351073,0.0079359776928914,0.0011111111111111,0.0005555555555555,0.0036981436300046,0.0426048412919044,0.9779200204787696,0.9919444444444444,0.0277983341366052,-0.0005555555555556424,-0.0007997407769201013
AV-MNIST,confidence_shrink_ensemble,gaussian,1,0.25,2,0.9910185185185185,0.991021225750932,0.0325359022713711,0.014379393985587918,0.0083290306969494,0.0007407407407406833,0.0008796296296295834,0.0038847673016512334,0.047431149209539045,0.9749878952383176,0.9908796296296296,0.032033774380882535,0.0001388888888889106,-0.0005021278904885629
AV-MNIST,confidence_shrink_ensemble,gaussian,2,0.5,2,0.9856944444444444,0.9857012232825669,0.047670928584385486,0.02174285789545733,0.009952211914974467,0.0013888888888888332,0.0012499999999999668,0.004764421940327517,0.062252608438332836,0.9669273907146361,0.9858333333333333,0.048150992020964546,-0.0001388888888889106,0.0004800634365790604
AV-MNIST,confidence_shrink_ensemble,gaussian,3,1.0,2,0.9674074074074075,0.967423639064503,0.10386906955458627,0.04882125747180976,0.014015531560412367,0.0019444444444444002,0.0032870370370369833,0.007587454630495417,0.10353502134482064,0.9479443356459929,0.9660648148148148,0.111147911598285,0.0013425925925927285,0.007278842043698733
AV-MNIST,confidence_shrink_ensemble,gaussian,4,2.0,2,0.9177777777777778,0.9178565084504884,0.2576643490443109,0.12444883665055015,0.019576956284374333,0.0033796296296295996,0.012361111111111066,0.0141455904931459,0.16846552491188044,0.9032276691273537,0.9087962962962963,0.2875092675288518,0.00898148148148148,0.029844918484540905
AV-MNIST,entropy_shrink_ensemble,gaussian,0,0.0,0,0.9913888888888888,0.9913907148245424,0.02874206751585,0.0123991125076979,0.0089245509025123,0.0011111111111111,0.0005555555555555,0.0039676940068602,0.0426048412919044,0.9779200204787696,0.9919444444444444,0.0277983341366052,-0.0005555555555556424,-0.0009437333792448009
AV-MNIST,entropy_shrink_ensemble,gaussian,1,0.25,2,0.9910185185185185,0.991021673654611,0.0326567022129893,0.014342130594238566,0.008599008677734218,0.0007407407407406833,0.0008796296296295834,0.004143952780092716,0.047431149209539045,0.9749878952383176,0.9908796296296296,0.032033774380882535,0.0001388888888889106,-0.0006229278321067677
AV-MNIST,entropy_shrink_ensemble,gaussian,2,0.5,2,0.9856481481481482,0.9856550072339885,0.047797341520587545,0.02171133681488058,0.010351639417586433,0.0013425925925925333,0.0011574074074073668,0.00507536266619955,0.062252608438332836,0.9669273907146361,0.9858333333333333,0.048150992020964546,-0.00018518518518517713,0.00035365050037700074
AV-MNIST,entropy_shrink_ensemble,gaussian,3,1.0,2,0.9674537037037036,0.9674685263010026,0.1039688885211944,0.048776685298758456,0.013798926834154932,0.0020370370370370165,0.0034259259259258666,0.008108265465125383,0.10353502134482064,0.9479443356459929,0.9660648148148148,0.111147911598285,0.001388888888888884,0.007179023077090604
AV-MNIST,entropy_shrink_ensemble,gaussian,4,2.0,2,0.9172685185185185,0.9173533132377525,0.25723237047592795,0.12405606884828141,0.018825850582647047,0.003935185185185134,0.012407407407407367,0.014773399724314549,0.16846552491188044,0.9032276691273537,0.9087962962962963,0.2875092675288518,0.008472222222222214,0.030276897052923857
AV-MNIST,A7_equal_ensemble,gaussian,0,0.0,0,0.9913888888888888,0.9913907148245424,0.0260901041328907,0.0122598944731114,0.0054573439475562,0.0011111111111111,0.0005555555555555,0.0022437663283199,0.0426048412919044,0.9779200204787696,0.9919444444444444,0.0277983341366052,-0.0005555555555556424,0.001708230003714499
AV-MNIST,A7_equal_ensemble,gaussian,1,0.25,2,0.9911574074074074,0.9911597206983149,0.029979642480611766,0.014179636421058933,0.005016912697917833,0.0007407407407407,0.0010185185185184833,0.0026275782147421834,0.047431149209539045,0.9749878952383176,0.9908796296296296,0.032033774380882535,0.0002777777777778212,0.0020541319002707684
AV-MNIST,A7_equal_ensemble,gaussian,2,0.5,2,0.9858796296296297,0.9858858058113923,0.045236653337875965,0.021574763964398235,0.006376366641510367,0.00134259259259255,0.0013888888888888332,0.003916892649916284,0.062252608438332836,0.9669273907146361,0.9858333333333333,0.048150992020964546,4.629629629637755e-05,0.002914338683088581
AV-MNIST,A7_equal_ensemble,gaussian,3,1.0,2,0.9672222222222222,0.9672431590157389,0.10166978773971397,0.04840234195423804,0.008383331490611549,0.00268518518518515,0.0038425925925925507,0.008159900899045117,0.10353502134482064,0.9479443356459929,0.9660648148148148,0.111147911598285,0.0011574074074074403,0.009478123858571039
AV-MNIST,A7_equal_ensemble,gaussian,4,2.0,2,0.9180092592592592,0.9181101575645254,0.25741944958766294,0.12288342754627152,0.017644660922664132,0.00513888888888885,0.0143518518518518,0.0176865117779622,0.16846552491188044,0.9032276691273537,0.9087962962962963,0.2875092675288518,0.009212962962962923,0.030089817941188868
AV-MNIST,A8_safe_fallback,gaussian,0,0.0,0,0.9933333333333332,0.993330194961998,0.0212570540922851,0.0100346800238648,0.0015479019330681,0.0016666666666666,0.0030555555555555,0.0046514478285875,0.0426048412919044,0.9779200204787696,0.9919444444444444,0.0277983341366052,0.001388888888888773,0.0065412800443201
AV-MNIST,A8_safe_fallback,gaussian,1,0.25,2,0.9914814814814814,0.9914799452948482,0.027221703078223768,0.013052581951654816,0.002896015868026333,0.002638888888888833,0.003240740740740683,0.0064606100870141,0.047431149209539045,0.9749878952383176,0.9908796296296296,0.032033774380882535,0.0006018518518517979,0.004812071302658767
AV-MNIST,A8_safe_fallback,gaussian,2,0.5,2,0.9836574074074074,0.9836411889538952,0.051732001967923914,0.02493007125788473,0.006393758521435949,0.006712962962962917,0.004537037037036983,0.013748596078205316,0.062252608438332836,0.9669273907146361,0.9858333333333333,0.048150992020964546,-0.00217592592592597,-0.003581009946959368
AV-MNIST,A8_safe_fallback,gaussian,3,1.0,2,0.9571759259259259,0.9571480520096829,0.1326661293136856,0.06382113111590659,0.0191883395545843,0.018009259259259218,0.009120370370370334,0.0352133583549692,0.10353502134482064,0.9479443356459929,0.9660648148148148,0.111147911598285,-0.008888888888888835,-0.021518217715400592
AV-MNIST,A8_safe_fallback,gaussian,4,2.0,2,0.9006944444444445,0.9004559301312415,0.32124717846046924,0.14948887541240083,0.04314039751853977,0.0343055555555555,0.026203703703703667,0.07321033379078214,0.16846552491188044,0.9032276691273537,0.9087962962962963,0.2875092675288518,-0.00810185185185186,-0.03373791093161743
AV-MNIST,full_ensemble,mask,0,0.0,0,0.9919444444444444,0.991944753325725,0.0277983341366052,0.0129141474924935,0.0083549587263001,0.0,0.0,0.0,0.0426048412919044,0.9779200204787696,0.9919444444444444,0.0277983341366052,0.0,0.0
AV-MNIST,full_ensemble,mask,1,0.25,2,0.9869907407407408,0.9869952659953729,0.04620623650650178,0.021001113306710235,0.013003769819107266,0.0,0.0,0.0,0.07191609467069303,0.9676081918832315,0.9869907407407408,0.04620623650650178,0.0,0.0
AV-MNIST,full_ensemble,mask,2,0.5,2,0.9777314814814815,0.9778028200388373,0.08880180182556305,0.03920527187409648,0.025522048235353437,0.0,0.0,0.0,0.13577415794134137,0.94757834361148,0.9777314814814815,0.08880180182556305,0.0,0.0
AV-MNIST,full_ensemble,mask,3,0.75,2,0.9341203703703704,0.9350300251936796,0.23369047045707703,0.10947099233786566,0.05248912753054387,0.0,0.0,0.0,0.2936489606897036,0.8884641062934512,0.9341203703703704,0.23369047045707703,0.0,0.0
AV-MNIST,posterior_ensemble,mask,0,0.0,0,0.9919444444444444,0.9919459010152964,0.0283282212913036,0.0126668631831208,0.0038295763234297,0.0016666666666666,0.0016666666666666,0.0050426288507878,0.0426048412919044,0.9779200204787696,0.9919444444444444,0.0277983341366052,0.0,-0.0005298871546983996
AV-MNIST,posterior_ensemble,mask,1,0.25,2,0.986712962962963,0.9867197902270403,0.04542615947624043,0.020831992249986733,0.005951240832606933,0.00263888888888885,0.0023611111111110665,0.008221623487770533,0.07191609467069303,0.9676081918832315,0.9869907407407408,0.04620623650650178,-0.0002777777777778212,0.000780077030261353
AV-MNIST,posterior_ensemble,mask,2,0.5,2,0.9744444444444444,0.9745049496565423,0.08569544305404023,0.03950892499075198,0.009408826787990467,0.00652777777777775,0.003240740740740717,0.01621615840122098,0.13577415794134137,0.94757834361148,0.9777314814814815,0.08880180182556305,-0.0032870370370370328,0.0031063587715228214
AV-MNIST,posterior_ensemble,mask,3,0.75,2,0.9322685185185184,0.9328361006641823,0.22151704380909595,0.10376133081808998,0.01989870329421975,0.016481481481481434,0.014629629629629583,0.0371415692692001,0.2936489606897036,0.8884641062934512,0.9341203703703704,0.23369047045707703,-0.0018518518518519933,0.012173426647981073
AV-MNIST,raw_mixer_ensemble,mask,0,0.0,0,0.9916666666666668,0.99166852348182,0.0303808525204658,0.0125324447310735,0.0080762348241276,0.0016666666666666,0.0013888888888888,0.0072114476934075,0.0426048412919044,0.9779200204787696,0.9919444444444444,0.0277983341366052,-0.00027777777777759916,-0.0025825183838605985
AV-MNIST,raw_mixer_ensemble,mask,1,0.25,2,0.986712962962963,0.9867206297019475,0.047347098588943426,0.020569189771550967,0.010549866546083315,0.00231481481481475,0.002037037037036983,0.010002080661555082,0.07191609467069303,0.9676081918832315,0.9869907407407408,0.04620623650650178,-0.0002777777777778212,-0.0011408620824416432
AV-MNIST,raw_mixer_ensemble,mask,2,0.5,2,0.9756481481481482,0.9757034766772015,0.086179149026672,0.03880150204779136,0.014945342340679034,0.0055555555555555,0.003472222222222183,0.01636322541162365,0.13577415794134137,0.94757834361148,0.9777314814814815,0.08880180182556305,-0.002083333333333326,0.0026226527988910536
AV-MNIST,raw_mixer_ensemble,mask,3,0.75,2,0.9334722222222223,0.9340370787472734,0.21368253479401267,0.10157946882953672,0.021978313903565715,0.015138888888888834,0.014490740740740683,0.03352108163138227,0.2936489606897036,0.8884641062934512,0.9341203703703704,0.23369047045707703,-0.0006481481481481755,0.020007935663064358
AV-MNIST,confidence_shrink_ensemble,mask,0,0.0,0,0.9913888888888888,0.9913907148245424,0.0285980749135253,0.0124387271351073,0.0079359776928914,0.0011111111111111,0.0005555555555555,0.0036981436300046,0.0426048412919044,0.9779200204787696,0.9919444444444444,0.0277983341366052,-0.0005555555555556424,-0.0007997407769201013
AV-MNIST,confidence_shrink_ensemble,mask,1,0.25,2,0.9872685185185186,0.9872725250627701,0.045294140426565,0.020156056213154604,0.011116793194042917,0.0008796296296295833,0.00115740740740735,0.004692934362521083,0.07191609467069303,0.9676081918832315,0.9869907407407408,0.04620623650650178,0.0002777777777778212,0.0009120960799367805
AV-MNIST,confidence_shrink_ensemble,mask,2,0.5,2,0.9779166666666667,0.9779740623992561,0.08342749371216836,0.03705059217991625,0.02056557578165192,0.0019907407407407,0.0021759259259258833,0.0071369753648662165,0.13577415794134137,0.94757834361148,0.9777314814814815,0.08880180182556305,0.00018518518518517713,0.005374308113394691
AV-MNIST,confidence_shrink_ensemble,mask,3,0.75,2,0.9366203703703704,0.9373212481630213,0.21358388635051556,0.10034919181053475,0.03776815836701846,0.0069444444444444,0.0094444444444444,0.014624704982426084,0.2936489606897036,0.8884641062934512,0.9341203703703704,0.23369047045707703,0.0024999999999999467,0.020106584106561465
AV-MNIST,entropy_shrink_ensemble,mask,0,0.0,0,0.9913888888888888,0.9913907148245424,0.02874206751585,0.0123991125076979,0.0089245509025123,0.0011111111111111,0.0005555555555555,0.0039676940068602,0.0426048412919044,0.9779200204787696,0.9919444444444444,0.0277983341366052,-0.0005555555555556424,-0.0009437333792448009
AV-MNIST,entropy_shrink_ensemble,mask,1,0.25,2,0.9873148148148148,0.9873181020056656,0.04524449196954563,0.02008004386156635,0.01125083491896035,0.0009259259259258834,0.00124999999999995,0.004891528903196217,0.07191609467069303,0.9676081918832315,0.9869907407407408,0.04620623650650178,0.0003240740740739767,0.0009617445369561536
AV-MNIST,entropy_shrink_ensemble,mask,2,0.5,2,0.9779166666666667,0.9779716612893392,0.08313107366363202,0.036990493183942916,0.020169725658165067,0.0019907407407406836,0.0021759259259258833,0.007350073584044917,0.13577415794134137,0.94757834361148,0.9777314814814815,0.08880180182556305,0.00018518518518517713,0.005670728161931024
AV-MNIST,entropy_shrink_ensemble,mask,3,0.75,2,0.936574074074074,0.9372847403908567,0.2124902506669362,0.1001142023581239,0.03656461059633225,0.0071759259259259,0.009629629629629584,0.014850747926781517,0.2936489606897036,0.8884641062934512,0.9341203703703704,0.23369047045707703,0.002453703703703569,0.021200219790140834
AV-MNIST,A7_equal_ensemble,mask,0,0.0,0,0.9913888888888888,0.9913907148245424,0.0260901041328907,0.0122598944731114,0.0054573439475562,0.0011111111111111,0.0005555555555555,0.0022437663283199,0.0426048412919044,0.9779200204787696,0.9919444444444444,0.0277983341366052,-0.0005555555555556424,0.001708230003714499
AV-MNIST,A7_equal_ensemble,mask,1,0.25,2,0.9873611111111111,0.9873641166096845,0.043040299477676514,0.020008678255563933,0.007438905378458616,0.0011574074074073666,0.0015277777777777167,0.0041112514445558,0.07191609467069303,0.9676081918832315,0.9869907407407408,0.04620623650650178,0.00037037037037035425,0.003165937028825269
AV-MNIST,A7_equal_ensemble,mask,2,0.5,2,0.9775,0.977561391971769,0.0805581752210855,0.036761684556971284,0.014456393289621217,0.0027314814814814333,0.002499999999999967,0.007713810230294799,0.13577415794134137,0.94757834361148,0.9777314814814815,0.08880180182556305,-0.00023148148148144365,0.008243626604477541
AV-MNIST,A7_equal_ensemble,mask,3,0.75,2,0.9351851851851852,0.9358801734444473,0.20974484582742048,0.09966306851823586,0.026378987392893502,0.009120370370370317,0.010185185185185134,0.019675241472820383,0.2936489606897036,0.8884641062934512,0.9341203703703704,0.23369047045707703,0.0010648148148147962,0.023945624629656548
AV-MNIST,A8_safe_fallback,mask,0,0.0,0,0.9933333333333332,0.993330194961998,0.0212570540922851,0.0100346800238648,0.0015479019330681,0.0016666666666666,0.0030555555555555,0.0046514478285875,0.0426048412919044,0.9779200204787696,0.9919444444444444,0.0277983341366052,0.001388888888888773,0.0065412800443201
AV-MNIST,A8_safe_fallback,mask,1,0.25,2,0.9854166666666666,0.985410566766211,0.04634164442632691,0.022509209803157567,0.0065303784872485175,0.0054166666666666165,0.0038425925925925494,0.011932749992733317,0.07191609467069303,0.9676081918832315,0.9869907407407408,0.04620623650650178,-0.001574074074074172,-0.00013540791982512984
AV-MNIST,A8_safe_fallback,mask,2,0.5,2,0.9693981481481482,0.969580543815425,0.0988326376935422,0.04741478660528036,0.013057378058278866,0.013009259259259217,0.004675925925925883,0.026448401343193935,0.13577415794134137,0.94757834361148,0.9777314814814815,0.08880180182556305,-0.008333333333333304,-0.010030835867979149
AV-MNIST,A8_safe_fallback,mask,3,0.75,2,0.9183333333333333,0.9198580614735221,0.26648110147671367,0.12730027111221698,0.03281208649151985,0.0283333333333333,0.01254629629629625,0.06557741871120339,0.2936489606897036,0.8884641062934512,0.9341203703703704,0.23369047045707703,-0.0157870370370371,-0.03279063101963664
