dataset,method,corruption_type,level,affected_modality,accuracy,macro_f1,nll,nll_gain_vs_full
AV-MNIST,A7_equal_ensemble,gaussian,2.0,audio,0.8821296296296296,0.8822094932257212,0.3706764678160349,0.039382239182790026
AV-MNIST,A7_equal_ensemble,gaussian,2.0,image,0.9538888888888889,0.9540108219033296,0.14416243135929102,0.020797396699587432
AV-MNIST,A7_equal_ensemble,mask,0.75,audio,0.9237962962962963,0.9255297519494516,0.2430511315663655,0.0217981537183125
AV-MNIST,A7_equal_ensemble,mask,0.75,image,0.9465740740740741,0.9462305949394431,0.17643856008847547,0.026093095541000304
AV-MNIST,A8_safe_fallback,gaussian,2.0,audio,0.8568518518518519,0.856600737996623,0.47888820880385924,-0.0688295018050341
AV-MNIST,A8_safe_fallback,gaussian,2.0,image,0.9445370370370371,0.94431112226586,0.16360614811707927,0.0013536799417992664
AV-MNIST,A8_safe_fallback,mask,0.75,audio,0.899074074074074,0.9035846578138951,0.3458323579079371,-0.08098307262325898
AV-MNIST,A8_safe_fallback,mask,0.75,image,0.9375925925925926,0.9361314651331492,0.18712984504549018,0.015401810583985667
AV-MNIST,confidence_shrink_ensemble,gaussian,2.0,audio,0.8821296296296296,0.8821662854857512,0.3637318981218832,0.04632680887694173
AV-MNIST,confidence_shrink_ensemble,gaussian,2.0,image,0.9534259259259259,0.9535467314152255,0.1515967999667386,0.013363028092139899
AV-MNIST,confidence_shrink_ensemble,mask,0.75,audio,0.9258333333333333,0.9275221926347293,0.2439315165934064,0.020917768691271633
AV-MNIST,confidence_shrink_ensemble,mask,0.75,image,0.9474074074074074,0.9471203036913133,0.18323625610762473,0.019295399521851102
AV-MNIST,entropy_shrink_ensemble,gaussian,2.0,audio,0.8815740740740741,0.8816269297635113,0.3639286160469055,0.046130090951919535
AV-MNIST,entropy_shrink_ensemble,gaussian,2.0,image,0.952962962962963,0.9530796967119936,0.1505361249049504,0.014423703153928068
AV-MNIST,entropy_shrink_ensemble,mask,0.75,audio,0.9256481481481481,0.9273686866813904,0.2429093420505523,0.021939943234125698
AV-MNIST,entropy_shrink_ensemble,mask,0.75,image,0.9475,0.9472007941003231,0.18207115928332007,0.020460496346155765
AV-MNIST,full_ensemble,gaussian,2.0,audio,0.87,0.8700780764615702,0.4100587069988251,0.0
AV-MNIST,full_ensemble,gaussian,2.0,image,0.9475925925925925,0.9477507978552344,0.16495982805887854,0.0
AV-MNIST,full_ensemble,mask,0.75,audio,0.9203703703703704,0.922467462150635,0.26484928528467816,0.0
AV-MNIST,full_ensemble,mask,0.75,image,0.9478703703703704,0.9475925882367243,0.20253165562947587,0.0
AV-MNIST,posterior_ensemble,gaussian,2.0,audio,0.8818518518518519,0.881890816269118,0.37434217333793635,0.03571653366088863
AV-MNIST,posterior_ensemble,gaussian,2.0,image,0.955,0.9551167789102497,0.1428930858771006,0.022066742181777864
AV-MNIST,posterior_ensemble,mask,0.75,audio,0.9224999999999999,0.9240877358163386,0.26011049747467035,0.004738787810007666
AV-MNIST,posterior_ensemble,mask,0.75,image,0.942037037037037,0.9415844655120261,0.18292359014352155,0.019608065485954236
AV-MNIST,raw_mixer_ensemble,gaussian,2.0,audio,0.8841666666666667,0.8842010401157463,0.35816701253255206,0.051891694466272925
AV-MNIST,raw_mixer_ensemble,gaussian,2.0,image,0.9546296296296296,0.9547559245669367,0.14522290726502732,0.0197369207938512
AV-MNIST,raw_mixer_ensemble,mask,0.75,audio,0.924074074074074,0.9256030146545303,0.24406334757804862,0.020785937706629398
AV-MNIST,raw_mixer_ensemble,mask,0.75,image,0.9428703703703704,0.9424711428400163,0.18330172200997671,0.01922993361949917
CREMA-D,A7_equal_ensemble,gaussian,2.0,audio,0.5848338260324285,0.5831823394856782,1.1027775488745126,0.017881581991107308
CREMA-D,A7_equal_ensemble,gaussian,2.0,visual,0.5471647406611126,0.5474411120436968,1.2235215161795643,0.02844530515940736
CREMA-D,A7_equal_ensemble,mask,0.75,audio,0.5186777747917226,0.5110687080154963,1.242612353578366,-0.0018960328701415354
CREMA-D,A7_equal_ensemble,mask,0.75,visual,0.6093344083131774,0.6050308334690714,1.0642216503219686,0.007359638464426221
CREMA-D,A8_safe_fallback,gaussian,2.0,audio,0.5669174952969632,0.5644912510482327,1.1614792586213105,-0.04082012775569029
CREMA-D,A8_safe_fallback,gaussian,2.0,visual,0.533682701782675,0.534105354462722,1.306115717922466,-0.05414889658349431
CREMA-D,A8_safe_fallback,mask,0.75,audio,0.5207829436531398,0.5126286241271114,1.2477422919921506,-0.007025971283925947
CREMA-D,A8_safe_fallback,mask,0.75,visual,0.6067813311833736,0.6024489554523114,1.062204157087286,0.00937713169910908
CREMA-D,confidence_shrink_ensemble,gaussian,2.0,audio,0.5812057690584969,0.5791787673584322,1.106526592356008,0.014132538509611974
CREMA-D,confidence_shrink_ensemble,gaussian,2.0,visual,0.5436710561676968,0.5440114176734343,1.223534658658438,0.02843216268053395
CREMA-D,confidence_shrink_ensemble,mask,0.75,audio,0.5212756427483651,0.5140852024160695,1.2387921809944806,0.0019241397137438698
CREMA-D,confidence_shrink_ensemble,mask,0.75,visual,0.6095135716205321,0.6051244408410373,1.0674669839458322,0.004114304840562774
CREMA-D,entropy_shrink_ensemble,gaussian,2.0,audio,0.5816984681537222,0.5795528940344623,1.1051631763472007,0.015495954518419374
CREMA-D,entropy_shrink_ensemble,gaussian,2.0,visual,0.5444772910507928,0.5446660556724913,1.2200957535896466,0.031871067749325147
CREMA-D,entropy_shrink_ensemble,mask,0.75,audio,0.5214548060557198,0.5142897812014111,1.2387880600129875,0.0019282606952369468
CREMA-D,entropy_shrink_ensemble,mask,0.75,visual,0.6098718982352415,0.6054200841505868,1.0674844221419293,0.004096866644465664
CREMA-D,full_ensemble,gaussian,2.0,audio,0.5763235689330825,0.5739273807557601,1.12065913086562,0.0
CREMA-D,full_ensemble,gaussian,2.0,visual,0.5394159276180238,0.5398243985276155,1.2519668213389716,0.0
CREMA-D,full_ensemble,mask,0.75,audio,0.5233360207829436,0.5163301492520067,1.2407163207082246,0.0
CREMA-D,full_ensemble,mask,0.75,visual,0.6095583624473708,0.6047033363494195,1.071581288786395,0.0
CREMA-D,posterior_ensemble,gaussian,2.0,audio,0.592627429902356,0.5915991673314333,1.0757016448161727,0.04495748604944738
CREMA-D,posterior_ensemble,gaussian,2.0,visual,0.5609155245005822,0.5599057240816612,1.1731408310387175,0.07882599030025411
CREMA-D,posterior_ensemble,mask,0.75,audio,0.4845471647406611,0.4655495386560914,1.3071086922181419,-0.0663923715099173
CREMA-D,posterior_ensemble,mask,0.75,visual,0.5819672131147541,0.5764046910423939,1.1165104191768642,-0.04492913039046929
CREMA-D,raw_mixer_ensemble,gaussian,2.0,audio,0.5936128280928066,0.5931627711878634,1.0782391298397098,0.042420001025910196
CREMA-D,raw_mixer_ensemble,gaussian,2.0,visual,0.5686195467168323,0.5681455653937464,1.1550777240764023,0.09688909726256932
CREMA-D,raw_mixer_ensemble,mask,0.75,audio,0.49699901460180956,0.4822754963703477,1.2736415732486759,-0.03292525254045132
CREMA-D,raw_mixer_ensemble,mask,0.75,visual,0.5957179969542238,0.5912794980414293,1.0854312521758007,-0.013849963389405816
MOSEI,A7_equal_ensemble,gaussian,2.0,audio,0.8432397725188039,0.8289698520913592,0.3554837703704834,0.0010011196136474332
MOSEI,A7_equal_ensemble,gaussian,2.0,text,0.7760961291506145,0.7542174653343903,0.50223109126091,-0.006902039051055867
MOSEI,A7_equal_ensemble,gaussian,2.0,vision,0.842230783342506,0.8281566070268613,0.3562542994817098,4.5150518417366665e-05
MOSEI,A7_equal_ensemble,mask,0.75,audio,0.8429645936525408,0.8285609606724172,0.3557725250720978,0.0005215009053548
MOSEI,A7_equal_ensemble,mask,0.75,text,0.7483030636580444,0.6788406152280667,0.49602951606114704,-0.0011699895064035334
MOSEI,A7_equal_ensemble,mask,0.75,vision,0.8425976884975234,0.8284377126449,0.3563115696112314,0.0009018878142038335
MOSEI,A8_safe_fallback,gaussian,2.0,audio,0.842505962208769,0.8285248925000325,0.3570529207164444,-0.0005680307323135333
MOSEI,A8_safe_fallback,gaussian,2.0,text,0.7768299394606494,0.755504170376752,0.5098966176070161,-0.014567565397161898
MOSEI,A8_safe_fallback,gaussian,2.0,vision,0.8420473307649973,0.8283476411122268,0.3572256692380357,-0.0009262192379085334
MOSEI,A8_safe_fallback,mask,0.75,audio,0.8419556044762428,0.8280037683562054,0.3570505404412295,-0.0007565144637769666
MOSEI,A8_safe_fallback,mask,0.75,text,0.758484681709778,0.6999571795275241,0.4922516473954203,0.002607879159323
MOSEI,A8_safe_fallback,mask,0.75,vision,0.8425976884975234,0.8285950826502202,0.3577166134416497,-0.0005031560162142333
MOSEI,confidence_shrink_ensemble,gaussian,2.0,audio,0.8432397725188039,0.8284907754529699,0.3550119406797717,0.0014729493043590335
MOSEI,confidence_shrink_ensemble,gaussian,2.0,text,0.7762795817281233,0.7537116691675845,0.4951703493356672,0.0001587028741868333
MOSEI,confidence_shrink_ensemble,gaussian,2.0,vision,0.8408548890111907,0.8263888093407026,0.3561987457616317,0.0001007042384954
MOSEI,confidence_shrink_ensemble,mask,0.75,audio,0.8423225096312603,0.8275684023620404,0.35485400973179343,0.0014400162456590666
MOSEI,confidence_shrink_ensemble,mask,0.75,text,0.7442671069528527,0.6708781049452696,0.5000173026637326,-0.005157776108989067
MOSEI,confidence_shrink_ensemble,mask,0.75,vision,0.8426894147862778,0.8280297581798161,0.35500054666467784,0.0022129107607574334
MOSEI,entropy_shrink_ensemble,gaussian,2.0,audio,0.8445239405613649,0.8308945963532536,0.35549041628837585,0.0009944736957549667
MOSEI,entropy_shrink_ensemble,gaussian,2.0,text,0.7762795817281233,0.7555581517843356,0.49521342913309735,0.00011562307675676667
MOSEI,entropy_shrink_ensemble,gaussian,2.0,vision,0.84379013025133,0.8300193451503415,0.3559069633483886,0.00039248665173844543
MOSEI,entropy_shrink_ensemble,mask,0.75,audio,0.8416804256099798,0.8277334986657683,0.35565638542175293,0.0006376405556996333
MOSEI,entropy_shrink_ensemble,mask,0.75,text,0.752063841496973,0.6873736224960821,0.4943895439306894,0.0004699826240539
MOSEI,entropy_shrink_ensemble,mask,0.75,vision,0.8428728673637864,0.8293302127802082,0.3563207685947418,0.0008926888306935
MOSEI,full_ensemble,gaussian,2.0,audio,0.8451660245826453,0.8316975437393037,0.35648488998413086,0.0
MOSEI,full_ensemble,gaussian,2.0,text,0.7759126765731058,0.7553286729623536,0.4953290522098541,0.0
MOSEI,full_ensemble,gaussian,2.0,vision,0.8436984039625757,0.8299870549040355,0.35629945000012714,0.0
MOSEI,full_ensemble,mask,0.75,audio,0.8410383415886993,0.8272013590053212,0.3562940259774526,0.0
MOSEI,full_ensemble,mask,0.75,text,0.7537149146945514,0.689977431895398,0.49485952655474347,0.0
MOSEI,full_ensemble,mask,0.75,vision,0.8427811410750321,0.8292593419381197,0.35721345742543537,0.0
MOSEI,posterior_ensemble,gaussian,2.0,audio,0.8427811410750321,0.8272152698232244,0.35718639691670734,-0.0007015069325764334
MOSEI,posterior_ensemble,gaussian,2.0,text,0.7756374977068428,0.7518958716140434,0.501073956489563,-0.005744904279708801
MOSEI,posterior_ensemble,gaussian,2.0,vision,0.8426894147862778,0.8283518582263565,0.3596707582473755,-0.0033713082472483
MOSEI,posterior_ensemble,mask,0.75,audio,0.8423225096312603,0.8273648840971245,0.3552769919236501,0.0010170340538024334
MOSEI,posterior_ensemble,mask,0.75,text,0.7350027517886626,0.655806804492457,0.5046435991923014,-0.009784072637557933
MOSEI,posterior_ensemble,mask,0.75,vision,0.8431480462300496,0.82782811374624,0.3553587198257446,0.0018547375996907
MOSEI,raw_mixer_ensemble,gaussian,2.0,audio,0.8418638781874885,0.8261222657566537,0.3559100528558095,0.0005748371283212667
MOSEI,raw_mixer_ensemble,gaussian,2.0,text,0.7755457714180884,0.7515292858821985,0.49630220731099445,-0.0009731551011402665
MOSEI,raw_mixer_ensemble,gaussian,2.0,vision,0.8423225096312603,0.8276690105647035,0.3574382662773131,-0.0011388162771860334
MOSEI,raw_mixer_ensemble,mask,0.75,audio,0.8413135204549624,0.8259390765238116,0.3551505009333292,0.0011435250441232667
MOSEI,raw_mixer_ensemble,mask,0.75,text,0.7365620986974867,0.6567769022938195,0.5052459836006165,-0.010386457045872967
MOSEI,raw_mixer_ensemble,mask,0.75,vision,0.8430563199412952,0.8277586676083847,0.3549227118492126,0.0022907455762226667
MOSI,A7_equal_ensemble,gaussian,2.0,audio,0.7901422764227642,0.7858975541733776,0.45037103692690533,0.0020667910575866
MOSI,A7_equal_ensemble,gaussian,2.0,text,0.7266260162601627,0.7233414754802701,0.5507658123970032,0.00129715601603185
MOSI,A7_equal_ensemble,gaussian,2.0,vision,0.7967479674796748,0.7899488838354561,0.4484952886899312,0.0034932096799214335
MOSI,A7_equal_ensemble,mask,0.75,audio,0.7870934959349594,0.781924181298053,0.4490637481212616,0.002576798200607267
MOSI,A7_equal_ensemble,mask,0.75,text,0.6859756097560976,0.6849767625960753,0.5958675543467203,0.007032851378122901
MOSI,A7_equal_ensemble,mask,0.75,vision,0.7916666666666666,0.7869106967326889,0.4504406750202179,0.0041369199752807
MOSI,A8_safe_fallback,gaussian,2.0,audio,0.7987804878048781,0.7915670645941906,0.4448496880446613,0.007588139939830566
MOSI,A8_safe_fallback,gaussian,2.0,text,0.725609756097561,0.7197580383344464,0.5584442297952629,-0.006381261382227766
MOSI,A8_safe_fallback,gaussian,2.0,vision,0.7982723577235772,0.7864459821209029,0.45203354137627,-4.504300641739984e-05
MOSI,A8_safe_fallback,mask,0.75,audio,0.7997967479674797,0.7916119927691923,0.4433077918113283,0.0083327545105405
MOSI,A8_safe_fallback,mask,0.75,text,0.7225609756097561,0.7188015572125014,0.5727228603372212,0.030177545387622202
MOSI,A8_safe_fallback,mask,0.75,vision,0.7982723577235772,0.7903304206081934,0.44647736360085816,0.008100231394640401
MOSI,confidence_shrink_ensemble,gaussian,2.0,audio,0.7911585365853658,0.7867449583511474,0.45252706345879967,-8.92354743077e-05
MOSI,confidence_shrink_ensemble,gaussian,2.0,text,0.725609756097561,0.7221843603553881,0.5486204839691505,0.0034424844438844665
MOSI,confidence_shrink_ensemble,gaussian,2.0,vision,0.7972560975609756,0.7904326565396004,0.45094470984335905,0.0010437885264936333
MOSI,confidence_shrink_ensemble,mask,0.75,audio,0.7886178861788617,0.7833809256502536,0.45105777426760485,0.0005827720542639334
MOSI,confidence_shrink_ensemble,mask,0.75,text,0.6869918699186992,0.6861256365278128,0.5966411012373325,0.006259304487510867
MOSI,confidence_shrink_ensemble,mask,0.75,vision,0.7931910569105691,0.7883707944612713,0.4525122352042763,0.0020653597912222332
MOSI,entropy_shrink_ensemble,gaussian,2.0,audio,0.7911585365853658,0.7866196306290322,0.4517914056777953,0.0006464223066965
MOSI,entropy_shrink_ensemble,gaussian,2.0,text,0.7271341463414634,0.7234994440734847,0.5503777066866556,0.0016852617263793332
MOSI,entropy_shrink_ensemble,gaussian,2.0,vision,0.7957317073170732,0.789129679763644,0.45100899537404376,0.0009795029958088667
MOSI,entropy_shrink_ensemble,mask,0.75,audio,0.7911585365853658,0.786223325556947,0.45105999708175654,0.0005805492401122333
MOSI,entropy_shrink_ensemble,mask,0.75,text,0.6803861788617886,0.6788430249755044,0.6014602184295654,0.0014401872952779
MOSI,entropy_shrink_ensemble,mask,0.75,vision,0.7896341463414634,0.7852241992882563,0.45362267891565955,0.000954916079839
MOSI,full_ensemble,gaussian,2.0,audio,0.7911585365853658,0.7866196699082311,0.452437827984492,0.0
MOSI,full_ensemble,gaussian,2.0,text,0.725609756097561,0.7220549964066197,0.552062968413035,0.0
MOSI,full_ensemble,gaussian,2.0,vision,0.7967479674796748,0.7901812877330386,0.4519884983698527,0.0
MOSI,full_ensemble,mask,0.75,audio,0.790650406504065,0.7857369515068382,0.4516405463218689,0.0
MOSI,full_ensemble,mask,0.75,text,0.679369918699187,0.6778111583698516,0.6029004057248434,0.0
MOSI,full_ensemble,mask,0.75,vision,0.7886178861788617,0.7841862641789287,0.45457759499549866,0.0
MOSI,posterior_ensemble,gaussian,2.0,audio,0.7738821138211383,0.770062638158768,0.4740955134232839,-0.021657685438791867
MOSI,posterior_ensemble,gaussian,2.0,text,0.7184959349593496,0.7160915408899771,0.5561505754788717,-0.0040876070658366
MOSI,posterior_ensemble,gaussian,2.0,vision,0.7860772357723578,0.7787874087578617,0.46306248505910236,-0.011073986689249632
MOSI,posterior_ensemble,mask,0.75,audio,0.7926829268292683,0.7872631287769648,0.46361131469408673,-0.011970768372217767
MOSI,posterior_ensemble,mask,0.75,text,0.6915650406504065,0.6914882154692374,0.5803946852684021,0.0225057204564412
MOSI,posterior_ensemble,mask,0.75,vision,0.7916666666666666,0.7867770206907525,0.4599294761816661,-0.005351881186167366
MOSI,raw_mixer_ensemble,gaussian,2.0,audio,0.7779471544715447,0.7739527729808688,0.4600172241528828,-0.007579396168390866
MOSI,raw_mixer_ensemble,gaussian,2.0,text,0.725609756097561,0.7231124622903494,0.5486632386843363,0.0033997297286986997
MOSI,raw_mixer_ensemble,gaussian,2.0,vision,0.7896341463414634,0.7827509202256262,0.4539542595545451,-0.0019657611846923668
MOSI,raw_mixer_ensemble,mask,0.75,audio,0.7901422764227642,0.7845504738629312,0.45384373267491657,-0.0022031863530476334
MOSI,raw_mixer_ensemble,mask,0.75,text,0.695630081300813,0.695332742411808,0.5878384510676066,0.015061954657236667
MOSI,raw_mixer_ensemble,mask,0.75,vision,0.7977642276422764,0.7930831831008687,0.4529118339220683,0.0016657610734303332
