dataset,method,corruption_type,accuracy_auc,macro_f1_auc,nll_auc,mean_nll_gain_vs_full,mean_accuracy_gain_vs_full,worst_accuracy,worst_nll,protocol
AV-MNIST,A7_equal_ensemble,gaussian,0.9747395833333333,0.974759780429995,0.07966021510461962,0.011134103095779814,0.0026736111111111405,0.9180092592592592,0.25741944958766294,clean-trained
AV-MNIST,A7_equal_ensemble,mask,0.9760493827160492,0.9761869842386495,0.0805053165596392,0.011785062754319786,0.00040123456790123563,0.9351851851851852,0.20974484582742048,clean-trained
AV-MNIST,A8_safe_fallback,gaussian,0.9698321759259259,0.9697905622012615,0.09571798765905261,-0.013506266822829656,-0.004641203703703717,0.9006944444444445,0.32124717846046924,clean-trained
AV-MNIST,A8_safe_fallback,mask,0.970216049382716,0.9705284129331321,0.09634778663478952,-0.014318958269146973,-0.008564814814814858,0.9183333333333333,0.26648110147671367,clean-trained
AV-MNIST,confidence_shrink_ensemble,gaussian,0.974675925925926,0.9746924249338793,0.08180177809731524,0.009275424018582534,0.002581018518518552,0.9177777777777778,0.2576643490443109,clean-trained
AV-MNIST,confidence_shrink_ensemble,mask,0.9763966049382717,0.9765341896519362,0.08327087159025126,0.008797662766630979,0.0009876543209876483,0.9366203703703704,0.21358388635051556,clean-trained
AV-MNIST,entropy_shrink_ensemble,gaussian,0.9746122685185185,0.9746293053051873,0.08185253781266505,0.009296660699571174,0.002453703703703708,0.9172685185185185,0.25723237047592795,clean-trained
AV-MNIST,entropy_shrink_ensemble,mask,0.9764043209876543,0.9765424969675682,0.08299724157485691,0.009277564163009337,0.0009876543209875743,0.936574074074074,0.2124902506669362,clean-trained
AV-MNIST,full_ensemble,gaussian,0.973287037037037,0.9733103078496137,0.08724661970821515,0.0,0.0,0.9087962962962963,0.2875092675288518,clean-trained
AV-MNIST,full_ensemble,mask,0.9759182098765433,0.9760951584313042,0.08858414687630198,0.0,0.0,0.9341203703703704,0.23369047045707703,clean-trained
AV-MNIST,posterior_ensemble,gaussian,0.9743981481481482,0.9744154078327621,0.08232599978024756,0.00859831056247156,0.002314814814814853,0.918425925925926,0.25861762960751844,clean-trained
AV-MNIST,posterior_ensemble,mask,0.9744212962962964,0.9745385802411073,0.08534807836016015,0.005353287483255083,-0.0018055555555556158,0.9322685185185184,0.22151704380909595,clean-trained
AV-MNIST,raw_mixer_ensemble,gaussian,0.9747048611111111,0.9747211543093922,0.08244401759778455,0.00960220536217093,0.002777777777777768,0.9193981481481481,0.2516949598987897,clean-trained
AV-MNIST,raw_mixer_ensemble,mask,0.9749768518518519,0.9750923024978986,0.08518598042428488,0.007163242126504589,-0.0010030864197531075,0.9334722222222223,0.21368253479401267,clean-trained
CREMA-D,A7_equal_ensemble,gaussian,0.6213075562124877,0.6195368434119675,1.010640742811042,0.014522687380917054,0.005789214368897261,0.5659992833467706,1.1631495325270385,clean-trained
CREMA-D,A7_equal_ensemble,mask,0.6116336707575621,0.6087159734849783,1.0333045134734387,0.006935234121652793,0.002000656932126995,0.5640060915524501,1.1534170019501673,clean-trained
CREMA-D,A8_safe_fallback,gaussian,0.6154707515900744,0.613517580026126,1.0280160553124,-0.01151258124142468,-0.0016068709128370384,0.5503000985398191,1.2337974882718883,clean-trained
CREMA-D,A8_safe_fallback,mask,0.6091179193167906,0.605755816482275,1.03600933267918,0.004199095613816446,-1.493027561287145e-05,0.5637821374182568,1.1549732245397184,clean-trained
CREMA-D,confidence_shrink_ensemble,gaussian,0.6194291409119412,0.6175450141079561,1.0126379489784534,0.01253810260146282,0.0036336558272865305,0.5624384126130968,1.165030625507223,clean-trained
CREMA-D,confidence_shrink_ensemble,mask,0.6106706679805309,0.6075659573714367,1.0352512437497656,0.005366751105967997,0.0014930275612888473,0.5653946071844487,1.1531295824701564,clean-trained
CREMA-D,entropy_shrink_ensemble,gaussian,0.6197510749798442,0.6178176552893312,1.0113244081006316,0.014026846346219868,0.003986383588641035,0.5630878796022575,1.1626294649684237,clean-trained
CREMA-D,entropy_shrink_ensemble,mask,0.61092448266595,0.6077841055344955,1.0348169526475763,0.00563334283972113,0.001724446833288577,0.5656633521454806,1.1531362410774584,clean-trained
CREMA-D,full_ensemble,gaussian,0.6160138403654931,0.6140574876614809,1.0234828467477417,0.0,0.0,0.5578697482755531,1.186312976102296,clean-trained
CREMA-D,full_ensemble,mask,0.6085319059989847,0.6051705783081094,1.0414042431324877,0.0,0.0,0.5664471916151572,1.1561488047473096,clean-trained
CREMA-D,posterior_ensemble,gaussian,0.618936441816716,0.6171698489407524,1.0189858592968575,0.013866075055699922,0.0056884350085102675,0.5767714772014692,1.1244212379274452,clean-trained
CREMA-D,posterior_ensemble,mask,0.600447161754606,0.5971468060997919,1.0612782333052315,-0.026973954887163625,-0.013078921436889676,0.5332571889277076,1.211809555697503,clean-trained
CREMA-D,raw_mixer_ensemble,gaussian,0.6275978679566424,0.6260499559283901,0.9976891872367022,0.03301618190624589,0.013683597599211644,0.5811161874048194,1.1166584269580562,clean-trained
CREMA-D,raw_mixer_ensemble,mask,0.6102227597121442,0.6073743395629432,1.038350567930013,-0.0028233211221114405,-0.002732240437158436,0.5463585057780167,1.1795364127122383,clean-trained
MOSEI,A7_equal_ensemble,gaussian,0.8373234268941478,0.8222433720176108,0.36594323193033534,-0.0002085260219044094,-0.0007414541674310993,0.8205222283373081,0.40465638703770107,clean-trained
MOSEI,A7_equal_ensemble,mask,0.832487413114821,0.8128743788597707,0.37100784977277124,0.0004906731623190996,-0.0011109072749138822,0.8112884486027029,0.4027045369148254,clean-trained
MOSEI,A8_safe_fallback,gaussian,0.8370367822417906,0.8224339748406329,0.3677138288367417,-0.0022390661259965305,-0.0010013453189017252,0.8204610774781386,0.40805840252049874,clean-trained
MOSEI,A8_safe_fallback,mask,0.8332772783790945,0.8150238975693805,0.37144091585592054,0.00033884147750932553,0.00023441162681669958,0.8143459915611815,0.4023396004260998,clean-trained
MOSEI,confidence_shrink_ensemble,gaussian,0.8372469883201858,0.8217501412350777,0.36471391858764945,0.0012183848544115305,-0.0009707698893169914,0.8201247477527059,0.40212701192569017,clean-trained
MOSEI,confidence_shrink_ensemble,mask,0.831677164230824,0.811308934280673,0.3708560527484165,0.0003866905841938273,-0.002313540838582077,0.8097596771234636,0.4032906196867347,clean-trained
MOSEI,entropy_shrink_ensemble,gaussian,0.8383094844982572,0.823811972127787,0.365380232118898,0.000642154779699089,6.115085916952312e-05,0.821531217513606,0.40220360292328733,clean-trained
MOSEI,entropy_shrink_ensemble,mask,0.8339091705905135,0.8153927259039646,0.3709081323058517,0.0006622186413518157,5.0959049308000694e-05,0.8122057114902465,0.4021222326490614,clean-trained
MOSEI,full_ensemble,gaussian,0.8381718950651257,0.8237418903931161,0.36605132081442404,0.0,0.0,0.8215923683727756,0.402704464064704,clean-trained
MOSEI,full_ensemble,mask,0.8337155262031433,0.8153218994725024,0.37158127791351747,0.0,0.0,0.8125114657860942,0.40278900331921047,clean-trained
MOSEI,posterior_ensemble,gaussian,0.8371132208157525,0.821273223967784,0.3662261697981093,-0.0006747171282768111,-0.0010395646058827812,0.8203693511893843,0.4059770372178819,clean-trained
MOSEI,posterior_ensemble,mask,0.8311522860229519,0.8099397669863786,0.37200291565170995,-0.0009267164601219902,-0.00328176277543372,0.8068244358833242,0.40509310364723206,clean-trained
MOSEI,raw_mixer_ensemble,gaussian,0.8362112456430013,0.820105296840839,0.3652428934971491,0.0006043463945388794,-0.001826881917691009,0.8199107197456125,0.40321684214803905,clean-trained
MOSEI,raw_mixer_ensemble,mask,0.8303675166636091,0.8088407801296853,0.3717996472561801,-0.000791313471617483,-0.003811736888236661,0.806977313031248,0.4051063987943861,clean-trained
MOSI,A7_equal_ensemble,gaussian,0.7878768631436315,0.7831054184741503,0.4552772980597284,0.003162863353888129,-0.0007621951219512757,0.7711720867208672,0.4832107126712799,clean-trained
MOSI,A7_equal_ensemble,mask,0.7814193766937669,0.7773070782478644,0.46666377175737306,0.0044341595084579355,-0.00022583559168927922,0.7549119241192411,0.4984573258293999,clean-trained
MOSI,A8_safe_fallback,gaussian,0.7949271680216803,0.7869936662616186,0.45151673862113495,0.006075802030573646,0.0057164634146341375,0.7742208672086721,0.48510915307206476,clean-trained
MOSI,A8_safe_fallback,mask,0.7938121047877145,0.7864131366416051,0.45918838802667605,0.012921564608896837,0.014001806684733498,0.7735433604336044,0.48750267191646923,clean-trained
MOSI,confidence_shrink_ensemble,gaussian,0.7883214769647697,0.7835005707009765,0.45719246411727676,0.001421514905992266,-0.00029640921409210264,0.7713414634146342,0.4840307524237697,clean-trained
MOSI,confidence_shrink_ensemble,mask,0.7830002258355917,0.7788411635056349,0.4687313991505414,0.002466121485740399,0.0015808491418246584,0.7562669376693766,0.5000703702364045,clean-trained
MOSI,entropy_shrink_ensemble,gaussian,0.788279132791328,0.7834965845466346,0.4577537936468919,0.0008978860245810183,-0.00033875338753383555,0.7713414634146342,0.48439270257949824,clean-trained
MOSI,entropy_shrink_ensemble,mask,0.7819557362240288,0.7779450286644687,0.4700167107361334,0.0009618589171657144,0.00011291779584454709,0.7537262872628726,0.5020476314756604,clean-trained
MOSI,full_ensemble,gaussian,0.7888296070460705,0.784049195235582,0.45862813211149633,0.0,0.0,0.7711720867208672,0.4854964315891266,clean-trained
MOSI,full_ensemble,mask,0.7822380307136405,0.7782241835063721,0.4709658137074223,0.0,0.0,0.752879403794038,0.503039515680737,clean-trained
MOSI,posterior_ensemble,gaussian,0.7866912262872628,0.7821197549287665,0.4693187549710273,-0.010996173653337715,-0.003218157181571868,0.7594850948509485,0.4977695246537526,clean-trained
MOSI,posterior_ensemble,mask,0.7816734417344173,0.7775246383552787,0.47558634093514196,-0.0026944643921322418,0.0009033423667569688,0.7586382113821138,0.501311825381385,clean-trained
MOSI,raw_mixer_ensemble,gaussian,0.7880250677506776,0.7834180484366264,0.45969845437341267,-0.0012688595387671114,-0.0016514227642276391,0.7643970189701896,0.4875449074639215,clean-trained
MOSI,raw_mixer_ensemble,mask,0.7835083559168925,0.7794470014419326,0.4689449226414716,0.002904505641372105,0.002653568202348633,0.7611788617886179,0.4981980058881972,clean-trained
AV-MNIST,A7_equal_ensemble,gaussian,0.9891493055555555,0.9891508186773493,0.03619020277013376,0.0007940918828050298,0.0002546296296296324,0.9743055555555555,0.0883050014575322,augmented-backbone
AV-MNIST,A7_equal_ensemble,mask,0.9901003086419753,0.9901051094035135,0.03354524914175267,-0.0010589521067837979,-0.00029320987654320635,0.9814351851851852,0.06392734125256536,augmented-backbone
AV-MNIST,A8_safe_fallback,gaussian,0.9892245370370369,0.9892232086514336,0.03563686507850024,0.0012332813806588717,0.0002314814814814159,0.9735185185185184,0.08847584400021175,augmented-backbone
AV-MNIST,A8_safe_fallback,mask,0.9903780864197529,0.9903803807445699,0.03217882945952598,0.0007772649191684402,6.172839506165169e-05,0.9818981481481481,0.060366214182654185,augmented-backbone
AV-MNIST,confidence_shrink_ensemble,gaussian,0.9889930555555556,0.98899406221019,0.03597248827412877,0.0010388105390076304,6.94444444444553e-05,0.9735185185185186,0.0881354707750568,augmented-backbone
AV-MNIST,confidence_shrink_ensemble,mask,0.99008487654321,0.9900893458924263,0.03299465395779623,-0.00022943855655839043,-0.00016975308641979195,0.981712962962963,0.06230033365405703,augmented-backbone
AV-MNIST,entropy_shrink_ensemble,gaussian,0.9889930555555556,0.9889941518895067,0.03597978510272994,0.0010233608384927146,8.101851851849418e-05,0.9736111111111111,0.08819553628563875,augmented-backbone
AV-MNIST,entropy_shrink_ensemble,mask,0.99008487654321,0.9900896330269107,0.032980119395587135,-0.00020846119150520065,-0.00016975308641979195,0.981712962962963,0.06225651937226449,augmented-backbone
AV-MNIST,full_ensemble,gaussian,0.9889351851851851,0.9889354832197751,0.036531446695638146,0.0,0.0,0.9734259259259259,0.09163530419270194,augmented-backbone
AV-MNIST,full_ensemble,mask,0.9901929012345679,0.99019747038364,0.03280697556005578,0.0,0.0,0.9820833333333334,0.06171078917880847,augmented-backbone
AV-MNIST,posterior_ensemble,gaussian,0.9874594907407408,0.9874615785475457,0.04333743553919093,-0.00857073006530603,-0.0017939814814814936,0.9700462962962964,0.10962966581185654,augmented-backbone
AV-MNIST,posterior_ensemble,mask,0.9883564814814814,0.9883625353755148,0.04195134631461564,-0.012636251281946906,-0.002530864197530939,0.9770833333333333,0.0865385041882594,augmented-backbone
AV-MNIST,raw_mixer_ensemble,gaussian,0.9876851851851851,0.9876868317234764,0.042277891654521185,-0.006428136257454757,-0.0014236111111111116,0.9712037037037037,0.10191609462102248,augmented-backbone
AV-MNIST,raw_mixer_ensemble,mask,0.9887268518518518,0.9887324545024614,0.04062454474882943,-0.010025900736865078,-0.0019598765432099117,0.978287037037037,0.07978803850710388,augmented-backbone
CREMA-D,A7_equal_ensemble,gaussian,0.6265228881125146,0.624885331764186,0.9901348272586963,0.008407529688784887,0.00411515721580219,0.5762339872794051,1.121839891886568,augmented-backbone
CREMA-D,A7_equal_ensemble,mask,0.619516856281167,0.6173355542811583,1.0098030532827416,0.0026948314904633452,0.0011869569112246496,0.5792349726775956,1.1170567057871277,augmented-backbone
CREMA-D,A8_safe_fallback,gaussian,0.6217778598942936,0.6196931339557712,1.0028978621585525,-0.007772923578019231,-0.0015340858192242346,0.5663128191346412,1.1551714475444606,augmented-backbone
CREMA-D,A8_safe_fallback,mask,0.6170981516318792,0.6143710989091855,1.013288066030211,0.0005909505447998509,-0.0007539789184508224,0.5794141359849503,1.1147621236986018,augmented-backbone
CREMA-D,confidence_shrink_ensemble,gaussian,0.6248880229329034,0.6231064033792488,0.991879958687355,0.006530070987955883,0.0022283436352235064,0.5734121651885694,1.124396399999673,augmented-backbone
CREMA-D,confidence_shrink_ensemble,mask,0.6188487264474902,0.6165328529952727,1.0111772539626238,0.001732670533586204,0.0008435605721281991,0.5803771387619816,1.1160823573848417,augmented-backbone
CREMA-D,entropy_shrink_ensemble,gaussian,0.6251259742004838,0.6233178589174118,0.9911227898998766,0.0074518101255995894,0.0026034668099973735,0.5746439129266326,1.1226400083659596,augmented-backbone
CREMA-D,entropy_shrink_ensemble,mask,0.6188524590163934,0.6165087830209875,1.011111728996755,0.001669544122692453,0.0008137000209023822,0.5803099525217235,1.1164144368130258,augmented-backbone
CREMA-D,full_ensemble,gaussian,0.6229480202454537,0.621106560973051,0.9974710171564868,0.0,0.0,0.5696273403207024,1.1356823225661246,augmented-backbone
CREMA-D,full_ensemble,mask,0.6176281764161367,0.6152228220450354,1.013609113899813,0.0,0.0,0.5811609782316581,1.115661043379081,augmented-backbone
CREMA-D,posterior_ensemble,gaussian,0.6195131237122637,0.6177887684568417,1.0181878872014183,-0.014595033530678814,-0.0013045328316760585,0.5794141359849503,1.119669742100685,augmented-backbone
CREMA-D,posterior_ensemble,mask,0.602567260891636,0.5995285546039375,1.0580527287799413,-0.053382672883627746,-0.02070082713726888,0.5400653946071845,1.20225750304866,augmented-backbone
CREMA-D,raw_mixer_ensemble,gaussian,0.6291039595090925,0.6276871597970025,0.9926284849480186,0.009863024336721177,0.00769282450954048,0.5862223416644271,1.1007617078277678,augmented-backbone
CREMA-D,raw_mixer_ensemble,mask,0.6141344919227208,0.6117931817967079,1.029723430522886,-0.02300007274982448,-0.008360954343217153,0.5562572785093614,1.1622189024272576,augmented-backbone
MOSEI,A7_equal_ensemble,gaussian,0.83810310034856,0.8237194370712786,0.36378479293651045,6.564623779721501e-05,-0.0003133981532440766,0.8197884180272732,0.40238509244389004,augmented-backbone
MOSEI,A7_equal_ensemble,mask,0.8354685174993375,0.8184774818164622,0.3672092888090346,-0.00020455431055142284,-0.0009478383171283392,0.8192074848651624,0.39473578664991593,augmented-backbone
MOSEI,A8_safe_fallback,gaussian,0.8398879410505717,0.825415970100907,0.3642985879346202,-0.0005754892798857103,0.001223017183391406,0.820827982633156,0.4037914793969952,augmented-backbone
MOSEI,A8_safe_fallback,mask,0.836538657534805,0.8191879596023391,0.3674826383184274,-0.0004991925865672578,-0.0005299741128029037,0.8183207974072036,0.39525118204617343,augmented-backbone
MOSEI,confidence_shrink_ensemble,gaussian,0.838064881061579,0.8231234477313398,0.36264553656509596,0.0014459359769934538,-0.0001758087201125802,0.8209197089219104,0.3998180144496948,augmented-backbone
MOSEI,confidence_shrink_ensemble,mask,0.8343474184145621,0.8162466002101739,0.3673003377900267,-0.0006469602651752263,-0.0025581442752603913,0.8159970647587599,0.3962051174397647,augmented-backbone
MOSEI,entropy_shrink_ensemble,gaussian,0.8389630343056321,0.8252309275445489,0.36343776351875734,0.0005488147338231358,0.0003439735828288937,0.8198189934568582,0.40114982922871906,augmented-backbone
MOSEI,entropy_shrink_ensemble,mask,0.8366813428728674,0.8207608107586966,0.3669547499329955,0.00018932642760101834,0.00020383619723196578,0.8204916529077234,0.3937535848882463,augmented-backbone
MOSEI,full_ensemble,gaussian,0.8386840335106709,0.8249867722084133,0.36395880538556313,0.0,0.0,0.8190240322876536,0.4017935064103868,augmented-backbone
MOSEI,full_ensemble,mask,0.8364061640066042,0.8205792416953199,0.36721783269334723,0.0,0.0,0.8206445300556474,0.3937325411372714,augmented-backbone
MOSEI,posterior_ensemble,gaussian,0.8366507674432826,0.8209241578349008,0.364688444054789,-0.0009335337413681893,-0.0014141136182963254,0.8192992111539167,0.40401347147093875,augmented-backbone
MOSEI,posterior_ensemble,mask,0.8314223689842842,0.8115260560223856,0.36968232415340563,-0.003519819842444557,-0.005850098860555615,0.8107686662997615,0.4006533159150018,augmented-backbone
MOSEI,raw_mixer_ensemble,gaussian,0.8374915917568642,0.8216458967303226,0.3632091138925817,0.000880710780620575,-0.0006879471656576763,0.8200330214639515,0.40044920643170673,augmented-backbone
MOSEI,raw_mixer_ensemble,mask,0.8318810004280561,0.8116953516109515,0.3686836538491426,-0.0024345991788087087,-0.005687029902770073,0.8106463645814225,0.39924906359778506,augmented-backbone
MOSI,A7_equal_ensemble,gaussian,0.793995596205962,0.7882895317697938,0.45062809685866034,0.0018316664629512008,-0.002582994579945763,0.7767615176151761,0.4776231348514557,augmented-backbone
MOSI,A7_equal_ensemble,mask,0.7928805329719963,0.787849134860696,0.46178217508174746,0.002919248960636315,-0.002766485998193328,0.7765921409214093,0.4916891356309255,augmented-backbone
MOSI,A8_safe_fallback,gaussian,0.7957317073170732,0.7897700196084688,0.4504915920210273,0.001926926738856305,-0.0005504742547425279,0.7791327913279132,0.47788347063809405,augmented-backbone
MOSI,A8_safe_fallback,mask,0.7935015808491418,0.7872248154291052,0.4600159226071296,0.005399761651449657,-0.0017502258355917382,0.7789634146341463,0.48733395362656745,augmented-backbone
MOSI,confidence_shrink_ensemble,gaussian,0.7934874661246614,0.7878579197179693,0.4537291283999148,-0.0011121202474868586,-0.003091124661246586,0.7767615176151761,0.47973494693884416,augmented-backbone
MOSI,confidence_shrink_ensemble,mask,0.7927676151761518,0.7877913200213675,0.4648628520667475,-3.1225802282523286e-05,-0.0030487804878048808,0.7755758807588077,0.49427769303235775,augmented-backbone
MOSI,entropy_shrink_ensemble,gaussian,0.7969596883468835,0.7910535204900477,0.4521886818110943,0.0004354235198762574,-0.00025406504065042523,0.7777777777777777,0.47822087340884734,augmented-backbone
MOSI,entropy_shrink_ensemble,mask,0.7961833785004517,0.7909982871595136,0.4639608319158907,0.0006476916648723482,-0.0001129177958446211,0.7787940379403794,0.4941590130329132,augmented-backbone
MOSI,full_ensemble,gaussian,0.7971290650406504,0.7911727403339571,0.4526287983689043,0.0,0.0,0.7784552845528455,0.4786776900291443,augmented-backbone
MOSI,full_ensemble,mask,0.7962680668473352,0.7910639360327438,0.4645779160437761,0.0,0.0,0.7789634146341463,0.4948370191786024,augmented-backbone
MOSI,posterior_ensemble,gaussian,0.7902481368563686,0.7852714107674142,0.46777685069375563,-0.015566286113527117,-0.008595867208672031,0.7601626016260162,0.4962215953403049,augmented-backbone
MOSI,posterior_ensemble,mask,0.7897188346883469,0.7849736224747681,0.4737311805839891,-0.0073587320469043664,-0.00762195121951222,0.7679539295392953,0.4982678592205047,augmented-backbone
MOSI,raw_mixer_ensemble,gaussian,0.7937838753387534,0.7886560362222168,0.4568573745588461,-0.0044461447331640425,-0.004403794037940362,0.7669376693766937,0.48404234978887767,augmented-backbone
MOSI,raw_mixer_ensemble,mask,0.7907068654019873,0.7858709396971958,0.4660526856228157,-0.000687110203283788,-0.006492773261065936,0.7703252032520326,0.4937351743380229,augmented-backbone
