dataset,first,second,metric,higher_is_better,raw_second_minus_first,oriented_improvement,improved_seeds,tied_seeds,n_seeds,paired_t_one_sided_p,holm_p
mosi,oof_single_hard,oof_multi_hard,anchored_top3,True,0.11189024390243904,0.11189024390243904,3,0,5,0.0860542351030497,1.0
mosi,oof_single_hard,oof_multi_hard,candidate_oracle_nll,False,0.010341799259185814,-0.010341799259185814,2,0,5,0.7366393539229512,1.0
mosi,oof_multi_hard,oof_multi_soft,anchored_top3,True,-0.14420731707317075,-0.14420731707317075,1,0,5,0.9540314624281349,1.0
mosi,oof_multi_hard,oof_multi_soft,candidate_oracle_nll,False,0.007915872335433938,-0.007915872335433938,1,0,5,0.8924804984408266,1.0
mosi,oof_multi_hard,oof_soft_pair,anchored_top3,True,-0.09999999999999999,-0.09999999999999999,1,0,5,0.9721413185378458,1.0
mosi,oof_multi_hard,oof_soft_pair,candidate_oracle_nll,False,0.0060345828533172495,-0.0060345828533172495,1,0,5,0.8398674588705294,1.0
mosi,oof_multi_hard,oof_soft_full,anchored_top3,True,-0.08201219512195124,-0.08201219512195124,0,0,5,0.9797590958239731,1.0
mosi,oof_multi_hard,oof_soft_full,candidate_oracle_nll,False,-0.0004936337471008523,0.0004936337471008523,2,0,5,0.46610343787486236,1.0
mosei,oof_single_hard,oof_multi_hard,anchored_top3,True,0.0,0.0,0,5,5,1.0,1.0
mosei,oof_single_hard,oof_multi_hard,candidate_oracle_nll,False,0.0,0.0,0,5,5,1.0,1.0
mosei,oof_multi_hard,oof_multi_soft,anchored_top3,True,0.15960374243258119,0.15960374243258119,4,1,5,0.0315483473110756,0.9779987666433436
mosei,oof_multi_hard,oof_multi_soft,candidate_oracle_nll,False,-0.007141512632369995,0.007141512632369995,4,1,5,0.0782796301286337,1.0
mosei,oof_multi_hard,oof_soft_pair,anchored_top3,True,0.18260869565217394,0.18260869565217394,4,1,5,0.023332711334620348,0.7466467627078511
mosei,oof_multi_hard,oof_soft_pair,candidate_oracle_nll,False,-0.005323916673660267,0.005323916673660267,4,1,5,0.10615574510708128,1.0
mosei,oof_multi_hard,oof_soft_full,anchored_top3,True,0.11128233351678593,0.11128233351678593,3,2,5,0.06943947285969096,1.0
mosei,oof_multi_hard,oof_soft_full,candidate_oracle_nll,False,-0.004502683877944946,0.004502683877944946,3,2,5,0.1444188551980697,1.0
cremad,oof_single_hard,oof_multi_hard,anchored_top3,True,0.0007524858908895427,0.0007524858908895427,3,0,5,0.3401790077687765,1.0
cremad,oof_single_hard,oof_multi_hard,candidate_oracle_nll,False,-0.0009754357207240938,0.0009754357207240938,2,0,5,0.27187321398686054,1.0
cremad,oof_multi_hard,oof_multi_soft,anchored_top3,True,-0.0030636925557645744,-0.0030636925557645744,0,0,5,0.9658844252277197,1.0
cremad,oof_multi_hard,oof_multi_soft,candidate_oracle_nll,False,0.0022037910905713387,-0.0022037910905713387,1,0,5,0.8527665256568009,1.0
cremad,oof_multi_hard,oof_soft_pair,anchored_top3,True,-0.0012362268207471105,-0.0012362268207471105,2,0,5,0.7401825680743683,1.0
cremad,oof_multi_hard,oof_soft_pair,candidate_oracle_nll,False,0.001519382065645125,-0.001519382065645125,1,0,5,0.8698272475623754,1.0
cremad,oof_multi_hard,oof_soft_full,anchored_top3,True,-0.0015049717817790854,-0.0015049717817790854,0,1,5,0.9722203449004337,1.0
cremad,oof_multi_hard,oof_soft_full,candidate_oracle_nll,False,-0.00036956484008303646,0.00036956484008303646,3,0,5,0.40033456503749687,1.0
avmnist,oof_single_hard,oof_multi_hard,anchored_top3,True,-0.00022222222222232358,-0.00022222222222232358,0,3,5,0.8790092347160184,1.0
avmnist,oof_single_hard,oof_multi_hard,candidate_oracle_nll,False,2.618320286275899e-05,-2.618320286275899e-05,1,2,5,0.688303526952192,1.0
avmnist,oof_multi_hard,oof_multi_soft,anchored_top3,True,6.661338147750939e-17,6.661338147750939e-17,2,1,5,0.49999999999991007,1.0
avmnist,oof_multi_hard,oof_multi_soft,candidate_oracle_nll,False,0.0001560525968670807,-0.0001560525968670807,2,1,5,0.7510348739095788,1.0
avmnist,oof_multi_hard,oof_soft_pair,anchored_top3,True,-2.2204460492503132e-17,-2.2204460492503132e-17,2,1,5,0.5000000000000424,1.0
avmnist,oof_multi_hard,oof_soft_pair,candidate_oracle_nll,False,1.556500792502073e-05,-1.556500792502073e-05,1,2,5,0.8680391377930685,1.0
avmnist,oof_multi_hard,oof_soft_full,anchored_top3,True,0.00011111111111110628,0.00011111111111110628,3,0,5,0.36459081217233613,1.0
avmnist,oof_multi_hard,oof_soft_full,candidate_oracle_nll,False,-0.0004447277635335981,0.0004447277635335981,3,0,5,0.11699982291112604,1.0
