dataset,variant,nll_gain,accuracy_gain,regret_reduction,correction,negative_flip,clipped_harm,strength
avmnist,in_sample_hard,0.0039735328406095,0.00111111111111102,0.17749173315098074,0.0016666666666666,0.00055555555555554,0.00307213673368092,0.95
avmnist,oof_multi_hard,0.0039735328406095,0.00111111111111102,0.17749173315098074,0.0016666666666666,0.00055555555555554,0.00307213673368092,0.95
avmnist,oof_multi_soft,0.0039735328406095,0.00111111111111102,0.17749173315098074,0.0016666666666666,0.00055555555555554,0.00307213673368092,0.95
avmnist,oof_single_hard,0.0039735328406095,0.00111111111111102,0.17749173315098074,0.0016666666666666,0.00055555555555554,0.00307213673368092,0.95
avmnist,oof_soft_full,0.0039735328406095,0.00111111111111102,0.17749173315098074,0.0016666666666666,0.00055555555555554,0.00307213673368092,0.95
avmnist,oof_soft_pair,0.0039735328406095,0.00111111111111102,0.17749173315098074,0.0016666666666666,0.00055555555555554,0.00307213673368092,0.95
cremad,in_sample_hard,0.025990365470041944,0.010534802472453619,0.07462055996659867,0.0185434023112066,0.00800859983875296,0.0160794862481702,0.49904595538833646
cremad,oof_multi_hard,0.025990365470041944,0.010534802472453619,0.07462055996659867,0.0185434023112066,0.00800859983875296,0.0160794862481702,0.49904595538833646
cremad,oof_multi_soft,0.025990365470041944,0.010534802472453619,0.07462055996659867,0.0185434023112066,0.00800859983875296,0.0160794862481702,0.49904595538833646
cremad,oof_single_hard,0.025990365470041944,0.010534802472453619,0.07462055996659867,0.0185434023112066,0.00800859983875296,0.0160794862481702,0.49904595538833646
cremad,oof_soft_full,0.025990365470041944,0.010534802472453619,0.07462055996659867,0.0185434023112066,0.00800859983875296,0.0160794862481702,0.49904595538833646
cremad,oof_soft_pair,0.025990365470041944,0.010534802472453619,0.07462055996659867,0.0185434023112066,0.00800859983875296,0.0160794862481702,0.49904595538833646
mosei,in_sample_hard,0.0035866737365722197,0.0023115024766097196,0.02222256994894444,0.00737479361585026,0.0050632911392404405,0.0080325323157012,1.0
mosei,oof_multi_hard,0.0036450743675231407,0.00225646670335714,0.02260656130093564,0.00742982938910286,0.00517336268574566,0.00808782922103996,1.0
mosei,oof_multi_soft,0.00392678976058956,0.00291689598238848,0.024326163727024362,0.00787011557512378,0.0049532195927352194,0.00826700683683152,1.0
mosei,oof_single_hard,0.0036069989204406405,0.0024215740231149597,0.022354013042146022,0.00742982938910286,0.0050082553659878196,0.00805620206519958,1.0
mosei,oof_soft_full,0.0038715541362762,0.00269675288937804,0.02398175588488072,0.0075949367088607,0.0048981838194826,0.008163047302514239,1.0
mosei,oof_soft_pair,0.00384383797645564,0.00302696752889372,0.02382942281388164,0.00787011557512378,0.00484314804622998,0.0082498043775558,1.0
mosi,in_sample_hard,0.00623607039451594,0.0067073170731706405,0.03770145401284078,0.013109756097560921,0.00640243902439022,0.007608136860653719,0.85
mosi,oof_multi_hard,0.0060769975185393805,0.00609756097560974,0.0370109210963081,0.012804878048780461,0.006707317073170721,0.00829944866709408,0.75
mosi,oof_multi_soft,0.0061970710754394,0.0067073170731707,0.03770994426020638,0.0137195121951219,0.007012195121951201,0.00856928962748492,0.85
mosi,oof_single_hard,0.0059736371040343805,0.00518292682926824,0.03636449443376824,0.01189024390243898,0.0067073170731707,0.00788229964673514,0.7
mosi,oof_soft_full,0.00645491480827326,0.00701219512195114,0.039180003456779584,0.014329268292682879,0.007317073170731681,0.009044608613476099,0.85
mosi,oof_soft_pair,0.0063491761684417196,0.0060975609756097,0.03858602131968452,0.01341463414634142,0.007317073170731681,0.00908783543854946,0.9
