dataset,method,auroc,auprc,spearman,top20_precision,brier,ece,safe_prevalence
avmnist,direct_risk_regression,0.6991910646477462,0.2630607640541486,0.8272815600823794,0.037037037037037,,,0.014166666666666623
avmnist,full_posterior_analytic,0.9842135937361721,0.7249148576867024,0.9529010254820498,0.07013888888888882,0.0064328013161192394,0.00438596875911378,0.014166666666666623
avmnist,learned_posterior_analytic,0.9881852238980022,0.7756775463262355,0.9609079889802347,0.07013888888888883,0.0057319781357622595,0.003948396356662299,0.014166666666666623
avmnist,max_confidence,0.3671175182758673,0.01190091164810436,0.9007420590719588,0.00777777777777776,,,0.014166666666666623
avmnist,plain_mlp_posterior,0.9851800338347674,0.7211039739999102,0.933985509664757,0.06972222222222216,0.007280206458251439,0.006215973712935819,0.014166666666666623
cremad,direct_risk_regression,0.5965731130835307,0.3752686705146043,0.2473939978544964,0.43519140362659503,,,0.28105348024724536
cremad,full_posterior_analytic,0.7473816673370429,0.5243786351540324,0.4088413952639553,0.554331766286098,0.16901679332538086,0.07197097350051186,0.28105348024724536
cremad,learned_posterior_analytic,0.763884966752862,0.546267158107944,0.4303309020050161,0.57367360644728,0.16072766789386547,0.04898797660620082,0.28105348024724536
cremad,max_confidence,0.5016116359640586,0.2925013815686902,0.1848604766818665,0.29361987911349896,,,0.28105348024724536
cremad,plain_mlp_posterior,0.7797226790409473,0.5721798812274203,0.4582492546325305,0.6024177300201478,0.15425645369963198,0.03566631252373546,0.28105348024724536
mosei,direct_risk_regression,0.6472115151373166,0.3633710408886567,0.4146817074657564,0.38798716185236126,,,0.1950100898917629
mosei,full_posterior_analytic,0.8674090403351095,0.6151936859223699,0.38317024688206247,0.581980742778542,0.10194784013513516,0.01677853638281204,0.1950100898917629
mosei,learned_posterior_analytic,0.8769580980289143,0.6358335978131631,0.4495818925336483,0.5947271893626777,0.09918263048214938,0.016489835134900318,0.1950100898917629
mosei,max_confidence,0.3905368540069586,0.16270220096916943,0.17966374490820697,0.10546960222557891,,,0.1950100898917629
mosei,plain_mlp_posterior,0.8773480703143534,0.6362183748173453,0.44475034531437485,0.5982576799633195,0.09880758202620041,0.013617706722654822,0.1950100898917629
mosi,direct_risk_regression,0.7072998122717868,0.4964431541893929,0.3950245201809293,0.5568181818181819,,,0.29756097560975603
mosi,full_posterior_analytic,0.8151222375765755,0.6187936312906641,0.3335165315245492,0.6386363636363637,0.14000794456784774,0.048913533672145224,0.29756097560975603
mosi,learned_posterior_analytic,0.81315592468195,0.6253815843769782,0.3481188920979411,0.6328282828282827,0.1393967883583643,0.04645612274932604,0.29756097560975603
mosi,max_confidence,0.4432039809735723,0.2760819547410636,-0.0037742051438158205,0.21666666666666665,,,0.29756097560975603
mosi,plain_mlp_posterior,0.8291219926895469,0.6420261209538205,0.3324185425225348,0.6583333333333333,0.13723363244117787,0.054322362073476585,0.29756097560975603
