dataset,variant,ndcg,pairwise_accuracy,candidate_recovery,candidate_oracle_nll,candidate_headroom_fraction,adaptive_nll_gain,adaptive_accuracy_gain,correction_rate,negative_flip_rate,clipped_harm,regret_reduction
avmnist,analytic_only,0.9952439112460919,0.9878309965227186,0.9937222222222223,0.02999899443238968,0.5025656281863647,0.0039735328406095,0.00111111111111102,0.0016666666666666,0.00055555555555554,0.00307213673368092,0.1774917331509807
avmnist,hard_oracle_classifier,0.9952135005606012,0.9849100777981844,0.9939444444444444,0.029916870221495577,0.5061230521883817,0.00397393256425854,0.00111111111111102,0.0016666666666666,0.00055555555555554,0.0030730827711522,0.17755877211543558
avmnist,listwise_pairwise_anchored,0.9951847973114717,0.9867435482186137,0.9935555555555556,0.03005399517714972,0.5025653183164217,0.0039735328406095,0.00111111111111102,0.0016666666666666,0.00055555555555554,0.00307213673368092,0.1774917331509807
avmnist,listwise_pairwise_unanchored,0.9951847973114717,0.9867435482186137,0.9935,0.030053943768143597,0.5025653183164217,0.0038720902055501397,0.00111111111111102,0.0016666666666666,0.00055555555555554,0.0031329942634328797,0.17284749777915176
avmnist,pairwise_only,0.9950078307178558,0.9840811844172744,0.9936111111111112,0.029766203649342,0.512184672223058,0.00391935259103768,0.00111111111111102,0.0016666666666666,0.00055555555555554,0.00312302049715066,0.17527168749729732
avmnist,soft_listwise,0.9950877080906505,0.985902008759466,0.9934444444444445,0.03023859299719328,0.4948291329860381,0.00398215204477306,0.00111111111111102,0.0016666666666666,0.00055555555555554,0.0030713182175531603,0.17791074072033247
cremad,analytic_only,0.8393695771905495,0.7158527792361129,0.8022037086804623,0.874473764939002,0.5213099493563222,0.025990365470041944,0.010534802472453619,0.01854340231120662,0.00800859983875296,0.0160794862481702,0.07462055996659867
cremad,hard_oracle_classifier,0.8484636359526402,0.7216181544466919,0.8112604138672399,0.8673101514009212,0.539040311904204,0.026048480903740262,0.010373555495834418,0.01843590432679382,0.008062348830959359,0.01610551573385174,0.07473192522433574
cremad,listwise_pairwise_anchored,0.8488924630998206,0.7250737518800705,0.808949207202365,0.870039358926505,0.5300949653983539,0.025990365470041944,0.010534802472453619,0.01854340231120662,0.00800859983875296,0.0160794862481702,0.07462055996659867
cremad,listwise_pairwise_unanchored,0.8488924630998206,0.7250737518800705,0.810185434023112,0.8695556704426478,0.5304541611213794,0.02579862041615626,0.01040042999193762,0.018301531846277842,0.007901101854340179,0.01572024514415596,0.073803305031732
cremad,pairwise_only,0.8481976783904722,0.7273855384486551,0.8092985756517065,0.8712876898023076,0.5257317098443233,0.02602620731435512,0.01042730448804082,0.01851652781510342,0.00808922332706256,0.016109690821467522,0.07465052509890083
cremad,soft_listwise,0.8491082216138806,0.7255343449210248,0.8105079279763505,0.8691101630603522,0.5328712987840569,0.02600555154816554,0.01037355549583442,0.01843590432679382,0.008062348830959359,0.015903622132106,0.07458390886221775
mosei,analytic_only,0.8856590991210147,0.7959609648151023,0.4886075949367088,0.3389031589031219,0.2074595280227321,0.00367127060890194,0.0024215740231149597,0.00742982938910286,0.0050082553659878196,0.00817079972475762,0.02276993648465358
mosei,hard_oracle_classifier,0.8898438362305932,0.7824891038639528,0.5378646119977986,0.3302852869033813,0.2598303153688975,0.0036048054695129008,0.00236653824986236,0.0075399009356081,0.00517336268574566,0.00803152658045288,0.02235539024422738
mosei,listwise_pairwise_anchored,0.8932882365767402,0.7915150610369558,0.6712713263621354,0.33423429727554316,0.23958376198713088,0.00384383797645564,0.00302696752889372,0.00787011557512378,0.00484314804622998,0.0082498043775558,0.02382942281388164
mosei,listwise_pairwise_unanchored,0.8932882365767402,0.7915150610369558,0.6658778205833792,0.33442130088806155,0.24205031942215935,0.00385229587554928,0.00275178866263066,0.00787011557512378,0.00511832691249306,0.00834196656942362,0.02388845193109228
mosei,pairwise_only,0.8863343212448832,0.7967136017109948,0.5340121078701155,0.33895432949066157,0.207202033255175,0.00366654992103574,0.00247660979636756,0.00748486516235546,0.0050082553659878196,0.00817207684740418,0.02274201621318598
mosei,soft_listwise,0.8962213457635425,0.7840714441496935,0.6607044578976334,0.3318155109882355,0.2556945084027439,0.0039436042308807,0.00275178866263066,0.00809025866813424,0.00533847000550352,0.00834035249426956,0.02443797937953624
mosi,analytic_only,0.8439548877375422,0.7254941956782343,0.39786585365853655,0.426692795753479,0.29281404547685774,0.006324869394302319,0.00609756097560972,0.01310975609756094,0.007012195121951201,0.0086638591252267,0.03841875848202728
mosi,hard_oracle_classifier,0.8532422510893382,0.708850097110984,0.65,0.4134353995323181,0.3671580014637926,0.00581615567207334,0.00548780487804876,0.012195121951219478,0.006707317073170721,0.007752800185698979,0.03553145103622518
mosi,listwise_pairwise_anchored,0.8472881930932203,0.7179375397917818,0.5353658536585366,0.4224067866802216,0.312060130315861,0.0063491761684417196,0.0060975609756097,0.01341463414634142,0.007317073170731681,0.00908783543854946,0.03858602131968452
mosi,listwise_pairwise_unanchored,0.8472881930932203,0.7179375397917818,0.5189024390243903,0.42487009763717654,0.29707877616290473,0.00594148635864254,0.005487804878048739,0.012499999999999959,0.007012195121951201,0.00799034432275216,0.0362509079575974
mosi,pairwise_only,0.8431211347521911,0.7247518109663763,0.5542682926829269,0.4310490071773529,0.23331728102239327,0.00606163740158078,0.00487804878048776,0.011585365853658481,0.006707317073170721,0.00791066884994502,0.036915345596724256
mosi,soft_listwise,0.8490338433442115,0.7187868188339127,0.5649390243902439,0.4215832531452179,0.3137981180915116,0.00565881133079522,0.0067073170731706796,0.01341463414634142,0.0067073170731707,0.0082616397645324,0.03466590164981622
