dataset,track,method,train_seed,n_changed,score_context_mad,score_context_max,contribution_context_mad,delta_spearman,delta_direction_accuracy,delta_auroc,endpoint_auroc,strict_switch_rate,strict_switch_count,strict_switch_endpoint_auroc
mosi,same_backbone,analytic_expected,11,17712,0.01337558962404728,0.44291117787361145,0.01931481808423996,0.37693952734869485,0.7024390243902439,0.7295791483434796,0.7519259329747483,0.006154019873532069,109,0.6960916442048517
mosi,same_backbone,analytic_probability,11,17712,0.09780929982662201,0.9651783108711243,0.01931481808423996,-0.21270847374366783,0.3563477173233271,0.36265581620995635,0.8746602165555232,0.006154019873532069,109,0.6081536388140162
mosi,same_backbone,anchored_listwise,11,17712,0.013406489044427872,0.44620436429977417,0.01931481808423996,0.3736432359682088,0.70093808630394,0.7278925804785678,0.7578667152365929,0.006154019873532069,109,0.7314690026954178
mosi,same_backbone,max_probability,11,17712,0.0,0.0,0.01931481808423996,0.0,0.0,0.5,0.7585644296209094,0.006154019873532069,109,0.5717654986522911
mosi,same_backbone,negative_entropy,11,17712,0.0,0.0,0.01931481808423996,0.0,0.0,0.5,0.7585639037006502,0.006154019873532069,109,0.5717654986522911
mosi,same_backbone,analytic_expected,22,17712,0.030495865270495415,0.7506179809570312,0.06983725726604462,0.29785009488657477,0.6411366997675892,0.6866830511999246,0.6747654099114764,0.03201219512195122,567,0.46449696294528
mosi,same_backbone,analytic_probability,22,17712,0.1233883872628212,0.9685903787612915,0.06983725726604462,-0.2161705284698889,0.33879146418761885,0.3677529571125775,0.8921364591644486,0.03201219512195122,567,0.6505530357284952
mosi,same_backbone,anchored_listwise,22,17712,0.030496113002300262,0.7513347268104553,0.06983725726604462,0.2964466425043917,0.638284386224382,0.6863093477058437,0.6801900895271575,0.03201219512195122,567,0.4620036603803613
mosi,same_backbone,max_probability,22,17712,0.0,0.0,0.06983725726604462,0.0,0.0,0.5,0.7603276792440907,0.03201219512195122,567,0.40314580515105697
mosi,same_backbone,negative_entropy,22,17712,0.0,0.0,0.06983725726604462,0.0,0.0,0.5,0.7603288311451415,0.03201219512195122,567,0.40314580515105697
mosi,same_backbone,analytic_expected,33,17712,0.018099939450621605,0.6360063552856445,0.03879934176802635,0.3310736723992273,0.6595233117290403,0.7025041216079467,0.7500810465904103,0.0130420054200542,231,0.6328947368421052
mosi,same_backbone,analytic_probability,33,17712,0.10079970210790634,0.9742493629455566,0.03879934176802635,-0.3248749799732098,0.2883127744093665,0.3031771005978656,0.8805794488037126,0.0130420054200542,231,0.7090557275541796
mosi,same_backbone,anchored_listwise,33,17712,0.02100721001625061,0.6814822554588318,0.03879934176802635,0.2357825465719639,0.609868283504077,0.6551538423669571,0.7607242623663655,0.0130420054200542,231,0.6380030959752322
mosi,same_backbone,max_probability,33,17712,0.0,0.0,0.03879934176802635,0.0,0.0,0.5,0.7539623358096967,0.0130420054200542,231,0.4695820433436532
mosi,same_backbone,negative_entropy,33,17712,0.0,0.0,0.03879934176802635,0.0,0.0,0.5,0.7539632066541495,0.0130420054200542,231,0.4695820433436532
mosi,same_backbone,analytic_expected,44,17712,0.013603835366666317,0.48054420948028564,0.02039295993745327,0.24347949069645636,0.636298249820187,0.6350395496910164,0.750234626658316,0.004121499548328816,73,0.64576802507837
mosi,same_backbone,analytic_probability,44,17712,0.08977331966161728,0.9526166915893555,0.02039295993745327,-0.3434030999536751,0.2712778710141453,0.2781770772812617,0.870627571057215,0.004121499548328816,73,0.6841692789968652
mosi,same_backbone,anchored_listwise,44,17712,0.013598999008536339,0.48038166761398315,0.02039295993745327,0.24286048910183955,0.6360584991608726,0.6347283105802806,0.7530334029883345,0.004121499548328816,73,0.6575235109717869
mosi,same_backbone,max_probability,44,17712,0.0,0.0,0.02039295993745327,0.0,0.0,0.5,0.7700124004847573,0.004121499548328816,73,0.6363636363636364
mosi,same_backbone,negative_entropy,44,17712,0.0,0.0,0.02039295993745327,0.0,0.0,0.5,0.7700130505292309,0.004121499548328816,73,0.6363636363636364
mosi,same_backbone,analytic_expected,55,17712,0.03149290010333061,0.7640737891197205,0.06934349983930588,0.373200815174243,0.6808820470147702,0.7311565557641857,0.7119252086994806,0.027213188798554652,482,0.5381800709639266
mosi,same_backbone,analytic_probability,55,17712,0.12010708451271057,0.9507532119750977,0.06934349983930588,-0.23138578211078636,0.3374245891408363,0.3629357802374043,0.9042375861703542,0.027213188798554652,482,0.6094027202838557
mosi,same_backbone,anchored_listwise,55,17712,0.03206782788038254,0.802039384841919,0.06934349983930588,0.3437352070860839,0.6592469315581444,0.7195466704845622,0.7032006567108652,0.027213188798554652,482,0.5964850680070963
mosi,same_backbone,max_probability,55,17712,0.0,0.0,0.06934349983930588,0.0,0.0,0.5,0.7446454206144129,0.027213188798554652,482,0.46294722057953874
mosi,same_backbone,negative_entropy,55,17712,0.0,0.0,0.06934349983930588,0.0,0.0,0.5,0.744646229371636,0.027213188798554652,482,0.46294722057953874
mosi,native_within_model,concat,11,17712,0.0,0.0,0.05082617327570915,0.0,0.0,0.5,0.6700229569345822,0.020042908762420958,355,0.40496513976672965
mosi,native_within_model,concat,22,17712,0.0,0.0,0.05248171463608742,0.0,0.0,0.5,0.6715197194477085,0.017558717253839205,311,0.5050125313283208
mosi,native_within_model,concat,33,17712,0.0,0.0,0.08561931550502777,0.0,0.0,0.5,0.6687407393449615,0.036415989159891596,645,0.42455769230769236
mosi,native_within_model,concat,44,17712,0.0,0.0,0.06017051264643669,0.0,0.0,0.5,0.7103359698312555,0.024446702800361337,433,0.4813073799435028
mosi,native_within_model,concat,55,17712,0.0,0.0,0.07435204833745956,0.0,0.0,0.5,0.6405772216095631,0.0400293586269196,709,0.398389313221054
mosi,native_within_model,i2moe,11,17712,0.04666106030344963,0.4908471405506134,0.048732154071331024,-0.03317320351942712,0.49055755395683454,0.48177127051842794,0.3272913710079288,0.00508130081300813,90,0.5856416054267948
mosi,native_within_model,i2moe,22,17712,0.01891370490193367,0.19895437359809875,0.04092322662472725,0.05532303154946001,0.5285241074714759,0.5314002476198203,0.4500642457173775,0.010670731707317074,189,0.6186364655752411
mosi,native_within_model,i2moe,33,17712,0.04306536540389061,0.5151796340942383,0.058054495602846146,0.1015997608136333,0.5618764221949939,0.5625539257981018,0.3078906399743144,0.007847786811201445,139,0.5642087821043911
mosi,native_within_model,i2moe,44,17712,0.05090455338358879,0.48893582820892334,0.05818946287035942,-0.006284333697007992,0.5039695945945946,0.49120327819578136,0.42315740790955875,0.014622854561878952,259,0.6008035062089117
mosi,native_within_model,i2moe,55,17712,0.023164410144090652,0.21305689215660095,0.06659877300262451,0.026379435583803734,0.5119387027797576,0.5219115778512853,0.5405928917368533,0.028342366757000904,502,0.4792887195363976
mosi,native_within_model,pdf,11,17712,0.09297724813222885,1.4891177415847778,0.055104419589042664,-0.027352008230681908,0.47543705439984374,0.46564668029243883,0.7398080005083568,0.02184959349593496,387,0.529954448480655
mosi,native_within_model,pdf,22,17712,0.10182275623083115,1.1434013843536377,0.06188151612877846,-0.04572107652242242,0.48274845178413445,0.46027793484322865,0.7675616914807544,0.03127822944896116,554,0.5155128049684086
mosi,native_within_model,pdf,33,17712,0.09546425193548203,1.3605446815490723,0.06268825381994247,-0.07004274807160205,0.46918373289333204,0.44551632734607954,0.7616833629063897,0.018179765130984644,322,0.6352534846429012
mosi,native_within_model,pdf,44,17712,0.101137176156044,1.3975532054901123,0.06108204275369644,-0.10056702620114946,0.4431563565513882,0.41729731932087194,0.7873253466865515,0.02077687443541102,368,0.5709219858156028
mosi,native_within_model,pdf,55,17712,0.09105843305587769,1.6219712495803833,0.05027996376156807,-0.07111187115587059,0.4633301857097891,0.4394030370365672,0.7683615972412027,0.021906052393857272,388,0.495976245976246
mosi,native_within_model,qmf,11,17712,0.0,0.0,0.05011240392923355,0.0,0.0,0.5,0.7355487996730403,0.018010388437217705,319,0.4497039084090012
mosi,native_within_model,qmf,22,17712,0.0,0.0,0.06626534461975098,0.0,0.0,0.5,0.6841514142308158,0.02009936766034327,356,0.31767850324551355
mosi,native_within_model,qmf,33,17712,0.0,0.0,0.06800708174705505,0.0,0.0,0.5,0.7435584426679973,0.02162375790424571,383,0.4245272677445876
mosi,native_within_model,qmf,44,17712,0.0,0.0,0.07268975675106049,0.0,0.0,0.5,0.7222874599661204,0.023995031616982836,425,0.44356563586133146
mosi,native_within_model,qmf,55,17712,0.0,0.0,0.04857346788048744,0.0,0.0,0.5,0.7958246819397784,0.01964769647696477,348,0.4232104700854701
mosi,native_within_model,tmc,11,17712,0.0,0.0,0.041630666702985764,0.0,0.0,0.5,0.732234646148006,0.002822944896115628,50,0.5689102564102564
mosi,native_within_model,tmc,22,17712,0.0,0.0,0.04623139649629593,0.0,0.0,0.5,0.7276462093850835,0.001411472448057814,25,0.43999999999999995
mosi,native_within_model,tmc,33,17712,0.0,0.0,0.04836265742778778,0.0,0.0,0.5,0.7593556378558385,0.006831526648599819,121,0.49698464912280704
mosi,native_within_model,tmc,44,17712,0.0,0.0,0.04106391593813896,0.0,0.0,0.5,0.7347320608022416,0.004234417344173441,75,0.40046296296296297
mosi,native_within_model,tmc,55,17712,0.0,0.0,0.03687598928809166,0.0,0.0,0.5,0.7545017331241604,0.002935862691960253,52,0.5849673202614379
mosei,same_backbone,analytic_expected,11,98118,0.019609011709690094,0.7370645999908447,0.03635881096124649,0.44772069889032906,0.7147243545010468,0.7724769675905805,0.81476226347536,0.012495158890315742,1226,0.6080941123494314
mosei,same_backbone,analytic_probability,11,98118,0.10355633497238159,0.9941789507865906,0.03635881096124649,-0.2742047235831291,0.32160303060512413,0.35331296229057124,0.9300880815639865,0.012495158890315742,1226,0.5554204660587639
mosei,same_backbone,anchored_listwise,11,98118,0.023082325235009193,0.7128639221191406,0.03635881096124649,0.21142802181514964,0.6014554879872396,0.632780465286316,0.7981437151718139,0.012495158890315742,1226,0.5801756163458291
mosei,same_backbone,max_probability,11,98118,0.0,0.0,0.03635881096124649,0.0,0.0,0.5,0.7739535151939321,0.012495158890315742,1226,0.4955730046155578
mosei,same_backbone,negative_entropy,11,98118,0.0,0.0,0.03635881096124649,0.0,0.0,0.5,0.7739535303415429,0.012495158890315742,1226,0.4955730046155578
mosei,same_backbone,analytic_expected,22,98118,0.028388405218720436,0.8229125738143921,0.05241459608078003,0.5236707781445953,0.7375115305470801,0.8059337861363582,0.8171718397499902,0.018375833180456186,1803,0.6367592945838512
mosei,same_backbone,analytic_probability,22,98118,0.12256799638271332,0.9976407289505005,0.05241459608078003,-0.25010473417400475,0.3254807351167246,0.3709593046217514,0.9312320359835486,0.018375833180456186,1803,0.6021339699964311
mosei,same_backbone,anchored_listwise,22,98118,0.027648506686091423,0.7636861801147461,0.05241459608078003,0.5081487139961033,0.7298126729582062,0.797448500988782,0.8206370521624508,0.018375833180456186,1803,0.6329337780129711
mosei,same_backbone,max_probability,22,98118,0.0,0.0,0.05241459608078003,0.0,0.0,0.5,0.7646141775218025,0.018375833180456186,1803,0.47374872318692546
mosei,same_backbone,negative_entropy,22,98118,0.0,0.0,0.05241459608078003,0.0,0.0,0.5,0.7646141794006149,0.018375833180456186,1803,0.4737554918345497
mosei,same_backbone,analytic_expected,33,98118,0.020253269001841545,0.6093258857727051,0.028783148154616356,0.369893633628966,0.6864523406655386,0.7443476640868157,0.8047641102707445,0.007419637579241321,728,0.6336446442983974
mosei,same_backbone,analytic_probability,33,98118,0.09809286892414093,0.9981639981269836,0.028783148154616356,-0.23017981791841777,0.3466215454032713,0.3606427108561908,0.932101805501161,0.007419637579241321,728,0.5818978438833161
mosei,same_backbone,anchored_listwise,33,98118,0.020253269001841545,0.6093260049819946,0.028783148154616356,0.36989366327423256,0.6864523406655386,0.7443477102494699,0.804764132046861,0.007419637579241321,728,0.6336446442983974
mosei,same_backbone,max_probability,33,98118,0.0,0.0,0.028783148154616356,0.0,0.0,0.5,0.7951797318732144,0.007419637579241321,728,0.5563088512241054
mosei,same_backbone,negative_entropy,33,98118,0.0,0.0,0.028783148154616356,0.0,0.0,0.5,0.7951797470953541,0.007419637579241321,728,0.5563088512241054
mosei,same_backbone,analytic_expected,44,98118,0.03329025208950043,0.8399451971054077,0.06031062826514244,0.4708063641331903,0.720742223591007,0.78659300513086,0.8049168175411683,0.016734951792739355,1642,0.6090755953308548
mosei,same_backbone,analytic_probability,44,98118,0.10952234268188477,0.9944607019424438,0.06031062826514244,-0.2664742084832116,0.3262434554973822,0.3626597971273199,0.9327291571016922,0.016734951792739355,1642,0.6343121322083454
mosei,same_backbone,anchored_listwise,44,98118,0.02939126081764698,0.7416430711746216,0.06031062826514244,0.31582210292503343,0.6395326455189405,0.6989871894978836,0.7801844094014712,0.016734951792739355,1642,0.5884013446425789
mosei,same_backbone,max_probability,44,98118,0.0,0.0,0.06031062826514244,0.0,0.0,0.5,0.7680666304406223,0.016734951792739355,1642,0.4659424000237465
mosei,same_backbone,negative_entropy,44,98118,0.0,0.0,0.06031062826514244,0.0,0.0,0.5,0.7680664899523068,0.016734951792739355,1642,0.4659424000237465
mosei,same_backbone,analytic_expected,55,98118,0.026453888043761253,0.7512085437774658,0.041511423885822296,0.48279517922567255,0.7250589320487855,0.7962923040884627,0.8138754145660525,0.012760145946717217,1252,0.6173989302903236
mosei,same_backbone,analytic_probability,55,98118,0.10276679694652557,0.9950740933418274,0.041511423885822296,-0.24064477430579928,0.3451470738956646,0.3696621538485133,0.9319171542308949,0.012760145946717217,1252,0.576582443002644
mosei,same_backbone,anchored_listwise,55,98118,0.02558792009949684,0.7184155583381653,0.041511423885822296,0.45541490403521134,0.7082709849338936,0.7820236653790203,0.8130317745486577,0.012760145946717217,1252,0.6125650188656455
mosei,same_backbone,max_probability,55,98118,0.0,0.0,0.041511423885822296,0.0,0.0,0.5,0.7448110671030632,0.012760145946717217,1252,0.5598488647791393
mosei,same_backbone,negative_entropy,55,98118,0.0,0.0,0.041511423885822296,0.0,0.0,0.5,0.7448109569516435,0.012760145946717217,1252,0.5598488647791393
mosei,native_within_model,concat,11,98118,0.0,0.0,0.09758099913597107,0.0,0.0,0.5,0.7174265014935601,0.02328828553374508,2285,0.4899824533166703
mosei,native_within_model,concat,22,98118,0.0,0.0,0.07196205109357834,0.0,0.0,0.5,0.7468494550867844,0.014054505799139812,1379,0.5309805597094638
mosei,native_within_model,concat,33,98118,0.0,0.0,0.05577351525425911,0.0,0.0,0.5,0.7452191051122681,0.010497564157443079,1030,0.384520254577263
mosei,native_within_model,concat,44,98118,0.0,0.0,0.07295071333646774,0.0,0.0,0.5,0.7405934802146236,0.01401373855969343,1375,0.5290095238095238
mosei,native_within_model,concat,55,98118,0.0,0.0,0.0729651227593422,0.0,0.0,0.5,0.7253433680808239,0.01646996473633788,1616,0.4979831745501142
mosei,native_within_model,i2moe,11,98118,0.042128387838602066,0.4977831244468689,0.058259475976228714,0.05472182806619594,0.533809767449537,0.530982048393618,0.6714672559038475,0.009080902586681342,891,0.45287459431128674
mosei,native_within_model,i2moe,22,98118,0.02851659245789051,0.37704938650131226,0.05680444464087486,-0.01980265248492523,0.48246668752985356,0.47991953377714414,0.743308781866389,0.016154018630628427,1585,0.39274643956653454
mosei,native_within_model,i2moe,33,98118,0.017850708216428757,0.18409356474876404,0.049598611891269684,0.00020969942024806135,0.5003912363067292,0.4974330928492442,0.740652810902883,0.0066348682198984895,651,0.43917155286551923
mosei,native_within_model,i2moe,44,98118,0.03499598428606987,0.7098459601402283,0.06548071652650833,-0.02580525847743276,0.48912330126614695,0.4838192458157889,0.473793832095139,0.014329684665402883,1406,0.4873118309288228
mosei,native_within_model,i2moe,55,98118,0.026296168565750122,0.5487648248672485,0.05296845734119415,0.028337346473100527,0.5109780085414045,0.5226515981607438,0.605283920158309,0.011863266678896839,1164,0.4725807794803464
mosei,native_within_model,pdf,11,98118,0.10385613143444061,1.195984125137329,0.065371073782444,0.0018014067309571576,0.5023403320405785,0.48343118055203393,0.857710850083603,0.023369820012637845,2293,0.32033285238300413
mosei,native_within_model,pdf,22,98118,0.10607046633958817,1.1739221811294556,0.05941350758075714,-0.00232554921752007,0.5069461695744396,0.4815862083264149,0.8535844205757626,0.01661265007440021,1630,0.39731115925747607
mosei,native_within_model,pdf,33,98118,0.09847845882177353,1.1705515384674072,0.06119946762919426,0.006377707270688064,0.5066295853816174,0.47767763067133884,0.8702609345810074,0.020770908497931062,2038,0.3423863218992478
mosei,native_within_model,pdf,44,98118,0.12106455862522125,1.1808217763900757,0.08070705831050873,0.030086976037709462,0.5169852325560682,0.5081208952281047,0.8542306176002387,0.022870421329419677,2244,0.40939335353052175
mosei,native_within_model,pdf,55,98118,0.11223111301660538,1.1758345365524292,0.08474718034267426,0.037304645242921874,0.5269072951087549,0.5113849794230042,0.8474907051630656,0.031299048084958925,3071,0.3539381287576957
mosei,native_within_model,qmf,11,98118,0.0,0.0,0.11621363461017609,0.0,0.0,0.5,0.7584182645975321,0.04140932346766139,4063,0.36667224607621957
mosei,native_within_model,qmf,22,98118,0.0,0.0,0.12350191175937653,0.0,0.0,0.5,0.7638667568398969,0.042611957031329625,4181,0.3463029952913451
mosei,native_within_model,qmf,33,98118,0.0,0.0,0.12450714409351349,0.0,0.0,0.5,0.7784658953332723,0.03864734299516908,3792,0.33248872618113046
mosei,native_within_model,qmf,44,98118,0.0,0.0,0.12303009629249573,0.0,0.0,0.5,0.7737638235153877,0.040339183432193886,3958,0.3038907430357019
mosei,native_within_model,qmf,55,98118,0.0,0.0,0.09386998414993286,0.0,0.0,0.5,0.739333264815002,0.0332762591981084,3265,0.33472805702269837
mosei,native_within_model,tmc,11,98118,0.0,0.0,0.07377085089683533,0.0,0.0,0.5,0.7647503407316092,0.00936627326280601,919,0.3867645398080181
mosei,native_within_model,tmc,22,98118,0.0,0.0,0.05869105085730553,0.0,0.0,0.5,0.7815199192717024,0.009243971544466866,907,0.41797938903202064
mosei,native_within_model,tmc,33,98118,0.0,0.0,0.05825953185558319,0.0,0.0,0.5,0.7824785687872537,0.006308730304327443,619,0.42119621971595655
mosei,native_within_model,tmc,44,98118,0.0,0.0,0.055887024849653244,0.0,0.0,0.5,0.7819506900122117,0.006920238896023155,679,0.39535972948890763
mosei,native_within_model,tmc,55,98118,0.0,0.0,0.06797928363084793,0.0,0.0,0.5,0.7709572527235269,0.0071240750932550605,699,0.38177912313250656
cremad,same_backbone,analytic_expected,11,133956,0.09412706643342972,1.1178746223449707,0.21121720969676971,0.3892968945335138,0.6688214095250408,0.7089615297889323,0.6488454599185293,0.056906745498521906,7623,0.6423909224832368
cremad,same_backbone,analytic_probability,11,133956,0.09481466561555862,0.9953149557113647,0.21121720969676971,-0.177754569628939,0.38618109536353207,0.4061772374721026,0.7638455830638946,0.056906745498521906,7623,0.7639708819972675
cremad,same_backbone,anchored_listwise,11,133956,0.09250916540622711,1.1127710342407227,0.21121720969676971,0.35699401921182583,0.6551495660886569,0.6925952118080574,0.6607134583132159,0.056906745498521906,7623,0.6198080614150588
cremad,same_backbone,max_probability,11,133956,0.0,0.0,0.21121720969676971,0.0,0.0,0.5,0.5871875017623112,0.056906745498521906,7623,0.4699916584966206
cremad,same_backbone,negative_entropy,11,133956,0.0,0.0,0.21121720969676971,0.0,0.0,0.5,0.6096570872111522,0.056906745498521906,7623,0.44369371602613916
cremad,same_backbone,analytic_expected,22,133956,0.0903429314494133,1.3868131637573242,0.19152545928955078,0.437151023062014,0.6874680348430359,0.7323277682627611,0.6570124812027323,0.05045686643375437,6759,0.693773571828994
cremad,same_backbone,analytic_probability,22,133956,0.0877116322517395,0.9954195022583008,0.19152545928955078,-0.15791387599979786,0.39526387998149065,0.4146840103394249,0.7690141231866476,0.05045686643375437,6759,0.8022245577773547
cremad,same_backbone,anchored_listwise,22,133956,0.09049270302057266,1.3386929035186768,0.19152545928955078,0.3071667142132226,0.635617505946534,0.6666139762609395,0.6764674918181416,0.05045686643375437,6759,0.6388250559056451
cremad,same_backbone,max_probability,22,133956,0.0,0.0,0.19152545928955078,0.0,0.0,0.5,0.576746766988079,0.05045686643375437,6759,0.5451452669478106
cremad,same_backbone,negative_entropy,22,133956,0.0,0.0,0.19152545928955078,0.0,0.0,0.5,0.5959038219784092,0.05045686643375437,6759,0.5377737051778848
cremad,same_backbone,analytic_expected,33,133956,0.10495642572641373,1.339715838432312,0.23726172745227814,0.42680929711987375,0.6812470279114378,0.7255502894841006,0.6416201141331032,0.058422168473230014,7826,0.6926841778980699
cremad,same_backbone,analytic_probability,33,133956,0.09849052876234055,0.9941896200180054,0.23726172745227814,-0.15786936990657569,0.39357303479459343,0.4163504998832931,0.7599706485753835,0.058422168473230014,7826,0.8056030940684042
cremad,same_backbone,anchored_listwise,33,133956,0.10387080162763596,1.3056581020355225,0.23726172745227814,0.3310479883209687,0.6416487333865287,0.6749009377347972,0.6539052036249661,0.058422168473230014,7826,0.6476884110453043
cremad,same_backbone,max_probability,33,133956,0.0,0.0,0.23726172745227814,0.0,0.0,0.5,0.589213366623604,0.058422168473230014,7826,0.52567514886366
cremad,same_backbone,negative_entropy,33,133956,0.0,0.0,0.23726172745227814,0.0,0.0,0.5,0.6058114729409934,0.058422168473230014,7826,0.5117479733934409
cremad,same_backbone,analytic_expected,44,133956,0.09655363857746124,1.3553495407104492,0.21733999252319336,0.4303645075495027,0.687899378811562,0.7298870442822931,0.6513371853666687,0.058780495087939325,7874,0.6967762419118076
cremad,same_backbone,analytic_probability,44,133956,0.09180387854576111,0.9902622103691101,0.21733999252319336,-0.15279807700795908,0.3909761648295579,0.41684568883530426,0.7694961816533549,0.058780495087939325,7874,0.788312599757852
cremad,same_backbone,anchored_listwise,44,133956,0.09587949514389038,1.441330075263977,0.21733999252319336,0.30658535075575494,0.6420189029180469,0.6692901978871277,0.663137274769628,0.058780495087939325,7874,0.6286686333503688
cremad,same_backbone,max_probability,44,133956,0.0,0.0,0.21733999252319336,0.0,0.0,0.5,0.588115758745843,0.058780495087939325,7874,0.5051222547024389
cremad,same_backbone,negative_entropy,44,133956,0.0,0.0,0.21733999252319336,0.0,0.0,0.5,0.6060678032818357,0.058780495087939325,7874,0.49224770890802044
cremad,same_backbone,analytic_expected,55,133956,0.10772629082202911,1.5305919647216797,0.2506943345069885,0.44169588077625876,0.6902384803550513,0.7379384254948276,0.6590345931528931,0.06040042999193765,8091,0.6919761888953705
cremad,same_backbone,analytic_probability,55,133956,0.098412424325943,0.9950191378593445,0.2506943345069885,-0.1468981689080818,0.39978327211301723,0.4242255756019041,0.7693355687163371,0.06040042999193765,8091,0.7926580916571586
cremad,same_backbone,anchored_listwise,55,133956,0.10625646263360977,1.453924536705017,0.2506943345069885,0.31534630501514355,0.6393791383472905,0.6734992848450949,0.6828346121288638,0.06040042999193765,8091,0.628100203911784
cremad,same_backbone,max_probability,55,133956,0.0,0.0,0.2506943345069885,0.0,0.0,0.5,0.5971749084053788,0.06040042999193765,8091,0.5050005304205365
cremad,same_backbone,negative_entropy,55,133956,0.0,0.0,0.2506943345069885,0.0,0.0,0.5,0.6156531385026609,0.06040042999193765,8091,0.4813941828179516
cremad,native_within_model,concat,11,133956,0.0,0.0,0.15444961190223694,0.0,0.0,0.5,0.6170834913532595,0.0443578488458897,5942,0.46425367709606075
cremad,native_within_model,concat,22,133956,0.0,0.0,0.15230321884155273,0.0,0.0,0.5,0.6120599774172353,0.042767774493117146,5729,0.4531131487172269
cremad,native_within_model,concat,33,133956,0.0,0.0,0.161184623837471,0.0,0.0,0.5,0.6074978351243628,0.04443996536176058,5953,0.4573748242594877
cremad,native_within_model,concat,44,133956,0.0,0.0,0.20591576397418976,0.0,0.0,0.5,0.638740838764842,0.062192063065484186,8331,0.45377003326557874
cremad,native_within_model,concat,55,133956,0.0,0.0,0.1763593703508377,0.0,0.0,0.5,0.626512544957095,0.05352503807220281,7170,0.4593950814597938
cremad,native_within_model,i2moe,11,133956,0.025201186537742615,0.3993142247200012,0.14868982136249542,0.049473303437706735,0.5221604102975326,0.5327302891756142,0.46762776453890836,0.03987876616202335,5342,0.6417604902930052
cremad,native_within_model,i2moe,22,133956,0.021919915452599525,0.367072194814682,0.17900434136390686,0.02839888807332068,0.513672131147541,0.5222587467532165,0.5020355006290829,0.05149452058885007,6898,0.49778987980334966
cremad,native_within_model,i2moe,33,133956,0.021315138787031174,0.26150426268577576,0.1528710275888443,0.07015612355295646,0.5257532623541609,0.5397094880066786,0.4763554859843926,0.040819373525635284,5468,0.6103063056066426
cremad,native_within_model,i2moe,44,133956,0.019959913566708565,0.35937395691871643,0.13634803891181946,0.01374163579602109,0.498818304919384,0.5092995614903152,0.5256512111638718,0.03619098808564006,4848,0.5054646958943834
cremad,native_within_model,i2moe,55,133956,0.02027704566717148,0.25471898913383484,0.17577244341373444,0.041551199821662964,0.5100014792656268,0.5282526284783255,0.4661511175677716,0.05124070590343098,6864,0.5904478187653432
cremad,native_within_model,pdf,11,133956,0.0989459902048111,1.1279057264328003,0.2509978413581848,0.12105504338825654,0.5558927093644019,0.5732944485491187,0.5873055884115352,0.09137328675087342,12240,0.6802133489506321
cremad,native_within_model,pdf,22,133956,0.09613977372646332,1.111383318901062,0.23371583223342896,0.11474672425741131,0.5527211578491955,0.5692994334967453,0.5950322356687854,0.08704350682313595,11660,0.6753859426914111
cremad,native_within_model,pdf,33,133956,0.11596215516328812,1.0787382125854492,0.2705642282962799,0.11469669085196992,0.5545614431392797,0.5720985550320089,0.597139369281612,0.10189166592015289,13649,0.6862899213211975
cremad,native_within_model,pdf,44,133956,0.11773068457841873,1.0992859601974487,0.2774325907230377,0.11706994003977635,0.5581015388577684,0.5727605525862307,0.596204024586062,0.10661709815163188,14282,0.6728863017950182
cremad,native_within_model,pdf,55,133956,0.10484153777360916,1.196023941040039,0.2555786669254303,0.10631906777362132,0.5478866050377956,0.563306946479202,0.6012002723023918,0.09183612529487295,12302,0.6698950452062372
cremad,native_within_model,qmf,11,133956,0.0,0.0,0.32731956243515015,0.0,0.0,0.5,0.5690714383250919,0.10385499716324763,13912,0.5822991090211871
cremad,native_within_model,qmf,22,133956,0.0,0.0,0.2889406979084015,0.0,0.0,0.5,0.5962854969161564,0.09377706112454835,12562,0.522885205610911
cremad,native_within_model,qmf,33,133956,0.0,0.0,0.3491447865962982,0.0,0.0,0.5,0.5910900221832138,0.10278748245692615,13769,0.5091864149140205
cremad,native_within_model,qmf,44,133956,0.0,0.0,0.3219885528087616,0.0,0.0,0.5,0.5798347615453037,0.09926393741228463,13297,0.5475229091090079
cremad,native_within_model,qmf,55,133956,0.0,0.0,0.291693776845932,0.0,0.0,0.5,0.5859632941314515,0.09359043267938726,12537,0.535571532777128
cremad,native_within_model,tmc,11,133956,0.0,0.0,0.24279922246932983,0.0,0.0,0.5,0.6147455295402713,0.04049837259995819,5425,0.5908854633889167
cremad,native_within_model,tmc,22,133956,0.0,0.0,0.23577944934368134,0.0,0.0,0.5,0.6145220799166065,0.039983278091313565,5356,0.590650330320796
cremad,native_within_model,tmc,33,133956,0.0,0.0,0.2326112985610962,0.0,0.0,0.5,0.6174118079140924,0.0381020633640897,5104,0.5911267556848686
cremad,native_within_model,tmc,44,133956,0.0,0.0,0.21616315841674805,0.0,0.0,0.5,0.6055024089887114,0.039162112932604735,5246,0.564126204620462
cremad,native_within_model,tmc,55,133956,0.0,0.0,0.22443373501300812,0.0,0.0,0.5,0.6082996137557284,0.03999074322912001,5357,0.6053459434577355
avmnist,same_backbone,analytic_expected,11,64800,0.23013725876808167,1.8231768608093262,0.9521962404251099,0.6499484030373485,0.8496822957764026,0.9025348461982565,0.9598563833953254,0.00779320987654321,505,0.6435801641281094
avmnist,same_backbone,analytic_probability,11,64800,0.16792048513889313,0.9999896287918091,0.9521962404251099,-0.4023870117805235,0.29531957307197143,0.3987861875745677,0.9933233489841378,0.00779320987654321,505,0.7164639013954082
avmnist,same_backbone,anchored_listwise,11,64800,0.22717563807964325,1.8025063276290894,0.9521962404251099,0.6615418185212119,0.870384982765065,0.9019428085752681,0.95594697518643,0.00779320987654321,505,0.6468052495449755
avmnist,same_backbone,max_probability,11,64800,0.0,0.0,0.9521962404251099,0.0,0.0,0.5,0.6588629861435759,0.00779320987654321,505,0.49195325222722475
avmnist,same_backbone,negative_entropy,11,64800,0.0,0.0,0.9521962404251099,0.0,0.0,0.5,0.6633377446868836,0.00779320987654321,505,0.5177699013315451
avmnist,same_backbone,analytic_expected,22,64800,0.28378456830978394,1.9029252529144287,1.4632408618927002,0.709177028060183,0.8897467094347971,0.9245631563547005,0.9664649934127026,0.0066975308641975305,434,0.6660328638497652
avmnist,same_backbone,analytic_probability,22,64800,0.24809537827968597,0.9999993443489075,1.4632408618927002,-0.22570292936855335,0.40035394314788186,0.5751842904607362,0.9962800150631828,0.0066975308641975305,434,0.644225352112676
avmnist,same_backbone,anchored_listwise,22,64800,0.28143104910850525,1.9381394386291504,1.4632408618927002,0.7104374925979396,0.9007631899126203,0.9244946359271223,0.9652780406515535,0.0066975308641975305,434,0.6664319248826291
avmnist,same_backbone,max_probability,22,64800,0.0,0.0,1.4632408618927002,0.0,0.0,0.5,0.5753289735022125,0.0066975308641975305,434,0.5669718309859155
avmnist,same_backbone,negative_entropy,22,64800,0.0,0.0,1.4632408618927002,0.0,0.0,0.5,0.5746906152881679,0.0066975308641975305,434,0.5573708920187793
avmnist,same_backbone,analytic_expected,33,64800,0.23676297068595886,1.7257099151611328,1.0223788022994995,0.6539386609380389,0.8482366954524184,0.9093686928417652,0.9673329367182333,0.006959876543209877,451,0.6393557422969189
avmnist,same_backbone,analytic_probability,33,64800,0.17170493304729462,0.9999970197677612,1.0223788022994995,-0.3751686634366439,0.3120559833241162,0.4268215697848431,0.9947066642553386,0.006959876543209877,451,0.607062825130052
avmnist,same_backbone,anchored_listwise,33,64800,0.23676297068595886,1.7257096767425537,1.0223788022994995,0.6539389739566787,0.8482366954524184,0.9093686841241465,0.9673329602642627,0.006959876543209877,451,0.6393557422969189
avmnist,same_backbone,max_probability,33,64800,0.0,0.0,1.0223788022994995,0.0,0.0,0.5,0.612970818980877,0.006959876543209877,451,0.4927571028411364
avmnist,same_backbone,negative_entropy,33,64800,0.0,0.0,1.0223788022994995,0.0,0.0,0.5,0.6164350650932644,0.006959876543209877,451,0.47226890756302525
avmnist,same_backbone,analytic_expected,44,64800,0.2287900149822235,1.7433393001556396,0.9348914623260498,0.6330260955969892,0.8407357283464567,0.8973948057771972,0.9560765295710328,0.010401234567901235,674,0.6824389267120544
avmnist,same_backbone,analytic_probability,44,64800,0.16358999907970428,0.9999807476997375,0.9348914623260498,-0.4221026400139946,0.2770874343832021,0.3852778670486602,0.9909469830066648,0.010401234567901235,674,0.6908590308370044
avmnist,same_backbone,anchored_listwise,44,64800,0.2287900298833847,1.7433394193649292,0.9348914623260498,0.6330262214413817,0.8407357283464567,0.8973948407004649,0.9560765596986864,0.010401234567901235,674,0.6824389267120544
avmnist,same_backbone,max_probability,44,64800,0.0,0.0,0.9348914623260498,0.0,0.0,0.5,0.6129544134070617,0.010401234567901235,674,0.513200841009211
avmnist,same_backbone,negative_entropy,44,64800,0.0,0.0,0.9348914623260498,0.0,0.0,0.5,0.6175167967657889,0.010401234567901235,674,0.5200240288346015
avmnist,same_backbone,analytic_expected,55,64800,0.2548900246620178,1.962676763534546,1.1877901554107666,0.6805514339381097,0.8726517147569779,0.9133577103321329,0.9677449383101132,0.00779320987654321,505,0.6965633802816901
avmnist,same_backbone,analytic_probability,55,64800,0.1908283531665802,0.9999967813491821,1.1877901554107666,-0.3502220787876227,0.3265856950067476,0.4553833362805788,0.9962645846357726,0.00779320987654321,505,0.7006009389671362
avmnist,same_backbone,anchored_listwise,55,64800,0.2526097297668457,1.9788548946380615,1.1877901554107666,0.6879986573876591,0.887710729815993,0.9124269862578072,0.9637189868512333,0.00779320987654321,505,0.7033051643192487
avmnist,same_backbone,max_probability,55,64800,0.0,0.0,1.1877901554107666,0.0,0.0,0.5,0.5970318594025612,0.00779320987654321,505,0.5477183098591549
avmnist,same_backbone,negative_entropy,55,64800,0.0,0.0,1.1877901554107666,0.0,0.0,0.5,0.5997721736606264,0.00779320987654321,505,0.5690328638497653
