dataset,track,method,score_context_mad,score_context_max,contribution_context_mad,delta_spearman,delta_direction_accuracy,delta_auroc,endpoint_auroc,strict_switch_rate,strict_switch_count,strict_switch_endpoint_auroc
avmnist,same_backbone,analytic_expected,0.24687296748161316,1.962676763534546,1.1120995044708253,0.6653283243141338,0.8602106287534106,0.9094438423008105,0.9634951562814814,0.007929012345679012,2569,0.6655942154537076
avmnist,same_backbone,analytic_probability,0.18842782974243164,0.9999993443489075,1.1120995044708253,-0.3551166646774676,0.32228052578678384,0.44829065022987724,0.9943043191890194,0.007929012345679012,2569,0.6718424096884553
avmnist,same_backbone,anchored_listwise,0.24535388350486756,1.9788548946380615,1.1120995044708253,0.6693886327809742,0.8695662652585107,0.9091255911169618,0.9616707045304332,0.007929012345679012,2569,0.6676674015511653
avmnist,same_backbone,max_probability,0.0,0.0,1.1120995044708253,0.0,0.0,0.5,0.6114298102872576,0.007929012345679012,2569,0.5225202673845285
avmnist,same_backbone,negative_entropy,0.0,0.0,1.1120995044708253,0.0,0.0,0.5,0.6143504790989462,0.007929012345679012,2569,0.5272933187195432
cremad,native_within_model,concat,0.0,0.0,0.17004251778125762,0.0,0.0,0.5,0.6203789375233588,0.04945653796769088,33125,0.4575813529596296
cremad,native_within_model,i2moe,0.02173464000225067,0.3993142247200012,0.1585371345281601,0.040664230136333586,0.514081117596849,0.52645014278083,0.4875642159768055,0.04392487085311595,29420,0.5691538380725448
cremad,native_within_model,pdf,0.10672402828931808,1.196023941040039,0.2576578319072723,0.11477749326220707,0.5538326908496882,0.5701519872286611,0.5953762980500773,0.09575233658813342,64133,0.6769341119928992
cremad,native_within_model,qmf,0.0,0.0,0.3158174753189087,0.0,0.0,0.5,0.5844490026202435,0.09865478216727881,66077,0.5394930342864509
cremad,native_within_model,tmc,0.0,0.0,0.2303573727607727,0.0,0.0,0.5,0.612096288023082,0.03954731404341724,26488,0.5884269394945558
cremad,same_backbone,analytic_expected,0.09874127060174942,1.5305919647216797,0.2216077446937561,0.4250635206082326,0.6831348662892255,0.7269330114625829,0.6515699667547853,0.056993341097076655,38173,0.6835202206034958
cremad,same_backbone,analytic_probability,0.09424662590026855,0.9954195022583008,0.2216077446937561,-0.1586468122902707,0.3931554894164383,0.4156566024264058,0.7663324210391236,0.056993341097076655,38173,0.7905538450516074
cremad,same_backbone,anchored_listwise,0.09780172556638718,1.453924536705017,0.2216077446937561,0.3234280755033831,0.6427627693374114,0.6753799217072034,0.6674116081309631,0.056993341097076655,38173,0.6326180731256322
cremad,same_backbone,max_probability,0.0,0.0,0.2216077446937561,0.0,0.0,0.5,0.5876876605050432,0.056993341097076655,38173,0.5101869718862133
cremad,same_backbone,negative_entropy,0.0,0.0,0.2216077446937561,0.0,0.0,0.5,0.6066186647830103,0.056993341097076655,38173,0.4933714572646874
mosei,native_within_model,concat,0.0,0.0,0.0742464803159237,0.0,0.0,0.5,0.735086381997612,0.015664811757271857,7685,0.48649519319260703
mosei,native_within_model,i2moe,0.029957568272948265,0.7098459601402283,0.05662234127521515,0.007532192599437307,0.5033538002187342,0.5029611037993078,0.6469013201853135,0.011612548156301597,5697,0.448937039430502
mosei,native_within_model,pdf,0.10834014564752578,1.195984125137329,0.07028765752911567,0.014649037212951299,0.5119617229322917,0.4924401788401793,0.8566555056007354,0.022984569599869546,11276,0.3646723631655891
mosei,native_within_model,qmf,0.0,0.0,0.11622455418109894,0.0,0.0,0.5,0.7627696010202183,0.039256813224892474,19259,0.33681655352141904
mosei,native_within_model,tmc,0.0,0.0,0.06291754841804505,0.0,0.0,0.5,0.7763313543052608,0.007792657820175707,3823,0.4006158002354819
mosei,same_backbone,analytic_expected,0.025598965212702753,0.8399451971054077,0.043875721469521525,0.45897733080455067,0.7168978762706916,0.7811287454066155,0.811098089120663,0.013557145477893964,6651,0.6209945153705717
mosei,same_backbone,analytic_probability,0.10730126798152924,0.9981639981269836,0.043875721469521525,-0.2523216516929125,0.33301916810363336,0.3634473857488693,0.9316136468762567,0.013557145477893964,6651,0.5900693710299001
mosei,same_backbone,anchored_listwise,0.025192656368017197,0.7636861801147461,0.043875721469521525,0.37214148120914603,0.6731048264127637,0.7311175062802944,0.8033522166662509,0.013557145477893964,6651,0.6095440804330844
mosei,same_backbone,max_probability,0.0,0.0,0.043875721469521525,0.0,0.0,0.5,0.769325024426527,0.013557145477893964,6651,0.5102843687658949
mosei,same_backbone,negative_entropy,0.0,0.0,0.043875721469521525,0.0,0.0,0.5,0.7693249807482925,0.013557145477893964,6651,0.5102857224954198
mosi,native_within_model,concat,0.0,0.0,0.06468995288014412,0.0,0.0,0.5,0.6722393214336142,0.027698735320686542,2453,0.4428464113134599
mosi,native_within_model,i2moe,0.036541818827390674,0.5151796340942383,0.05449962243437767,0.02876893814609239,0.5193732761995313,0.5177680599966833,0.4097993112692066,0.0133130081300813,1179,0.5697158157703472
mosi,native_within_model,pdf,0.09649197310209275,1.6219712495803833,0.058207239210605624,-0.06295894603634529,0.4667711562676975,0.44562825976783726,0.7649479997646511,0.02279810298102981,2019,0.5495237939767627
mosi,native_within_model,qmf,0.0,0.0,0.0611296109855175,0.0,0.0,0.5,0.7362741596955504,0.020675248419150857,1831,0.4117371570691808
mosi,native_within_model,tmc,0.0,0.0,0.04283292517066002,0.0,0.0,0.5,0.7416940574630659,0.0036472448057813913,323,0.4982650377514929
mosi,same_backbone,analytic_expected,0.021413625963032246,0.7640737891197205,0.04353757537901402,0.32450872010103926,0.6640558665443661,0.6969924853213106,0.7277864449668863,0.01650858175248419,1462,0.5954862880069067
mosi,same_backbone,analytic_probability,0.10637555867433549,0.9742493629455566,0.04353757537901402,-0.26570857285024563,0.3184308832150588,0.3349397462878131,0.8844482563502508,0.01650858175248419,1462,0.6522668802754824
mosi,same_backbone,anchored_listwise,0.022115327790379523,0.802039384841919,0.04353757537901402,0.29849362424649756,0.6488792373502832,0.6847261503232422,0.7310030253658631,0.01650858175248419,1462,0.6170968676059789
mosi,same_backbone,max_probability,0.0,0.0,0.04353757537901402,0.0,0.0,0.5,0.7575024531547734,0.01650858175248419,1462,0.5087608408180353
mosi,same_backbone,negative_entropy,0.0,0.0,0.04353757537901402,0.0,0.0,0.5,0.7575030442801616,0.01650858175248419,1462,0.5087608408180353
