dataset,comparison,budget,nll_gain_difference,improved_seeds,p,holm_p
mosi,selected_pi_vs_fixed,0.02,0.0013302127731120604,3,0.14376232361739952,1.0
mosi,selected_pi_vs_max_confidence,0.02,0.0015013277530669805,3,0.06897571028195247,0.9656599439473346
mosi,selected_pi_vs_negative_entropy,0.02,0.003937155008316,4,0.05089251338978,0.7943927260616735
mosi,selected_pi_vs_native_tmc,0.02,0.00018701419300071073,3,0.4266949025249666,1.0
mosi,selected_pi_vs_native_qmf,0.02,8.628517071585605e-05,3,0.47072821554406574,1.0
mosi,selected_pi_vs_native_pdf,0.02,-3.5756705298963216e-05,3,0.5108914687360944,1.0
mosei,selected_pi_vs_fixed,0.02,-0.00344670432524172,0,0.9989355987165724,1.0
mosei,selected_pi_vs_max_confidence,0.02,-0.0003703176975249998,3,0.7729168921383323,1.0
mosei,selected_pi_vs_negative_entropy,0.02,0.00232749581336976,5,0.014619001556220082,0.29238003112440164
mosei,selected_pi_vs_native_tmc,0.02,-0.0004968795128141605,1,0.9400918991744743,1.0
mosei,selected_pi_vs_native_qmf,0.02,-0.0018617562004397798,0,0.9935284799889335,1.0
mosei,selected_pi_vs_native_pdf,0.02,-0.0004718541457338198,1,0.9184569110556671,1.0
cremad,selected_pi_vs_fixed,0.02,-0.0015252479639873244,1,0.9671217469219655,1.0
cremad,selected_pi_vs_max_confidence,0.02,-0.0012975089750569345,1,0.8936849421824233,1.0
cremad,selected_pi_vs_negative_entropy,0.02,-0.0004525813835982821,1,0.6776731108057197,1.0
cremad,selected_pi_vs_native_tmc,0.02,0.0006612772203777532,3,0.20185981924487548,1.0
cremad,selected_pi_vs_native_qmf,0.02,0.002053355891872221,5,0.016906343686102825,0.3212205300359537
cremad,selected_pi_vs_native_pdf,0.02,0.001709982634551975,4,0.0496495453788546,0.7943927260616735
avmnist,selected_pi_vs_fixed,0.02,0.00133057124246368,4,0.04024061692709009,0.6840904877605316
avmnist,selected_pi_vs_max_confidence,0.02,0.0014764852821826803,4,0.017554915081733662,0.3212205300359537
avmnist,selected_pi_vs_negative_entropy,0.02,0.0012789528816938203,5,0.013589279504121005,0.2853748695865411
