method,n_test,temperature,rho,selection_accuracy,selection_nll,accuracy,macro_f1,nll,brier,ece,accuracy_gain,nll_gain,relative_error_reduction,relative_nll_reduction,negative_flip_rate,correction_rate,clipped_harm,harm_p95,dataset
a7_equal_ensemble,656,0.8855772148792993,1.0,0.817391304347826,0.4589910209178924,0.7957317073170732,0.7910688989665631,0.4466564953327179,0.2856499250162888,0.0427641501513923,-0.0015243902439023,0.003789484500885,-0.0075187969924809,0.0084127390864601,0.0060975609756097,0.0045731707317073,0.0087964469566941,0.0521991848945617,mosi
a7_member_safe_fallback,656,0.8855772148792993,1.0,0.817391304347826,0.4523417182195426,0.8033536585365854,0.7956963547211902,0.4417870786520719,0.2804997472130976,0.0504509821338922,0.0060975609756097,0.008658901181531,0.0300751879699248,0.0192229514063587,0.0274390243902439,0.0335365853658536,0.0347589908099597,0.2188508601455149,mosi
all_actions_equal,656,0.8855772148792993,1.0,0.7913043478260868,0.4599586676830342,0.7957317073170732,0.7908720642533592,0.4483988241651163,0.2868060902036684,0.0386715084291631,-0.0015243902439023,0.0020471556684865,-0.0075187969924809,0.0045447306894442,0.0045731707317073,0.0030487804878048,0.0043182890631973,0.0257590109200739,mosi
full_ensemble,656,0.8855772148792993,1.0,0.7913043478260868,0.4614513516426086,0.7972560975609756,0.7925309427277158,0.4504459798336029,0.2883164307780088,0.0438819685723723,0.0,0.0,0.0,0.0,0.0,0.0,0.0,0.0,mosi
hierarchical_safe_fallback,656,0.8855772148792993,1.0,0.8000000000000002,0.459152684575315,0.7942073170731707,0.7894111072800123,0.4470040577581434,0.2858680108925892,0.0425619197645704,-0.0030487804878048,0.0034419220754595,-0.0150375939849624,0.0076411428441008,0.0060975609756097,0.0030487804878048,0.0078218428562497,0.0464704209029281,mosi
logit_stacking,656,0.8855772148792993,1.0,0.817391304347826,0.4221327400982446,0.8033536585365854,0.7954435030638514,0.4353746511814618,0.278709686012756,0.0145328320577148,0.0060975609756097,0.015071328652141,0.0300751879699248,0.0334586816774532,0.0304878048780487,0.0365853658536585,0.0498385248478371,0.3411487877670816,mosi
posterior_ensemble,656,0.8855772148792993,1.0,0.817391304347826,0.4707693755626678,0.7942073170731707,0.7894111072800123,0.4602746665477752,0.2968688144998293,0.0316704369899703,-0.0030487804878048,-0.0098286867141723,-0.0150375939849624,-0.021819901062949,0.024390243902439,0.0213414634146341,0.0585457682609558,0.2827210649847984,mosi
regularized_a7_safe_fallback,656,0.8855772148792993,1.0,0.817391304347826,0.4523417182195426,0.8033536585365854,0.7956963547211902,0.4417870786520719,0.2804997472130976,0.0504509821338922,0.0060975609756097,0.008658901181531,0.0300751879699248,0.0192229514063587,0.0274390243902439,0.0335365853658536,0.0347589908099597,0.2188508601455149,mosi
simplex_safe_fallback,656,0.8855772148792993,1.0,0.817391304347826,0.4523161195152449,0.8033536585365854,0.7956963547211902,0.4417996500315144,0.2805092094449897,0.0484901337193308,0.0060975609756097,0.0086463298020885,0.0300751879699248,0.0191950426670086,0.0274390243902439,0.0335365853658536,0.0354419215195312,0.2228265417734031,mosi
temperature_full_ensemble,656,0.8855772148792993,1.0,0.7913043478260868,0.4596154123204096,0.7972560975609756,0.7925309427277158,0.4446980562279849,0.2850321159499119,0.0417506751290454,0.0,0.0057479236056179,0.0,0.012760517049661,0.0,0.0,0.0149860702325933,0.1020590008590021,mosi
a7_equal_ensemble,3634,0.9211813240714916,1.0,0.8560311284046692,0.3380536139011383,0.8414969730324711,0.8266960928992876,0.3549841046333313,0.2225166728224194,0.0105175924255221,-0.0019262520638415,0.0005809962749481,-0.0123022847100179,0.001634008156211,0.0049532195927352,0.0030269675288937,0.0085770078003406,0.0604247123003005,mosei
a7_member_safe_fallback,3634,0.9211813240714916,1.0,0.8495460440985733,0.3357130979496279,0.841221794166208,0.8268487359810242,0.3561356460892279,0.2232557816339972,0.0174387076008428,-0.0022014309301046,-0.0005705451809485,-0.014059753954306,-0.0016046152434282,0.007980187121629,0.0057787561915244,0.0182548451040658,0.1284598861273185,mosei
all_actions_equal,3634,0.9211813240714916,1.0,0.8508430609597925,0.3389437160808742,0.8428728673637864,0.8285304414257741,0.3551055908590133,0.2226174427475364,0.0064973374975288,-0.0005503577325262,0.000459510049266,-0.0035149384885768,0.0012923373190796,0.0022014309301045,0.0016510731975784,0.0041659700624863,0.0297560149369262,mosei
full_ensemble,3634,0.9211813240714916,1.0,0.8443579766536965,0.3400399088859558,0.8434232250963126,0.8294259122153227,0.3555651009082794,0.2229499376688748,0.0053901142088607,0.0,0.0,0.0,0.0,0.0,0.0,0.0,0.0,mosei
hierarchical_safe_fallback,3634,0.9211813240714916,1.0,0.8560311284046692,0.3382286306888207,0.8414969730324711,0.8267569669359188,0.3549798155041329,0.2225188549106965,0.0098324822300116,-0.0019262520638415,0.0005852854041464,-0.0123022847100179,0.0016460710082384,0.0044028618602091,0.0024766097963676,0.0075964664459115,0.0536875249398569,mosei
logit_stacking,3634,0.9211813240714916,1.0,0.8495460440985733,0.3330935245874374,0.8414969730324711,0.8267569669359188,0.3602808698118089,0.2257587527895251,0.0222664715491544,-0.0019262520638415,-0.0047157689035294,-0.0123022847100179,-0.0132627439855126,0.007980187121629,0.0060539350577875,0.029962633358846,0.2126485071048059,mosei
posterior_ensemble,3634,0.9211813240714916,1.0,0.8521400778210116,0.3368392586708069,0.8420473307649973,0.8268068607836416,0.3548387289047241,0.2226271634721691,0.0137269466902176,-0.0013758943313153,0.0007263720035552,-0.0087873462214411,0.0020428664165853,0.0123830489818381,0.0110071546505228,0.0277431160211563,0.1748581707477566,mosei
regularized_a7_safe_fallback,3634,0.9211813240714916,1.0,0.8469520103761349,0.3362172849418005,0.8431480462300496,0.8286815947967135,0.3554858456866039,0.2228248457401458,0.013211403445339,-0.000275178866263,7.925522167551158e-05,-0.001757469244288,0.0002228993269391,0.0046780407264722,0.0044028618602091,0.0135490988115558,0.0912924069811821,mosei
simplex_safe_fallback,3634,0.9211813240714916,1.0,0.8495460440985733,0.3357679084967613,0.841221794166208,0.827205234298148,0.3563063650692758,0.2233885366539188,0.0180044194739164,-0.0022014309301046,-0.0007412641609964,-0.014059753954306,-0.0020847494849828,0.007980187121629,0.0057787561915244,0.0180657310225084,0.1271287175745116,mosei
temperature_full_ensemble,3634,0.9211813240714916,1.0,0.8443579766536965,0.3390864687789676,0.8434232250963126,0.8294259122153227,0.3561707267571086,0.2233378850665146,0.0121259642584277,0.0,-0.0006056258488292,0.0,-0.0017032769731398,0.0,0.0,0.0120759687942472,0.0931362323570253,mosei
a7_equal_ensemble,7442,0.8447463477253685,0.7227895726955119,0.6729201787858531,0.8997259319020804,0.6385380274119861,0.6365959867120077,0.9641204740100252,0.4850294253141093,0.0452861384386274,0.0041655468959956,0.0097187760215201,0.0109056486566754,0.010059724514148,0.0079279763504434,0.0120935232464391,0.0167756993971811,0.0991222968635876,cremad
a7_member_safe_fallback,7442,0.8447463477253685,0.7227895726955119,0.6796371631346622,0.8734893828570514,0.6361193227626982,0.6337450517142464,0.964035838475303,0.4853538741835346,0.0525961188441334,0.0017468422467078,0.0098034115562423,0.0049099624749505,0.0102610282633917,0.0255307712980381,0.027277613544746,0.06074394233849,0.3569929044345953,cremad
all_actions_equal,7442,0.8447463477253685,0.7227895726955119,0.6724367685583639,0.9025488794917548,0.6371943026068261,0.635251303917685,0.9683466320624272,0.4867225512016119,0.0451477760949127,0.0028218220908357,0.0054926179691179,0.0076114672528992,0.005668111065182,0.0038968019349637,0.0067186240257995,0.0081112252218029,0.0482236599639535,cremad
full_ensemble,7442,0.8447463477253685,0.7227895726955119,0.6711059701987627,0.906323054134125,0.6343724805159904,0.6321989550791328,0.9738392500315454,0.4890495385458333,0.0463950629477474,0.0,0.0,0.0,0.0,0.0,0.0,0.0,0.0,cremad
hierarchical_safe_fallback,7442,0.8447463477253685,0.7227895726955119,0.6740596147104647,0.8992458317329083,0.6385380274119861,0.6367190231476467,0.9664269036756434,0.486108223812036,0.0467574128900734,0.0041655468959956,0.0074123463559018,0.0109343287733335,0.0074984613110514,0.0057780166621875,0.0099435635581832,0.0125842717796766,0.0753822096517404,cremad
logit_stacking,7442,0.8447463477253685,0.7227895726955119,0.8207720423828352,0.4951341473046343,0.5925826390755173,0.5889102955340013,1.503405279195535,0.6120827338776218,0.209005198504131,-0.041789841440473,-0.5295660291639898,-0.1203060559230154,-0.5356897010146551,0.1036011824778285,0.0618113410373555,0.2995443373574203,3.9189815701909754,cremad
posterior_ensemble,7442,0.8447463477253685,0.7227895726955119,0.6452338192383306,0.951874870489567,0.6311475409836066,0.6293598583742389,0.98690021269522,0.497611652095059,0.0545678343088259,-0.0032249395323837,-0.0130609626636746,-0.0097315328088433,-0.0134444106586672,0.0571083042192958,0.0538833646869121,0.1254713098585878,0.6575306579250378,cremad
regularized_a7_safe_fallback,7442,0.8447463477253685,0.7227895726955119,0.6788458614917902,0.8724142334734727,0.6373286750873421,0.6351872182291729,0.9629784304845612,0.4847607214167297,0.0540056403761177,0.0029561945713517,0.010860819546984,0.0084600588224057,0.011311865103714,0.0260682612201021,0.0290244557914539,0.0622787543677245,0.3642656182659494,cremad
simplex_safe_fallback,7442,0.8447463477253685,0.7227895726955119,0.6805349854778969,0.8768445057050002,0.6353130878796023,0.6331581750254701,0.965490482410675,0.4859686787308365,0.0521335902854086,0.0009406073636119,0.0083487676208703,0.0026082640201864,0.0086074383717291,0.0247245364149422,0.0256651437785541,0.0555283956641885,0.3252007866726502,cremad
temperature_full_ensemble,7442,0.8447463477253685,0.7227895726955119,0.6711059701987627,0.8953931616148814,0.6343724805159904,0.6321989550791328,0.9813886860600352,0.4919540977258037,0.0544324879848396,0.0,-0.0075494360284899,0.0,-0.0065192600540084,0.0,0.0,0.0564324362857116,0.346230684846149,cremad
a7_equal_ensemble,3600,0.521162180907739,1.0,0.9938888888888888,0.0181976277381181,0.9913888888888888,0.9913907148245424,0.0260901041328907,0.0122598943664939,0.0054573435667488,-0.0005555555555555,0.0017082300037145,-0.0689655172413759,0.0614508047611795,0.0011111111111111,0.0005555555555555,0.0022437663283199,1.199194230139255e-07,avmnist
a7_member_safe_fallback,3600,0.521162180907739,1.0,0.9972222222222222,0.0108681722501128,0.9936111111111112,0.9936083520680704,0.0213380996726728,0.0100269899011296,0.0017326612638004,0.0016666666666667,0.0064602344639323,0.2068965517241417,0.2323964606003295,0.0013888888888888,0.0030555555555555,0.0046609150880933,0.0,avmnist
all_actions_equal,3600,0.521162180907739,1.0,0.9944444444444444,0.0198545603502135,0.9916666666666668,0.9916676932948756,0.0266951128615537,0.0124411997702046,0.0060265679895907,-0.0002777777777777,0.0011032212750515,-0.0344827586206811,0.0396865966726677,0.0008333333333333,0.0005555555555555,0.0010122887311602,9.537703564492203e-08,avmnist
full_ensemble,3600,0.521162180907739,1.0,0.9944444444444444,0.0216988418251276,0.9919444444444444,0.991944753325725,0.0277983341366052,0.0129141474924935,0.0083549587263001,0.0,0.0,0.0,0.0,0.0,0.0,0.0,0.0,avmnist
hierarchical_safe_fallback,3600,0.521162180907739,1.0,0.9944444444444444,0.0185282228666065,0.9913888888888888,0.9913907148245424,0.0261546305337877,0.0122737450876982,0.0051255319012551,-0.0005555555555555,0.0016437036028175,-0.0689655172413759,0.0591295721081734,0.0011111111111111,0.0005555555555555,0.0020327813365635,1.3571709026453668e-07,avmnist
logit_stacking,3600,0.521162180907739,1.0,1.0,0.0002811917412879,0.9941666666666666,0.994167783981354,0.0258604171302208,0.0099209017484988,0.0037271759460163,0.0022222222222222,0.0019379170063843,0.2758620689655177,0.0697134222813913,0.0002777777777777,0.0025,0.004129193444751,0.0,avmnist
posterior_ensemble,3600,0.521162180907739,1.0,0.9938888888888888,0.0181253980845212,0.9919444444444444,0.9919459010152964,0.0283282212913036,0.0126668630471717,0.0038295763234297,0.0,-0.0005298871546983,0.0,-0.0190618312627809,0.0016666666666666,0.0016666666666666,0.0050426288507878,0.0014259730174671,avmnist
regularized_a7_safe_fallback,3600,0.521162180907739,1.0,0.9972222222222222,0.0108681722501128,0.9936111111111112,0.9936083520680704,0.0213380996726728,0.0100269899011296,0.0017326612638004,0.0016666666666667,0.0064602344639323,0.2068965517241417,0.2323964606003295,0.0013888888888888,0.0030555555555555,0.0046609150880933,0.0,avmnist
simplex_safe_fallback,3600,0.521162180907739,1.0,0.9972222222222222,0.0108035561007737,0.9933333333333332,0.993330194961998,0.0212967285106949,0.0100368962948377,0.0015391575801406,0.0013888888888888,0.0065016056259103,0.1724137931034468,0.2338847210757472,0.0016666666666666,0.0030555555555555,0.0046452143705923,0.0,avmnist
temperature_full_ensemble,3600,0.521162180907739,1.0,0.9944444444444444,0.0150805447626001,0.9919444444444444,0.991944753325725,0.026118701057089,0.0121830212400622,0.0035796324516707,0.0,0.0016796330795162,0.0,0.0604220767784946,0.0,0.0,0.0042933431135363,0.0,avmnist
