dataset,protocol,method,clean_accuracy,clean_nll,mean_corrupt_accuracy,mean_corrupt_nll,worst_accuracy,worst_nll,clean_to_corrupt_accuracy_drop,clean_to_corrupt_nll_increase
mosi,clean-only,A7_equal_ensemble,0.7957317073170732,0.4466564962397229,0.7804394115369725,0.4664682907674118,0.676829268292683,0.5987940410377132,0.015292295780100718,0.019811794527688886
mosi,clean-only,A8_safe_fallback,0.8033536585365854,0.4417870796389897,0.7904326364692216,0.4611223373026727,0.7164634146341463,0.5752912281170515,0.012921022067363785,0.019335257663682992
mosi,clean-only,full_ensemble,0.7972560975609756,0.4504459917294397,0.7809717382888115,0.4701759941256966,0.663109756097561,0.6055943800733328,0.016284359272164095,0.019730002396256885
mosi,clean-only,i2moe,0.7774390243902439,0.4733770669519425,0.764106658923732,0.4920934775751563,0.663109756097561,0.6061701560673668,0.013332365466511953,0.01871641062321383
mosi,clean-only,pdf,0.7789634146341463,0.45333754377413893,0.7699622531939604,0.4773006212409271,0.6737804878048781,0.6444945412339576,0.009001161440185923,0.023963077466788163
mosi,clean-only,qmf,0.7789634146341463,0.4893948582514508,0.7659456058846303,0.5097047536004479,0.6753048780487805,0.6765062527702378,0.013017808749515969,0.020309895348997076
mosi,clean-only,tmc,0.7820121951219512,0.46917163157452935,0.7685346496322105,0.48951341424632083,0.6890243902439024,0.6385378408477332,0.013477545489740672,0.020341782671791486
mosei,clean-only,A7_equal_ensemble,0.8414969730324711,0.3549841119454728,0.8315949017655127,0.3750704034508511,0.7457347275729224,0.520375118862772,0.009902071266958412,0.020086291505378273
mosei,clean-only,A8_safe_fallback,0.8431480462300496,0.35548584539252964,0.8320666369648207,0.37542302566397096,0.7515134837644469,0.5238555311726294,0.011081409265228825,0.019937180271441313
mosei,clean-only,full_ensemble,0.8434232250963126,0.35556509767504096,0.8324946929790075,0.3751615310905099,0.75178866263071,0.5127855707818026,0.010928532117305156,0.01959643341546896
mosei,clean-only,i2moe,0.841221794166208,0.35873736503492654,0.8313546662473466,0.38009284172550917,0.7572922399559714,0.5142212579747509,0.009867127918861462,0.02135547669058263
mosei,clean-only,pdf,0.8395707209686296,0.3615253069166814,0.8261306357068602,0.38635165189502896,0.7451843698403963,0.5384169813862429,0.01344008526176943,0.02482634497834757
mosei,clean-only,qmf,0.8359933957072097,0.3846794622068864,0.824562552961012,0.4195281630198536,0.7317006053935058,0.7267316284987785,0.011430842746197656,0.03484870081296715
mosei,clean-only,tmc,0.845074298293891,0.36262614674216664,0.8329489565042674,0.3830140041864335,0.7449091909741332,0.5273929171472871,0.012125341789623656,0.020387857444266855
cremad,clean-only,A7_equal_ensemble,0.6385380274119861,0.9641204841209527,0.6066565567371802,1.048091322641482,0.5181402848696587,1.2438345459684292,0.031881470674805845,0.08397083852052933
cremad,clean-only,A8_safe_fallback,0.6373286750873421,0.9629784283752847,0.6027373593887971,1.0614241604253223,0.5169309325450148,1.3080927301507335,0.03459131569854501,0.0984457320500376
cremad,clean-only,full_ensemble,0.6343724805159904,0.9738392429402717,0.6024910098411845,1.0593622436039039,0.5216339693630745,1.2620336335302569,0.031881470674805845,0.08552300066363216
cremad,clean-only,i2moe,0.6299381886589627,0.9924431773483375,0.6037963425090541,1.0689129641571926,0.5192152647137867,1.2535729196537109,0.026141846149908554,0.07646978680885508
cremad,clean-only,pdf,0.6306100510615426,1.0264966316749133,0.5974296464084157,1.116415114993072,0.5041655468959957,1.3848067719239883,0.03318040465312688,0.08991848331815877
cremad,clean-only,qmf,0.6324912657887665,1.0412337464741437,0.5980567179841568,1.1669601967332626,0.49543133566245634,1.6624932548973677,0.03443454780460964,0.12572645025911888
cremad,clean-only,tmc,0.6509002956194572,0.9774056620193816,0.6056999526496972,1.0768952747664267,0.5189465197527546,1.2912879526633518,0.045200342969759943,0.09948961274704504
avmnist,clean-only,A7_equal_ensemble,0.9913888888888889,0.026090104869277375,0.9660449735449735,0.10966412230923714,0.8791666666666667,0.37497643003431397,0.025343915343915335,0.08357401743995976
avmnist,clean-only,A8_safe_fallback,0.9936111111111111,0.02133808094961572,0.9582010582010583,0.13340362311255322,0.8569444444444444,0.48202897454579163,0.035410052910052836,0.11206554216293749
avmnist,clean-only,full_ensemble,0.9919444444444444,0.027798335234678014,0.9643452380952381,0.12107720571674818,0.8688888888888889,0.4167876237335238,0.027599206349206318,0.09327887048207018
avmnist,clean-only,i2moe,0.9938888888888889,0.025643946986134963,0.9581613756613757,0.1922085792802,0.7219444444444445,1.5903873603918364,0.03572751322751322,0.16656463229406504
avmnist,clean-only,pdf,0.9891666666666666,0.036751975617161,0.9635119047619047,0.1494782690316617,0.83,0.8773585475516378,0.025654761904761902,0.11272629341450069
avmnist,clean-only,qmf,0.9913888888888889,0.03581372222793519,0.9615740740740739,0.21611793710768454,0.8002777777777778,1.588620424135435,0.02981481481481496,0.18030421487974935
avmnist,clean-only,tmc,0.9858333333333333,0.04229527850839771,0.9627182539682541,0.1302640819887754,0.8922222222222222,0.36633731127090363,0.023115079365079283,0.0879688034803777
mosi,shared-augmentation,A7_equal_ensemble,0.801829268292683,0.4424280780977752,0.7899245063879208,0.4614409913642181,0.7164634146341463,0.5872301727900261,0.011904761904762196,0.019012913266442943
mosi,shared-augmentation,A8_safe_fallback,0.8048780487804879,0.43991022827172627,0.7950783972125434,0.4580707872712194,0.7317073170731707,0.5732076308145747,0.00979965156794449,0.018160558999493148
mosi,shared-augmentation,full_ensemble,0.8079268292682927,0.4448348820827621,0.7925861401471158,0.46373876939842,0.7164634146341463,0.592534384143921,0.01534068912117692,0.018903887315657897
mosi,shared-augmentation,i2moe,0.7865853658536586,0.48439515404246225,0.7715834301200155,0.5006877481422669,0.6707317073170732,0.6089074993881033,0.015001935733643057,0.016292594099804658
mosi,shared-augmentation,pdf,0.7865853658536586,0.46560284962885046,0.7729626403406888,0.4864423721682554,0.6524390243902439,0.628127197801962,0.013622725512969724,0.020839522539404964
mosi,shared-augmentation,qmf,0.7774390243902439,0.521605684951535,0.7652439024390244,0.5371072897503515,0.6539634146341463,0.6631199201826888,0.012195121951219523,0.01550160479881646
mosi,shared-augmentation,tmc,0.788109756097561,0.46108075910814617,0.7767615176151762,0.47997402902071246,0.6935975609756098,0.5872890288100749,0.011348238482384754,0.01889326991256629
mosei,shared-augmentation,A7_equal_ensemble,0.8436984039625757,0.35236866274072404,0.8335167859108419,0.37185125667848934,0.7627958172812328,0.5189190934271964,0.010181618051733787,0.019482593937765302
mosei,shared-augmentation,A8_safe_fallback,0.845074298293891,0.3523205921584768,0.8341981811987316,0.3717936812631839,0.7622454595487067,0.5193680704429063,0.010876117095159454,0.01947308910470713
mosei,shared-augmentation,full_ensemble,0.845074298293891,0.3526439959525406,0.834102086991465,0.3718011062487415,0.7589433131535498,0.5168641403767896,0.010972211302425983,0.01915711029620093
mosei,shared-augmentation,i2moe,0.8467253714914694,0.35220065277501167,0.8358710939888705,0.3724888718810641,0.7677490368739681,0.5128331609497553,0.01085427750259893,0.02028821910605244
mosei,shared-augmentation,pdf,0.8398458998348927,0.35928042271986826,0.8281966611630894,0.38487961946441623,0.7471106219042377,0.569017522493056,0.01164923867180323,0.02559919674454797
mosei,shared-augmentation,qmf,0.8406714364336819,0.37960439489850406,0.8267727197281409,0.4082090613217173,0.744358833241607,0.6075520976566507,0.013898716705540992,0.028604666423213243
mosei,shared-augmentation,tmc,0.840946615299945,0.36305507930769604,0.8312804116326404,0.38206918554289615,0.7526141992294991,0.5245698606506415,0.00966620366730453,0.019014106235200112
cremad,shared-augmentation,A7_equal_ensemble,0.640150497178178,0.9489218044588177,0.6146037291562688,1.022924987521922,0.5385649019080893,1.1992828508736306,0.02554676802190914,0.07400318306310427
cremad,shared-augmentation,A8_safe_fallback,0.6381349099704381,0.9523804164110053,0.6119066815116264,1.0296261381487202,0.5407148615963451,1.2009168351766262,0.026228228458811675,0.07724572173771482
cremad,shared-augmentation,full_ensemble,0.6378661650094061,0.954193529564758,0.6117435149281428,1.0288842210652867,0.541521096479441,1.1933458057703827,0.026122650081263243,0.07469069150052865
cremad,shared-augmentation,i2moe,0.6324912657887665,0.978126237770966,0.6050536850053108,1.059883739283172,0.5259338887395861,1.2525694731809798,0.027437580783455706,0.08175750151220595
cremad,shared-augmentation,pdf,0.6359849502821822,0.9897095884519941,0.6037643490613123,1.0827405234497074,0.5061811341037356,1.343833390021375,0.03222060122086989,0.09303093499771331
cremad,shared-augmentation,qmf,0.6367911851652781,1.0184301347315925,0.6025837908396361,1.1425005031617619,0.5094060736361193,1.6337268724075773,0.034207394325642015,0.12407036843016939
cremad,shared-augmentation,tmc,0.6569470572426767,0.9637313076062887,0.6149556570814297,1.053931714667178,0.5310400429991937,1.2601201564868745,0.04199140016124692,0.09020040706088939
avmnist,shared-augmentation,A7_equal_ensemble,0.9958333333333333,0.014052145135183262,0.9869907407407407,0.04392293977066698,0.9711111111111111,0.10566522904294004,0.00884259259259268,0.02987079463548372
avmnist,shared-augmentation,A8_safe_fallback,0.9955555555555555,0.013938929907938376,0.9871494708994708,0.04332951806181736,0.97,0.10541535489518868,0.008406084656084722,0.029390588153878985
avmnist,shared-augmentation,full_ensemble,0.9952777777777778,0.013759663262677139,0.9869708994708992,0.04392286940310229,0.9677777777777777,0.10936821737821371,0.008306878306878596,0.030163206140425152
avmnist,shared-augmentation,i2moe,0.9919444444444444,0.024658263138717412,0.9806613756613756,0.06196685312460884,0.9513888888888888,0.16856441296705865,0.01128306878306884,0.03730858998589143
avmnist,shared-augmentation,pdf,0.9844444444444445,0.052017637230271974,0.9727976190476191,0.10383070764009589,0.9263888888888889,0.25098369598095793,0.011646825396825378,0.051813070409823914
avmnist,shared-augmentation,qmf,0.9852777777777778,0.05495893564799802,0.9698743386243388,0.13741524597106425,0.9163888888888889,0.38819878190524093,0.015403439153439002,0.08245631032306623
avmnist,shared-augmentation,tmc,0.9863888888888889,0.04153670010342639,0.9711177248677251,0.09765549309802483,0.9291666666666667,0.2490103696852993,0.015271164021163797,0.056118792994598446
