dataset,baseline,n_clusters,nll_gain,nll_ci_low,nll_ci_high,nll_p,accuracy_gain,accuracy_ci_low,accuracy_ci_high,accuracy_p,nll_p_holm,accuracy_p_holm
mosi,coalition_dropout,31,0.0008822809153472165,6.952046583993452e-05,0.0017529312561635011,0.033,0.0014985532350256594,-0.00041973766853449555,0.0034596498558192097,0.1222,0.0744,0.4888
mosi,tmc,31,0.013229193237314614,0.002388471131860317,0.025376510993423144,0.0186,0.012321598550442316,-0.0019414701543776615,0.02725917053702914,0.0888,0.0744,0.444
mosi,qmf,31,0.028179253943877977,0.012293842307067069,0.04591282038252864,0.0,0.0075577145267648185,-0.008889260192872823,0.024952358886889046,0.372,0.0,1.0
mosi,pdf,31,0.011217144538149478,0.0018974266496150577,0.021452621579182166,0.0192,0.0025311180693414655,-0.012303084223810367,0.018403907186702397,0.741,0.0744,1.0
mosi,i2moe,31,0.01071111561944042,0.0002077304664599891,0.021477534523919355,0.0456,0.007920878794485605,-0.007620449063876683,0.024115359267648385,0.3376,0.0744,1.0
mosei,coalition_dropout,639,-3.4855965887635144e-05,-0.0006066176026902084,0.0005380704361242017,0.9146,0.0004921970908940195,-0.000562694309055236,0.0016010281904302278,0.3884,1.0,1.0
mosei,tmc,639,0.004961486623642276,-4.211814129004646e-05,0.009880578282579962,0.0534,0.004125844574150701,-0.0033296720888447238,0.011788684281956566,0.2796,0.2136,1.0
mosei,qmf,639,0.017734159519174744,0.008954197965955498,0.02687754512932922,0.0,0.0046765731673729044,-0.0024135518836239374,0.01188961154609927,0.1882,0.0,0.9410000000000001
mosei,pdf,639,0.0007690085608428644,-0.0035526021799475553,0.004893532803711474,0.6998,0.002751447784109473,-0.0027120728685438157,0.008373368731869212,0.3258,1.0,1.0
mosei,i2moe,639,-0.0001877698407648478,-0.003766167425079475,0.0032893015144035472,0.9386,-0.000503259243790054,-0.004496332430356699,0.0034738846844204856,0.8008,1.0,1.0
cremad,coalition_dropout,91,0.0,0.0,0.0,1.0,0.0,0.0,0.0,1.0,1.0,1.0
cremad,tmc,91,-0.001615735267302949,-0.01468827111128489,0.011317659647794626,0.8086,-0.022744674381388122,-0.03043335257311509,-0.014823095888564446,0.0,1.0,0.0
cremad,qmf,91,-0.0007437586233880268,-0.013944627912171,0.013707211136552804,0.8976,-0.018151399623372245,-0.024502180987525463,-0.011519337678676585,0.0,1.0,0.0
cremad,pdf,91,-0.017833176161053982,-0.029165719194658588,-0.0063521138430789725,0.0018,-0.009864665833857105,-0.017426540083792984,-0.0019317792344108135,0.0138,0.0072,0.0414
cremad,i2moe,91,0.033907787821933336,0.019607021957144876,0.04882771309383662,0.0,0.01061899676576613,0.0018841581622390355,0.019644746725405695,0.0154,0.0,0.0414
avmnist,coalition_dropout,3600,0.0,0.0,0.0,1.0,0.0,0.0,0.0,1.0,1.0,1.0
avmnist,tmc,3600,-0.06054769722069411,-0.07057782433892311,-0.050298821059591006,0.0,-0.02277777777777778,-0.02763888888888889,-0.018055555555555554,0.0,0.0,0.0
avmnist,qmf,3600,0.0180815412268676,0.010766140083305361,0.025794482632691122,0.0,0.004861111111111111,0.0001388888888888889,0.00986111111111111,0.0498,0.0,0.14939999999999998
avmnist,pdf,3600,-0.028864187684135345,-0.03638538868444754,-0.019938100169277603,0.0,-0.004166666666666667,-0.00875,0.0005555555555555556,0.0924,0.0,0.1848
avmnist,i2moe,3600,-0.04501747255031302,-0.0508164838424177,-0.03917210766830561,0.0,-0.011111111111111112,-0.015694444444444445,-0.006666666666666667,0.0,0.0,0.0
