dataset,backbone,n_clusters,nll_gain,nll_ci_low,nll_ci_high,accuracy_gain,accuracy_ci_low,accuracy_ci_high
mosi,concat,31,0.013471942420798607,-0.0025803107186667907,0.030264219873857464,0.011986441453417686,-0.006579887165913976,0.0348405080387863
mosi,tmc,31,-0.002385031689845814,-0.013324435846112993,0.00834416462726153,-0.004373091867377343,-0.01714024353685118,0.009081366920554541
mosi,qmf,31,0.00458663550195921,-0.002775571258061345,0.011526157496791279,-0.0009759443274071929,-0.013773211321270205,0.011187714485023188
mosi,pdf,31,-0.0012699292703652507,-0.005164748731839753,0.00269185260055715,0.00013636094711061913,-0.012830691555299074,0.013300643667562182
mosi,i2moe,31,0.023823864455097068,0.009350896086037022,0.037802027311994994,0.026127643181770844,0.006036222037273932,0.048027177009001255
cremad,concat,91,0.020048082129724216,0.00329509916618079,0.03497827063164706,0.009034033210327605,9.390659262289513e-05,0.01757427365578842
cremad,tmc,91,0.024670259268989466,0.019207108555394287,0.030422138947994448,0.005467729151939679,0.0012815244629536455,0.009747198236714712
cremad,qmf,91,0.021102169766018294,0.013687373333391348,0.028548883623244127,0.00608841783424582,-0.0001786863709200034,0.012736487351378235
cremad,pdf,91,0.011552688748447896,6.143629331007717e-05,0.022199788021791275,0.0052688005191214434,-0.0006296609340041094,0.011172738060842468
cremad,i2moe,91,0.007619338406030078,-0.007776978913773778,0.022125857228970196,0.002799934657016387,-0.004970149602691322,0.010650525364902767
